sa2_code,name,is_comparable,rent_2021_aud_week,erp_2020,erp_2025,population_growth_2020_2025_percent,transport_raw_index_sample,transport_coverage_fraction,selected_open_space_m2,selected_open_space_m2_per_person_sample,transport_score,spatial_method_status,rent_weekly_quality,rent_weekly_note,population_growth_quality,population_growth_note,transport_access_quality,transport_access_note,green_space_per_resident_quality,green_space_per_resident_note
206011106,Brunswick East,1,421,13064,14693,12.469381506429883,23.32583585734804,1.0,292046.0937055356,19.876546226470808,,sample_only_not_approved_for_publication,available,Historical reported rent; not current advertised rent.,available,"2025 ERP is preliminary; historical estimated change, not a forecast.",limited,Sample area-weighted raw index over covered land only. Weighting and minimum coverage are unapproved; no approved benchmark or percentile. Layer observation date unverified.,limited,Sample public-open-space filter includes sports grounds and natural open space that can include river land/water. Not confirmed vegetation or current access. Inventory completeness/date unverified. Denominator is preliminary 2025 ERP.
206011107,Brunswick West,1,365,15010,15988,6.515656229180546,18.998719242961883,1.0,232409.32997947713,14.536485487833195,,sample_only_not_approved_for_publication,available,Historical reported rent; not current advertised rent.,available,"2025 ERP is preliminary; historical estimated change, not a forecast.",limited,Sample area-weighted raw index over covered land only. Weighting and minimum coverage are unapproved; no approved benchmark or percentile. Layer observation date unverified.,limited,Sample public-open-space filter includes sports grounds and natural open space that can include river land/water. Not confirmed vegetation or current access. Inventory completeness/date unverified. Denominator is preliminary 2025 ERP.
206011109,Pascoe Vale South,1,421,10836,10907,0.6552233296419343,13.80456184549326,0.9999999999999962,203335.82322385328,18.642690311162855,,sample_only_not_approved_for_publication,available,Historical reported rent; not current advertised rent.,available,"2025 ERP is preliminary; historical estimated change, not a forecast.",limited,Sample area-weighted raw index over covered land only. Weighting and minimum coverage are unapproved; no approved benchmark or percentile. Layer observation date unverified.,limited,Sample public-open-space filter includes sports grounds and natural open space that can include river land/water. Not confirmed vegetation or current access. Inventory completeness/date unverified. Denominator is preliminary 2025 ERP.
206011495,Brunswick - North,1,431,14124,15255,8.007646559048428,27.457832526367234,1.0,10632.68568624008,0.6969967673707034,,sample_only_not_approved_for_publication,available,Historical reported rent; not current advertised rent.,available,"2025 ERP is preliminary; historical estimated change, not a forecast.",limited,Sample area-weighted raw index over covered land only. Weighting and minimum coverage are unapproved; no approved benchmark or percentile. Layer observation date unverified.,limited,Sample public-open-space filter includes sports grounds and natural open space that can include river land/water. Not confirmed vegetation or current access. Inventory completeness/date unverified. Denominator is preliminary 2025 ERP.
206011496,Brunswick - South,1,450,14235,15366,7.945205479452055,25.521286678536,0.999999999999992,229331.96603142508,14.924636602331452,,sample_only_not_approved_for_publication,available,Historical reported rent; not current advertised rent.,available,"2025 ERP is preliminary; historical estimated change, not a forecast.",limited,Sample area-weighted raw index over covered land only. Weighting and minimum coverage are unapproved; no approved benchmark or percentile. Layer observation date unverified.,limited,Sample public-open-space filter includes sports grounds and natural open space that can include river land/water. Not confirmed vegetation or current access. Inventory completeness/date unverified. Denominator is preliminary 2025 ERP.
206011497,Coburg - East,1,416,13265,14457,8.9860535243121,24.0634440653019,0.9999999999999939,418701.5718021475,28.96185735644653,,sample_only_not_approved_for_publication,available,Historical reported rent; not current advertised rent.,available,"2025 ERP is preliminary; historical estimated change, not a forecast.",limited,Sample area-weighted raw index over covered land only. Weighting and minimum coverage are unapproved; no approved benchmark or percentile. Layer observation date unverified.,limited,Sample public-open-space filter includes sports grounds and natural open space that can include river land/water. Not confirmed vegetation or current access. Inventory completeness/date unverified. Denominator is preliminary 2025 ERP.
206011498,Coburg - West,1,450,14523,14989,3.2087034359292157,17.61378988658595,1.0,70070.91105007728,4.674822273005356,,sample_only_not_approved_for_publication,available,Historical reported rent; not current advertised rent.,available,"2025 ERP is preliminary; historical estimated change, not a forecast.",limited,Sample area-weighted raw index over covered land only. Weighting and minimum coverage are unapproved; no approved benchmark or percentile. Layer observation date unverified.,limited,Sample public-open-space filter includes sports grounds and natural open space that can include river land/water. Not confirmed vegetation or current access. Inventory completeness/date unverified. Denominator is preliminary 2025 ERP.
206021110,Alphington - Fairfield,1,381,9538,9749,2.212203816313693,16.19408623229504,0.9999999999999777,255042.30327926474,26.16086811768025,,sample_only_not_approved_for_publication,available,Historical reported rent; not current advertised rent.,available,"2025 ERP is preliminary; historical estimated change, not a forecast.",limited,Sample area-weighted raw index over covered land only. Weighting and minimum coverage are unapproved; no approved benchmark or percentile. Layer observation date unverified.,limited,Sample public-open-space filter includes sports grounds and natural open space that can include river land/water. Not confirmed vegetation or current access. Inventory completeness/date unverified. Denominator is preliminary 2025 ERP.
206021112,Thornbury,1,396,19791,20234,2.238391187913698,17.993895979569764,1.0,462813.3513109946,22.873052847237055,,sample_only_not_approved_for_publication,available,Historical reported rent; not current advertised rent.,available,"2025 ERP is preliminary; historical estimated change, not a forecast.",limited,Sample area-weighted raw index over covered land only. Weighting and minimum coverage are unapproved; no approved benchmark or percentile. Layer observation date unverified.,limited,Sample public-open-space filter includes sports grounds and natural open space that can include river land/water. Not confirmed vegetation or current access. Inventory completeness/date unverified. Denominator is preliminary 2025 ERP.
206021499,Northcote - East,1,461,16183,15969,-1.322375332138664,23.918121563814257,0.999999999999992,349789.98684507643,21.90431378577722,,sample_only_not_approved_for_publication,available,Historical reported rent; not current advertised rent.,available,"2025 ERP is preliminary; historical estimated change, not a forecast.",limited,Sample area-weighted raw index over covered land only. Weighting and minimum coverage are unapproved; no approved benchmark or percentile. Layer observation date unverified.,limited,Sample public-open-space filter includes sports grounds and natural open space that can include river land/water. Not confirmed vegetation or current access. Inventory completeness/date unverified. Denominator is preliminary 2025 ERP.
206021500,Northcote - West,1,490,10887,11026,1.2767520896482043,24.28781855388002,1.0,239996.90404407727,21.766452389268753,,sample_only_not_approved_for_publication,available,Historical reported rent; not current advertised rent.,available,"2025 ERP is preliminary; historical estimated change, not a forecast.",limited,Sample area-weighted raw index over covered land only. Weighting and minimum coverage are unapproved; no approved benchmark or percentile. Layer observation date unverified.,limited,Sample public-open-space filter includes sports grounds and natural open space that can include river land/water. Not confirmed vegetation or current access. Inventory completeness/date unverified. Denominator is preliminary 2025 ERP.
206031113,Ascot Vale,1,370,15784,16398,3.8900152052711605,17.13865140169057,0.999999999999984,449257.4618794218,27.397088783962786,,sample_only_not_approved_for_publication,available,Historical reported rent; not current advertised rent.,available,"2025 ERP is preliminary; historical estimated change, not a forecast.",limited,Sample area-weighted raw index over covered land only. Weighting and minimum coverage are unapproved; no approved benchmark or percentile. Layer observation date unverified.,limited,Sample public-open-space filter includes sports grounds and natural open space that can include river land/water. Not confirmed vegetation or current access. Inventory completeness/date unverified. Denominator is preliminary 2025 ERP.
206031115,Flemington,1,324,10270,9935,-3.2619279454722494,21.561626225225535,0.9999999999999868,163614.1116879991,16.468456133668756,,sample_only_not_approved_for_publication,available,Historical reported rent; not current advertised rent.,available,"2025 ERP is preliminary; historical estimated change, not a forecast.",limited,Sample area-weighted raw index over covered land only. Weighting and minimum coverage are unapproved; no approved benchmark or percentile. Layer observation date unverified.,limited,Sample public-open-space filter includes sports grounds and natural open space that can include river land/water. Not confirmed vegetation or current access. Inventory completeness/date unverified. Denominator is preliminary 2025 ERP.
206031116,Moonee Ponds,1,400,16639,17965,7.969228920007212,21.753944913918613,0.9999999999999966,327457.6682165765,18.227535108075507,,sample_only_not_approved_for_publication,available,Historical reported rent; not current advertised rent.,available,"2025 ERP is preliminary; historical estimated change, not a forecast.",limited,Sample area-weighted raw index over covered land only. Weighting and minimum coverage are unapproved; no approved benchmark or percentile. Layer observation date unverified.,limited,Sample public-open-space filter includes sports grounds and natural open space that can include river land/water. Not confirmed vegetation or current access. Inventory completeness/date unverified. Denominator is preliminary 2025 ERP.
206031501,Essendon (West) - Aberfeldie,1,382,16920,17119,1.1761229314420805,13.215318818074609,0.9999999999999939,410373.46082754387,23.971812654217178,,sample_only_not_approved_for_publication,available,Historical reported rent; not current advertised rent.,available,"2025 ERP is preliminary; historical estimated change, not a forecast.",limited,Sample area-weighted raw index over covered land only. Weighting and minimum coverage are unapproved; no approved benchmark or percentile. Layer observation date unverified.,limited,Sample public-open-space filter includes sports grounds and natural open space that can include river land/water. Not confirmed vegetation or current access. Inventory completeness/date unverified. Denominator is preliminary 2025 ERP.
206031502,Essendon - East,1,371,12763,13196,3.392619290135548,25.609821663670097,1.0,323875.2975214139,24.54344479549969,,sample_only_not_approved_for_publication,available,Historical reported rent; not current advertised rent.,available,"2025 ERP is preliminary; historical estimated change, not a forecast.",limited,Sample area-weighted raw index over covered land only. Weighting and minimum coverage are unapproved; no approved benchmark or percentile. Layer observation date unverified.,limited,Sample public-open-space filter includes sports grounds and natural open space that can include river land/water. Not confirmed vegetation or current access. Inventory completeness/date unverified. Denominator is preliminary 2025 ERP.
206041117,Carlton,1,365,20865,25267,21.09753175173736,41.81820604886178,0.999999999999953,280199.0661233622,11.089526501894259,,sample_only_not_approved_for_publication,available,Historical reported rent; not current advertised rent.,available,"2025 ERP is preliminary; historical estimated change, not a forecast.",limited,Sample area-weighted raw index over covered land only. Weighting and minimum coverage are unapproved; no approved benchmark or percentile. Layer observation date unverified.,limited,Sample public-open-space filter includes sports grounds and natural open space that can include river land/water. Not confirmed vegetation or current access. Inventory completeness/date unverified. Denominator is preliminary 2025 ERP.
206041118,Docklands,1,411,16671,19139,14.804150920760602,32.60727261929982,0.9999999999999601,649740.8208895284,33.9485250477835,,sample_only_not_approved_for_publication,available,Historical reported rent; not current advertised rent.,available,"2025 ERP is preliminary; historical estimated change, not a forecast.",limited,Sample area-weighted raw index over covered land only. Weighting and minimum coverage are unapproved; no approved benchmark or percentile. Layer observation date unverified.,limited,Sample public-open-space filter includes sports grounds and natural open space that can include river land/water. Not confirmed vegetation or current access. Inventory completeness/date unverified. Denominator is preliminary 2025 ERP.
206041119,East Melbourne,1,480,5383,5245,-2.563626230726361,42.48085568290869,1.0,974465.5992278714,185.78943741236824,,sample_only_not_approved_for_publication,available,Historical reported rent; not current advertised rent.,available,"2025 ERP is preliminary; historical estimated change, not a forecast.",limited,Sample area-weighted raw index over covered land only. Weighting and minimum coverage are unapproved; no approved benchmark or percentile. Layer observation date unverified.,limited,Sample public-open-space filter includes sports grounds and natural open space that can include river land/water. Not confirmed vegetation or current access. Inventory completeness/date unverified. Denominator is preliminary 2025 ERP.
206041120,Flemington Racecourse,1,401,81,78,-3.7037037037037037,4.910271136261231,1.0,38168.45572551124,489.3391759680928,,sample_only_not_approved_for_publication,available,Historical reported rent; not current advertised rent.,available,"2025 ERP is preliminary; historical estimated change, not a forecast.",limited,Sample area-weighted raw index over covered land only. Weighting and minimum coverage are unapproved; no approved benchmark or percentile. Layer observation date unverified.,limited,Sample public-open-space filter includes sports grounds and natural open space that can include river land/water. Not confirmed vegetation or current access. Inventory completeness/date unverified. Denominator is preliminary 2025 ERP.
206041121,Kensington (Vic.),1,416,11416,12423,8.82095304835319,17.64861447359336,0.999999999999902,306741.0524237424,24.6913831138809,,sample_only_not_approved_for_publication,available,Historical reported rent; not current advertised rent.,available,"2025 ERP is preliminary; historical estimated change, not a forecast.",limited,Sample area-weighted raw index over covered land only. Weighting and minimum coverage are unapproved; no approved benchmark or percentile. Layer observation date unverified.,limited,Sample public-open-space filter includes sports grounds and natural open space that can include river land/water. Not confirmed vegetation or current access. Inventory completeness/date unverified. Denominator is preliminary 2025 ERP.
206041124,Parkville,1,396,8318,8280,-0.45684058667949023,15.652085339737202,1.0,1384149.5460095818,167.16781956637462,,sample_only_not_approved_for_publication,available,Historical reported rent; not current advertised rent.,available,"2025 ERP is preliminary; historical estimated change, not a forecast.",limited,Sample area-weighted raw index over covered land only. Weighting and minimum coverage are unapproved; no approved benchmark or percentile. Layer observation date unverified.,limited,Sample public-open-space filter includes sports grounds and natural open space that can include river land/water. Not confirmed vegetation or current access. Inventory completeness/date unverified. Denominator is preliminary 2025 ERP.
206041125,South Yarra - West,1,457,6960,6894,-0.9482758620689655,27.43831068206197,0.9999999999999523,412640.72687421215,59.85505176591415,,sample_only_not_approved_for_publication,available,Historical reported rent; not current advertised rent.,available,"2025 ERP is preliminary; historical estimated change, not a forecast.",limited,Sample area-weighted raw index over covered land only. Weighting and minimum coverage are unapproved; no approved benchmark or percentile. Layer observation date unverified.,limited,Sample public-open-space filter includes sports grounds and natural open space that can include river land/water. Not confirmed vegetation or current access. Inventory completeness/date unverified. Denominator is preliminary 2025 ERP.
206041127,West Melbourne - Industrial,0,,0,0,,3.7075396536068586,1.0,1031658.5414077368,,,sample_only_not_approved_for_publication,unavailable,Source G02 token is 0; median withheld. 2021 RNTD excludes zero rent and the area QuickStats reports no/very low population. This does not mean free rent.,unavailable,2020 population is zero/missing or 2025 population is missing; percentage change is undefined.,limited,Sample area-weighted raw index over covered land only. Weighting and minimum coverage are unapproved; no approved benchmark or percentile. Layer observation date unverified.,unavailable,Zero/missing 2025 population; per-resident value undefined. Sample public-open-space filter includes sports grounds and natural open space that can include river land/water. Not confirmed vegetation or current access. Inventory completeness/date unverified. Denominator is preliminary 2025 ERP.
206041503,Melbourne CBD - East,1,375,12346,14266,15.551595658512879,97.50737049466859,0.9999999999998901,5567.90094897581,0.3902916689314321,,sample_only_not_approved_for_publication,available,Historical reported rent; not current advertised rent.,available,"2025 ERP is preliminary; historical estimated change, not a forecast.",limited,Sample area-weighted raw index over covered land only. Weighting and minimum coverage are unapproved; no approved benchmark or percentile. Layer observation date unverified.,limited,Sample public-open-space filter includes sports grounds and natural open space that can include river land/water. Not confirmed vegetation or current access. Inventory completeness/date unverified. Denominator is preliminary 2025 ERP.
206041504,Melbourne CBD - North,1,361,19155,24296,26.83894544505351,88.32066947352932,1.0,6713.300142847603,0.276312979208413,,sample_only_not_approved_for_publication,available,Historical reported rent; not current advertised rent.,available,"2025 ERP is preliminary; historical estimated change, not a forecast.",limited,Sample area-weighted raw index over covered land only. Weighting and minimum coverage are unapproved; no approved benchmark or percentile. Layer observation date unverified.,limited,Sample public-open-space filter includes sports grounds and natural open space that can include river land/water. Not confirmed vegetation or current access. Inventory completeness/date unverified. Denominator is preliminary 2025 ERP.
206041505,Melbourne CBD - West,1,376,18796,22163,17.913385826771652,109.45587499920539,1.0,74829.76048114692,3.3763371601835006,,sample_only_not_approved_for_publication,available,Historical reported rent; not current advertised rent.,available,"2025 ERP is preliminary; historical estimated change, not a forecast.",limited,Sample area-weighted raw index over covered land only. Weighting and minimum coverage are unapproved; no approved benchmark or percentile. Layer observation date unverified.,limited,Sample public-open-space filter includes sports grounds and natural open space that can include river land/water. Not confirmed vegetation or current access. Inventory completeness/date unverified. Denominator is preliminary 2025 ERP.
206041506,North Melbourne,1,381,18154,19286,6.235540376776468,28.848999873941732,1.0,114254.1605893363,5.924202042379773,,sample_only_not_approved_for_publication,available,Historical reported rent; not current advertised rent.,available,"2025 ERP is preliminary; historical estimated change, not a forecast.",limited,Sample area-weighted raw index over covered land only. Weighting and minimum coverage are unapproved; no approved benchmark or percentile. Layer observation date unverified.,limited,Sample public-open-space filter includes sports grounds and natural open space that can include river land/water. Not confirmed vegetation or current access. Inventory completeness/date unverified. Denominator is preliminary 2025 ERP.
206041507,Royal Botanic Gardens Victoria,0,,0,0,,17.29259832285856,1.0,1094022.5850621013,,,sample_only_not_approved_for_publication,unavailable,Source G02 token is 0; median withheld. 2021 RNTD excludes zero rent and the area QuickStats reports no/very low population. This does not mean free rent.,unavailable,2020 population is zero/missing or 2025 population is missing; percentage change is undefined.,limited,Sample area-weighted raw index over covered land only. Weighting and minimum coverage are unapproved; no approved benchmark or percentile. Layer observation date unverified.,unavailable,Zero/missing 2025 population; per-resident value undefined. Sample public-open-space filter includes sports grounds and natural open space that can include river land/water. Not confirmed vegetation or current access. Inventory completeness/date unverified. Denominator is preliminary 2025 ERP.
206041508,Southbank (West) - South Wharf,1,430,7551,8122,7.561912329492783,40.7155285285586,1.0,91800.35889668927,11.302679007225963,,sample_only_not_approved_for_publication,available,Historical reported rent; not current advertised rent.,available,"2025 ERP is preliminary; historical estimated change, not a forecast.",limited,Sample area-weighted raw index over covered land only. Weighting and minimum coverage are unapproved; no approved benchmark or percentile. Layer observation date unverified.,limited,Sample public-open-space filter includes sports grounds and natural open space that can include river land/water. Not confirmed vegetation or current access. Inventory completeness/date unverified. Denominator is preliminary 2025 ERP.
206041509,Southbank - East,1,408,17305,19552,12.984686506789945,36.52209934369204,1.0,8537.369930367395,0.4366494440654355,,sample_only_not_approved_for_publication,available,Historical reported rent; not current advertised rent.,available,"2025 ERP is preliminary; historical estimated change, not a forecast.",limited,Sample area-weighted raw index over covered land only. Weighting and minimum coverage are unapproved; no approved benchmark or percentile. Layer observation date unverified.,limited,Sample public-open-space filter includes sports grounds and natural open space that can include river land/water. Not confirmed vegetation or current access. Inventory completeness/date unverified. Denominator is preliminary 2025 ERP.
206041510,West Melbourne - Residential,1,390,7567,9699,28.174970265627064,50.26302689593093,0.9999999999998945,86700.32481168618,8.939099372274068,,sample_only_not_approved_for_publication,available,Historical reported rent; not current advertised rent.,available,"2025 ERP is preliminary; historical estimated change, not a forecast.",limited,Sample area-weighted raw index over covered land only. Weighting and minimum coverage are unapproved; no approved benchmark or percentile. Layer observation date unverified.,limited,Sample public-open-space filter includes sports grounds and natural open space that can include river land/water. Not confirmed vegetation or current access. Inventory completeness/date unverified. Denominator is preliminary 2025 ERP.
206051128,Albert Park,1,493,16955,17253,1.7575936301975819,15.730563347618837,0.9999976806589284,1574660.5739351711,91.26879811830818,,sample_only_not_approved_for_publication,available,Historical reported rent; not current advertised rent.,available,"2025 ERP is preliminary; historical estimated change, not a forecast.",limited,Sample area-weighted raw index over covered land only. Weighting and minimum coverage are unapproved; no approved benchmark or percentile. Layer observation date unverified.,limited,Sample public-open-space filter includes sports grounds and natural open space that can include river land/water. Not confirmed vegetation or current access. Inventory completeness/date unverified. Denominator is preliminary 2025 ERP.
206051129,Elwood,1,415,15925,16056,0.8226059654631083,18.262744398108172,0.9999999999999958,365338.3401570447,22.754007234494562,,sample_only_not_approved_for_publication,available,Historical reported rent; not current advertised rent.,available,"2025 ERP is preliminary; historical estimated change, not a forecast.",limited,Sample area-weighted raw index over covered land only. Weighting and minimum coverage are unapproved; no approved benchmark or percentile. Layer observation date unverified.,limited,Sample public-open-space filter includes sports grounds and natural open space that can include river land/water. Not confirmed vegetation or current access. Inventory completeness/date unverified. Denominator is preliminary 2025 ERP.
206051130,Port Melbourne,1,522,16998,16927,-0.41769619955288856,15.232733394223612,0.9688294008545675,498202.11808355234,29.432393104717455,,sample_only_not_approved_for_publication,available,Historical reported rent; not current advertised rent.,available,"2025 ERP is preliminary; historical estimated change, not a forecast.",limited,Sample area-weighted raw index over covered land only. Weighting and minimum coverage are unapproved; no approved benchmark or percentile. Layer observation date unverified.,limited,Sample public-open-space filter includes sports grounds and natural open space that can include river land/water. Not confirmed vegetation or current access. Inventory completeness/date unverified. Denominator is preliminary 2025 ERP.
206051134,St Kilda East,1,384,17259,17380,0.7010834926704907,23.228686988356806,1.0,106597.44801438636,6.133339931782874,,sample_only_not_approved_for_publication,available,Historical reported rent; not current advertised rent.,available,"2025 ERP is preliminary; historical estimated change, not a forecast.",limited,Sample area-weighted raw index over covered land only. Weighting and minimum coverage are unapproved; no approved benchmark or percentile. Layer observation date unverified.,limited,Sample public-open-space filter includes sports grounds and natural open space that can include river land/water. Not confirmed vegetation or current access. Inventory completeness/date unverified. Denominator is preliminary 2025 ERP.
206051511,Port Melbourne Industrial,1,585,1709,3148,84.20128730251609,6.58293287988317,0.9916477821786811,781666.0229238531,248.30559813337138,,sample_only_not_approved_for_publication,available,Historical reported rent; not current advertised rent.,available,"2025 ERP is preliminary; historical estimated change, not a forecast.",limited,Sample area-weighted raw index over covered land only. Weighting and minimum coverage are unapproved; no approved benchmark or percentile. Layer observation date unverified.,limited,Sample public-open-space filter includes sports grounds and natural open space that can include river land/water. Not confirmed vegetation or current access. Inventory completeness/date unverified. Denominator is preliminary 2025 ERP.
206051512,South Melbourne,1,421,12721,13132,3.230878075622986,27.900259021561677,0.9999999999999192,38738.99991320884,2.9499695334456932,,sample_only_not_approved_for_publication,available,Historical reported rent; not current advertised rent.,available,"2025 ERP is preliminary; historical estimated change, not a forecast.",limited,Sample area-weighted raw index over covered land only. Weighting and minimum coverage are unapproved; no approved benchmark or percentile. Layer observation date unverified.,limited,Sample public-open-space filter includes sports grounds and natural open space that can include river land/water. Not confirmed vegetation or current access. Inventory completeness/date unverified. Denominator is preliminary 2025 ERP.
206051513,St Kilda - Central,1,381,13380,14012,4.723467862481315,34.59974780766686,0.9999999999999837,75738.30883664393,5.4052461345021365,,sample_only_not_approved_for_publication,available,Historical reported rent; not current advertised rent.,available,"2025 ERP is preliminary; historical estimated change, not a forecast.",limited,Sample area-weighted raw index over covered land only. Weighting and minimum coverage are unapproved; no approved benchmark or percentile. Layer observation date unverified.,limited,Sample public-open-space filter includes sports grounds and natural open space that can include river land/water. Not confirmed vegetation or current access. Inventory completeness/date unverified. Denominator is preliminary 2025 ERP.
206051514,St Kilda - West,1,392,15648,16298,4.1538854805725975,26.299277658568133,0.9999811030769293,639889.7109927052,39.26185488972298,,sample_only_not_approved_for_publication,available,Historical reported rent; not current advertised rent.,available,"2025 ERP is preliminary; historical estimated change, not a forecast.",limited,Sample area-weighted raw index over covered land only. Weighting and minimum coverage are unapproved; no approved benchmark or percentile. Layer observation date unverified.,limited,Sample public-open-space filter includes sports grounds and natural open space that can include river land/water. Not confirmed vegetation or current access. Inventory completeness/date unverified. Denominator is preliminary 2025 ERP.
206061135,Armadale,1,421,10075,10032,-0.4267990074441687,33.370942061034945,0.9999999999999878,52156.133419192294,5.198976616745643,,sample_only_not_approved_for_publication,available,Historical reported rent; not current advertised rent.,available,"2025 ERP is preliminary; historical estimated change, not a forecast.",limited,Sample area-weighted raw index over covered land only. Weighting and minimum coverage are unapproved; no approved benchmark or percentile. Layer observation date unverified.,limited,Sample public-open-space filter includes sports grounds and natural open space that can include river land/water. Not confirmed vegetation or current access. Inventory completeness/date unverified. Denominator is preliminary 2025 ERP.
206061136,Prahran - Windsor,1,421,20847,21112,1.2711661150285414,33.039198144622674,0.9999999999999755,141069.02238918253,6.681935505361052,,sample_only_not_approved_for_publication,available,Historical reported rent; not current advertised rent.,available,"2025 ERP is preliminary; historical estimated change, not a forecast.",limited,Sample area-weighted raw index over covered land only. Weighting and minimum coverage are unapproved; no approved benchmark or percentile. Layer observation date unverified.,limited,Sample public-open-space filter includes sports grounds and natural open space that can include river land/water. Not confirmed vegetation or current access. Inventory completeness/date unverified. Denominator is preliminary 2025 ERP.
206061138,Toorak,1,490,13644,13610,-0.24919378481383758,18.081832778377134,1.0,100836.8195890481,7.409024216682447,,sample_only_not_approved_for_publication,available,Historical reported rent; not current advertised rent.,available,"2025 ERP is preliminary; historical estimated change, not a forecast.",limited,Sample area-weighted raw index over covered land only. Weighting and minimum coverage are unapproved; no approved benchmark or percentile. Layer observation date unverified.,limited,Sample public-open-space filter includes sports grounds and natural open space that can include river land/water. Not confirmed vegetation or current access. Inventory completeness/date unverified. Denominator is preliminary 2025 ERP.
206061515,South Yarra - North,1,426,12223,13779,12.7300989937004,26.161577338950195,0.9999999999999383,225831.23369706704,16.389522730028816,,sample_only_not_approved_for_publication,available,Historical reported rent; not current advertised rent.,available,"2025 ERP is preliminary; historical estimated change, not a forecast.",limited,Sample area-weighted raw index over covered land only. Weighting and minimum coverage are unapproved; no approved benchmark or percentile. Layer observation date unverified.,limited,Sample public-open-space filter includes sports grounds and natural open space that can include river land/water. Not confirmed vegetation or current access. Inventory completeness/date unverified. Denominator is preliminary 2025 ERP.
206061516,South Yarra - South,1,395,11285,10440,-7.487815684536996,34.01250811375153,1.0,28800.172156805715,2.758637179770662,,sample_only_not_approved_for_publication,available,Historical reported rent; not current advertised rent.,available,"2025 ERP is preliminary; historical estimated change, not a forecast.",limited,Sample area-weighted raw index over covered land only. Weighting and minimum coverage are unapproved; no approved benchmark or percentile. Layer observation date unverified.,limited,Sample public-open-space filter includes sports grounds and natural open space that can include river land/water. Not confirmed vegetation or current access. Inventory completeness/date unverified. Denominator is preliminary 2025 ERP.
206071139,Abbotsford,1,425,9672,10316,6.658395368072788,22.88920528406035,1.0,271425.928582433,26.31116019604818,,sample_only_not_approved_for_publication,available,Historical reported rent; not current advertised rent.,available,"2025 ERP is preliminary; historical estimated change, not a forecast.",limited,Sample area-weighted raw index over covered land only. Weighting and minimum coverage are unapproved; no approved benchmark or percentile. Layer observation date unverified.,limited,Sample public-open-space filter includes sports grounds and natural open space that can include river land/water. Not confirmed vegetation or current access. Inventory completeness/date unverified. Denominator is preliminary 2025 ERP.
206071140,Carlton North - Princes Hill,1,541,8899,8828,-0.797842454208338,20.417980963950995,1.0,377336.8791565898,42.743189754937674,,sample_only_not_approved_for_publication,available,Historical reported rent; not current advertised rent.,available,"2025 ERP is preliminary; historical estimated change, not a forecast.",limited,Sample area-weighted raw index over covered land only. Weighting and minimum coverage are unapproved; no approved benchmark or percentile. Layer observation date unverified.,limited,Sample public-open-space filter includes sports grounds and natural open space that can include river land/water. Not confirmed vegetation or current access. Inventory completeness/date unverified. Denominator is preliminary 2025 ERP.
206071141,Collingwood,1,425,9969,11383,14.18397030795466,29.36626101321773,1.0,3461.740113669628,0.30411491818234454,,sample_only_not_approved_for_publication,available,Historical reported rent; not current advertised rent.,available,"2025 ERP is preliminary; historical estimated change, not a forecast.",limited,Sample area-weighted raw index over covered land only. Weighting and minimum coverage are unapproved; no approved benchmark or percentile. Layer observation date unverified.,limited,Sample public-open-space filter includes sports grounds and natural open space that can include river land/water. Not confirmed vegetation or current access. Inventory completeness/date unverified. Denominator is preliminary 2025 ERP.
206071142,Fitzroy,1,451,11299,12135,7.398884857066997,38.58783482146541,0.9999999999999841,21130.143752877222,1.7412561807068168,,sample_only_not_approved_for_publication,available,Historical reported rent; not current advertised rent.,available,"2025 ERP is preliminary; historical estimated change, not a forecast.",limited,Sample area-weighted raw index over covered land only. Weighting and minimum coverage are unapproved; no approved benchmark or percentile. Layer observation date unverified.,limited,Sample public-open-space filter includes sports grounds and natural open space that can include river land/water. Not confirmed vegetation or current access. Inventory completeness/date unverified. Denominator is preliminary 2025 ERP.
206071143,Fitzroy North,1,481,13659,13749,0.6589062156819679,30.59085722502047,0.9999999999999725,303190.320104136,22.051808866400176,,sample_only_not_approved_for_publication,available,Historical reported rent; not current advertised rent.,available,"2025 ERP is preliminary; historical estimated change, not a forecast.",limited,Sample area-weighted raw index over covered land only. Weighting and minimum coverage are unapproved; no approved benchmark or percentile. Layer observation date unverified.,limited,Sample public-open-space filter includes sports grounds and natural open space that can include river land/water. Not confirmed vegetation or current access. Inventory completeness/date unverified. Denominator is preliminary 2025 ERP.
206071145,Clifton Hill - Alphington,1,500,10163,11419,12.35855554462265,8.774623948284592,1.0,1645547.555213583,144.10609993988817,,sample_only_not_approved_for_publication,available,Historical reported rent; not current advertised rent.,available,"2025 ERP is preliminary; historical estimated change, not a forecast.",limited,Sample area-weighted raw index over covered land only. Weighting and minimum coverage are unapproved; no approved benchmark or percentile. Layer observation date unverified.,limited,Sample public-open-space filter includes sports grounds and natural open space that can include river land/water. Not confirmed vegetation or current access. Inventory completeness/date unverified. Denominator is preliminary 2025 ERP.
206071517,Richmond (South) - Cremorne,1,508,18929,19225,1.5637381795129166,24.747701260031587,0.99999999999999,639690.0280585785,33.27386361813152,,sample_only_not_approved_for_publication,available,Historical reported rent; not current advertised rent.,available,"2025 ERP is preliminary; historical estimated change, not a forecast.",limited,Sample area-weighted raw index over covered land only. Weighting and minimum coverage are unapproved; no approved benchmark or percentile. Layer observation date unverified.,limited,Sample public-open-space filter includes sports grounds and natural open space that can include river land/water. Not confirmed vegetation or current access. Inventory completeness/date unverified. Denominator is preliminary 2025 ERP.
206071518,Richmond - North,1,400,15025,15303,1.8502495840266222,24.596219424610663,0.9999999999999968,73040.84459566367,4.772975533925614,,sample_only_not_approved_for_publication,available,Historical reported rent; not current advertised rent.,available,"2025 ERP is preliminary; historical estimated change, not a forecast.",limited,Sample area-weighted raw index over covered land only. Weighting and minimum coverage are unapproved; no approved benchmark or percentile. Layer observation date unverified.,limited,Sample public-open-space filter includes sports grounds and natural open space that can include river land/water. Not confirmed vegetation or current access. Inventory completeness/date unverified. Denominator is preliminary 2025 ERP.
207011146,Ashburton (Vic.),1,455,8309,8471,1.9496931038632808,10.911468929349097,0.9999999999999979,271090.25051224063,32.002154469630575,,sample_only_not_approved_for_publication,available,Historical reported rent; not current advertised rent.,available,"2025 ERP is preliminary; historical estimated change, not a forecast.",limited,Sample area-weighted raw index over covered land only. Weighting and minimum coverage are unapproved; no approved benchmark or percentile. Layer observation date unverified.,limited,Sample public-open-space filter includes sports grounds and natural open space that can include river land/water. Not confirmed vegetation or current access. Inventory completeness/date unverified. Denominator is preliminary 2025 ERP.
207011147,Balwyn,1,461,17031,16868,-0.9570782690388115,10.433389279466223,0.9999999999999881,304033.5985244504,18.024282577925682,,sample_only_not_approved_for_publication,available,Historical reported rent; not current advertised rent.,available,"2025 ERP is preliminary; historical estimated change, not a forecast.",limited,Sample area-weighted raw index over covered land only. Weighting and minimum coverage are unapproved; no approved benchmark or percentile. Layer observation date unverified.,limited,Sample public-open-space filter includes sports grounds and natural open space that can include river land/water. Not confirmed vegetation or current access. Inventory completeness/date unverified. Denominator is preliminary 2025 ERP.
207011148,Balwyn North,1,554,21930,22454,2.389420884632923,10.50171959387267,0.9999999999999977,1042600.4657546582,46.43272760998745,,sample_only_not_approved_for_publication,available,Historical reported rent; not current advertised rent.,available,"2025 ERP is preliminary; historical estimated change, not a forecast.",limited,Sample area-weighted raw index over covered land only. Weighting and minimum coverage are unapproved; no approved benchmark or percentile. Layer observation date unverified.,limited,Sample public-open-space filter includes sports grounds and natural open space that can include river land/water. Not confirmed vegetation or current access. Inventory completeness/date unverified. Denominator is preliminary 2025 ERP.
207011149,Camberwell,1,490,22604,22052,-2.4420456556361705,16.54781056916362,1.0,435775.5096025372,19.761269254604443,,sample_only_not_approved_for_publication,available,Historical reported rent; not current advertised rent.,available,"2025 ERP is preliminary; historical estimated change, not a forecast.",limited,Sample area-weighted raw index over covered land only. Weighting and minimum coverage are unapproved; no approved benchmark or percentile. Layer observation date unverified.,limited,Sample public-open-space filter includes sports grounds and natural open space that can include river land/water. Not confirmed vegetation or current access. Inventory completeness/date unverified. Denominator is preliminary 2025 ERP.
207011150,Glen Iris - East,1,522,17375,17650,1.5827338129496402,10.382860841340714,1.0,566316.7978551966,32.08593755553522,,sample_only_not_approved_for_publication,available,Historical reported rent; not current advertised rent.,available,"2025 ERP is preliminary; historical estimated change, not a forecast.",limited,Sample area-weighted raw index over covered land only. Weighting and minimum coverage are unapproved; no approved benchmark or percentile. Layer observation date unverified.,limited,Sample public-open-space filter includes sports grounds and natural open space that can include river land/water. Not confirmed vegetation or current access. Inventory completeness/date unverified. Denominator is preliminary 2025 ERP.
207011152,Hawthorn East,1,411,16698,17541,5.048508803449515,14.449015369389443,1.0,288779.77207202354,16.46313049837658,,sample_only_not_approved_for_publication,available,Historical reported rent; not current advertised rent.,available,"2025 ERP is preliminary; historical estimated change, not a forecast.",limited,Sample area-weighted raw index over covered land only. Weighting and minimum coverage are unapproved; no approved benchmark or percentile. Layer observation date unverified.,limited,Sample public-open-space filter includes sports grounds and natural open space that can include river land/water. Not confirmed vegetation or current access. Inventory completeness/date unverified. Denominator is preliminary 2025 ERP.
207011154,Kew East,1,466,6783,6759,-0.35382574082264484,10.279340136971749,1.0,540382.0339283162,79.94999762218023,,sample_only_not_approved_for_publication,available,Historical reported rent; not current advertised rent.,available,"2025 ERP is preliminary; historical estimated change, not a forecast.",limited,Sample area-weighted raw index over covered land only. Weighting and minimum coverage are unapproved; no approved benchmark or percentile. Layer observation date unverified.,limited,Sample public-open-space filter includes sports grounds and natural open space that can include river land/water. Not confirmed vegetation or current access. Inventory completeness/date unverified. Denominator is preliminary 2025 ERP.
207011155,Surrey Hills (West) - Canterbury,1,475,16786,16229,-3.318241391635887,13.719043549178517,1.0,258049.0605551358,15.900490514211338,,sample_only_not_approved_for_publication,available,Historical reported rent; not current advertised rent.,available,"2025 ERP is preliminary; historical estimated change, not a forecast.",limited,Sample area-weighted raw index over covered land only. Weighting and minimum coverage are unapproved; no approved benchmark or percentile. Layer observation date unverified.,limited,Sample public-open-space filter includes sports grounds and natural open space that can include river land/water. Not confirmed vegetation or current access. Inventory completeness/date unverified. Denominator is preliminary 2025 ERP.
207011519,Hawthorn - North,1,401,10862,10910,0.4419075676670963,15.471163438431187,0.9999999999999452,261821.67848314994,23.998320667566446,,sample_only_not_approved_for_publication,available,Historical reported rent; not current advertised rent.,available,"2025 ERP is preliminary; historical estimated change, not a forecast.",limited,Sample area-weighted raw index over covered land only. Weighting and minimum coverage are unapproved; no approved benchmark or percentile. Layer observation date unverified.,limited,Sample public-open-space filter includes sports grounds and natural open space that can include river land/water. Not confirmed vegetation or current access. Inventory completeness/date unverified. Denominator is preliminary 2025 ERP.
207011520,Hawthorn - South,1,400,13360,13562,1.5119760479041917,19.148793493191153,1.0,251160.42928857123,18.519424073777557,,sample_only_not_approved_for_publication,available,Historical reported rent; not current advertised rent.,available,"2025 ERP is preliminary; historical estimated change, not a forecast.",limited,Sample area-weighted raw index over covered land only. Weighting and minimum coverage are unapproved; no approved benchmark or percentile. Layer observation date unverified.,limited,Sample public-open-space filter includes sports grounds and natural open space that can include river land/water. Not confirmed vegetation or current access. Inventory completeness/date unverified. Denominator is preliminary 2025 ERP.
207011521,Kew - South,1,501,12385,12306,-0.6378683891804602,14.911777688034032,0.9999999999999793,198591.36493961816,16.137767344353826,,sample_only_not_approved_for_publication,available,Historical reported rent; not current advertised rent.,available,"2025 ERP is preliminary; historical estimated change, not a forecast.",limited,Sample area-weighted raw index over covered land only. Weighting and minimum coverage are unapproved; no approved benchmark or percentile. Layer observation date unverified.,limited,Sample public-open-space filter includes sports grounds and natural open space that can include river land/water. Not confirmed vegetation or current access. Inventory completeness/date unverified. Denominator is preliminary 2025 ERP.
207011522,Kew - West,1,456,13752,13799,0.34176847004072136,8.140808500780356,1.0,1675388.4981857066,121.41376173532187,,sample_only_not_approved_for_publication,available,Historical reported rent; not current advertised rent.,available,"2025 ERP is preliminary; historical estimated change, not a forecast.",limited,Sample area-weighted raw index over covered land only. Weighting and minimum coverage are unapproved; no approved benchmark or percentile. Layer observation date unverified.,limited,Sample public-open-space filter includes sports grounds and natural open space that can include river land/water. Not confirmed vegetation or current access. Inventory completeness/date unverified. Denominator is preliminary 2025 ERP.
207021156,Bulleen,1,460,11657,11810,1.3125160847559407,5.295285938213054,1.0,1400003.5523537945,118.54390790463967,,sample_only_not_approved_for_publication,available,Historical reported rent; not current advertised rent.,available,"2025 ERP is preliminary; historical estimated change, not a forecast.",limited,Sample area-weighted raw index over covered land only. Weighting and minimum coverage are unapproved; no approved benchmark or percentile. Layer observation date unverified.,limited,Sample public-open-space filter includes sports grounds and natural open space that can include river land/water. Not confirmed vegetation or current access. Inventory completeness/date unverified. Denominator is preliminary 2025 ERP.
207021157,Doncaster,1,450,25118,28353,12.87921012819492,9.381599126664554,0.9999999999999979,943318.6322243116,33.27050513964348,,sample_only_not_approved_for_publication,available,Historical reported rent; not current advertised rent.,available,"2025 ERP is preliminary; historical estimated change, not a forecast.",limited,Sample area-weighted raw index over covered land only. Weighting and minimum coverage are unapproved; no approved benchmark or percentile. Layer observation date unverified.,limited,Sample public-open-space filter includes sports grounds and natural open space that can include river land/water. Not confirmed vegetation or current access. Inventory completeness/date unverified. Denominator is preliminary 2025 ERP.
207021159,Templestowe,1,513,17548,17442,-0.6040574424435833,4.487357531041087,0.9999999999999977,5432994.208180471,311.4891760222722,,sample_only_not_approved_for_publication,available,Historical reported rent; not current advertised rent.,available,"2025 ERP is preliminary; historical estimated change, not a forecast.",limited,Sample area-weighted raw index over covered land only. Weighting and minimum coverage are unapproved; no approved benchmark or percentile. Layer observation date unverified.,limited,Sample public-open-space filter includes sports grounds and natural open space that can include river land/water. Not confirmed vegetation or current access. Inventory completeness/date unverified. Denominator is preliminary 2025 ERP.
207021160,Templestowe Lower,1,475,14581,14695,0.7818393800150881,7.870961377855042,1.0,910441.5189354914,61.95587063188101,,sample_only_not_approved_for_publication,available,Historical reported rent; not current advertised rent.,available,"2025 ERP is preliminary; historical estimated change, not a forecast.",limited,Sample area-weighted raw index over covered land only. Weighting and minimum coverage are unapproved; no approved benchmark or percentile. Layer observation date unverified.,limited,Sample public-open-space filter includes sports grounds and natural open space that can include river land/water. Not confirmed vegetation or current access. Inventory completeness/date unverified. Denominator is preliminary 2025 ERP.
207021424,Doncaster East - North,1,497,16144,16642,3.084737363726462,7.335021633532893,0.9999999999999967,677020.0495460674,40.6814114617274,,sample_only_not_approved_for_publication,available,Historical reported rent; not current advertised rent.,available,"2025 ERP is preliminary; historical estimated change, not a forecast.",limited,Sample area-weighted raw index over covered land only. Weighting and minimum coverage are unapproved; no approved benchmark or percentile. Layer observation date unverified.,limited,Sample public-open-space filter includes sports grounds and natural open space that can include river land/water. Not confirmed vegetation or current access. Inventory completeness/date unverified. Denominator is preliminary 2025 ERP.
207021425,Doncaster East - South,1,460,15942,16983,6.5299209634926605,10.46627034120912,1.0,266596.6209571999,15.697852025978914,,sample_only_not_approved_for_publication,available,Historical reported rent; not current advertised rent.,available,"2025 ERP is preliminary; historical estimated change, not a forecast.",limited,Sample area-weighted raw index over covered land only. Weighting and minimum coverage are unapproved; no approved benchmark or percentile. Layer observation date unverified.,limited,Sample public-open-space filter includes sports grounds and natural open space that can include river land/water. Not confirmed vegetation or current access. Inventory completeness/date unverified. Denominator is preliminary 2025 ERP.
207031161,Blackburn,1,420,23032,23732,3.0392497394928797,13.24388518841079,0.9999999999999961,949357.0136360738,40.003245138887316,,sample_only_not_approved_for_publication,available,Historical reported rent; not current advertised rent.,available,"2025 ERP is preliminary; historical estimated change, not a forecast.",limited,Sample area-weighted raw index over covered land only. Weighting and minimum coverage are unapproved; no approved benchmark or percentile. Layer observation date unverified.,limited,Sample public-open-space filter includes sports grounds and natural open space that can include river land/water. Not confirmed vegetation or current access. Inventory completeness/date unverified. Denominator is preliminary 2025 ERP.
207031162,Blackburn South,1,410,11342,11072,-2.3805325339446304,7.8831504320180255,1.0,322676.3621956277,29.14345756824672,,sample_only_not_approved_for_publication,available,Historical reported rent; not current advertised rent.,available,"2025 ERP is preliminary; historical estimated change, not a forecast.",limited,Sample area-weighted raw index over covered land only. Weighting and minimum coverage are unapproved; no approved benchmark or percentile. Layer observation date unverified.,limited,Sample public-open-space filter includes sports grounds and natural open space that can include river land/water. Not confirmed vegetation or current access. Inventory completeness/date unverified. Denominator is preliminary 2025 ERP.
207031163,Box Hill,1,391,24118,27206,12.803715067584378,17.33984700232881,1.0,583117.8647251654,21.433428829124658,,sample_only_not_approved_for_publication,available,Historical reported rent; not current advertised rent.,available,"2025 ERP is preliminary; historical estimated change, not a forecast.",limited,Sample area-weighted raw index over covered land only. Weighting and minimum coverage are unapproved; no approved benchmark or percentile. Layer observation date unverified.,limited,Sample public-open-space filter includes sports grounds and natural open space that can include river land/water. Not confirmed vegetation or current access. Inventory completeness/date unverified. Denominator is preliminary 2025 ERP.
207031164,Box Hill North,1,438,18903,19760,4.533671903930593,11.902899279893196,0.9999999999999862,612637.0920432985,31.00390141919527,,sample_only_not_approved_for_publication,available,Historical reported rent; not current advertised rent.,available,"2025 ERP is preliminary; historical estimated change, not a forecast.",limited,Sample area-weighted raw index over covered land only. Weighting and minimum coverage are unapproved; no approved benchmark or percentile. Layer observation date unverified.,limited,Sample public-open-space filter includes sports grounds and natural open space that can include river land/water. Not confirmed vegetation or current access. Inventory completeness/date unverified. Denominator is preliminary 2025 ERP.
207031165,Burwood (Vic.),1,401,13468,15480,14.939114939114939,11.718004329401593,1.0,709672.6574857825,45.84448691768621,,sample_only_not_approved_for_publication,available,Historical reported rent; not current advertised rent.,available,"2025 ERP is preliminary; historical estimated change, not a forecast.",limited,Sample area-weighted raw index over covered land only. Weighting and minimum coverage are unapproved; no approved benchmark or percentile. Layer observation date unverified.,limited,Sample public-open-space filter includes sports grounds and natural open space that can include river land/water. Not confirmed vegetation or current access. Inventory completeness/date unverified. Denominator is preliminary 2025 ERP.
207031166,Burwood East,1,439,11053,12460,12.72957568081064,10.816788672502796,1.0,349843.0960985788,28.07729503198867,,sample_only_not_approved_for_publication,available,Historical reported rent; not current advertised rent.,available,"2025 ERP is preliminary; historical estimated change, not a forecast.",limited,Sample area-weighted raw index over covered land only. Weighting and minimum coverage are unapproved; no approved benchmark or percentile. Layer observation date unverified.,limited,Sample public-open-space filter includes sports grounds and natural open space that can include river land/water. Not confirmed vegetation or current access. Inventory completeness/date unverified. Denominator is preliminary 2025 ERP.
207031167,Surrey Hills (East) - Mont Albert,1,462,10666,10776,1.0313144571535722,10.783235219562064,0.9999999999999925,61842.83440817543,5.738941574626525,,sample_only_not_approved_for_publication,available,Historical reported rent; not current advertised rent.,available,"2025 ERP is preliminary; historical estimated change, not a forecast.",limited,Sample area-weighted raw index over covered land only. Weighting and minimum coverage are unapproved; no approved benchmark or percentile. Layer observation date unverified.,limited,Sample public-open-space filter includes sports grounds and natural open space that can include river land/water. Not confirmed vegetation or current access. Inventory completeness/date unverified. Denominator is preliminary 2025 ERP.
208011168,Beaumaris,1,612,14362,14486,0.8633895000696282,6.729846330655234,0.9998674060400601,446268.5156140516,30.806883585120225,,sample_only_not_approved_for_publication,available,Historical reported rent; not current advertised rent.,available,"2025 ERP is preliminary; historical estimated change, not a forecast.",limited,Sample area-weighted raw index over covered land only. Weighting and minimum coverage are unapproved; no approved benchmark or percentile. Layer observation date unverified.,limited,Sample public-open-space filter includes sports grounds and natural open space that can include river land/water. Not confirmed vegetation or current access. Inventory completeness/date unverified. Denominator is preliminary 2025 ERP.
208011169,Brighton (Vic.),1,600,24136,24340,0.8452104739807756,13.688475702074141,0.9999715090632872,636440.740956547,26.147935125577114,,sample_only_not_approved_for_publication,available,Historical reported rent; not current advertised rent.,available,"2025 ERP is preliminary; historical estimated change, not a forecast.",limited,Sample area-weighted raw index over covered land only. Weighting and minimum coverage are unapproved; no approved benchmark or percentile. Layer observation date unverified.,limited,Sample public-open-space filter includes sports grounds and natural open space that can include river land/water. Not confirmed vegetation or current access. Inventory completeness/date unverified. Denominator is preliminary 2025 ERP.
208011170,Brighton East,1,602,17010,17486,2.7983539094650207,7.264435081590204,0.9999999999999887,391694.7136812267,22.400475447856955,,sample_only_not_approved_for_publication,available,Historical reported rent; not current advertised rent.,available,"2025 ERP is preliminary; historical estimated change, not a forecast.",limited,Sample area-weighted raw index over covered land only. Weighting and minimum coverage are unapproved; no approved benchmark or percentile. Layer observation date unverified.,limited,Sample public-open-space filter includes sports grounds and natural open space that can include river land/water. Not confirmed vegetation or current access. Inventory completeness/date unverified. Denominator is preliminary 2025 ERP.
208011171,Highett (West) - Cheltenham,1,450,12601,13257,5.205936036822474,7.138713620778004,1.0,172708.75962502262,13.027740787887351,,sample_only_not_approved_for_publication,available,Historical reported rent; not current advertised rent.,available,"2025 ERP is preliminary; historical estimated change, not a forecast.",limited,Sample area-weighted raw index over covered land only. Weighting and minimum coverage are unapproved; no approved benchmark or percentile. Layer observation date unverified.,limited,Sample public-open-space filter includes sports grounds and natural open space that can include river land/water. Not confirmed vegetation or current access. Inventory completeness/date unverified. Denominator is preliminary 2025 ERP.
208011172,Hampton,1,471,18997,19524,2.774122229825762,9.397140702354141,0.971254783217642,526389.5760516659,26.96115427431192,,sample_only_not_approved_for_publication,available,Historical reported rent; not current advertised rent.,available,"2025 ERP is preliminary; historical estimated change, not a forecast.",limited,Sample area-weighted raw index over covered land only. Weighting and minimum coverage are unapproved; no approved benchmark or percentile. Layer observation date unverified.,limited,Sample public-open-space filter includes sports grounds and natural open space that can include river land/water. Not confirmed vegetation or current access. Inventory completeness/date unverified. Denominator is preliminary 2025 ERP.
208011173,Sandringham - Black Rock,1,486,17912,18071,0.8876730683340777,7.941298503502384,0.9994443244480857,761233.0804770276,42.12456867229415,,sample_only_not_approved_for_publication,available,Historical reported rent; not current advertised rent.,available,"2025 ERP is preliminary; historical estimated change, not a forecast.",limited,Sample area-weighted raw index over covered land only. Weighting and minimum coverage are unapproved; no approved benchmark or percentile. Layer observation date unverified.,limited,Sample public-open-space filter includes sports grounds and natural open space that can include river land/water. Not confirmed vegetation or current access. Inventory completeness/date unverified. Denominator is preliminary 2025 ERP.
208021174,Bentleigh - McKinnon,1,491,25447,26966,5.969269462019098,11.470566495013632,1.0,273858.1373847389,10.155682614579058,,sample_only_not_approved_for_publication,available,Historical reported rent; not current advertised rent.,available,"2025 ERP is preliminary; historical estimated change, not a forecast.",limited,Sample area-weighted raw index over covered land only. Weighting and minimum coverage are unapproved; no approved benchmark or percentile. Layer observation date unverified.,limited,Sample public-open-space filter includes sports grounds and natural open space that can include river land/water. Not confirmed vegetation or current access. Inventory completeness/date unverified. Denominator is preliminary 2025 ERP.
208021176,Carnegie,1,395,19676,21266,8.080910754218337,18.93142270291558,1.0,189174.76103830495,8.89564379941244,,sample_only_not_approved_for_publication,available,Historical reported rent; not current advertised rent.,available,"2025 ERP is preliminary; historical estimated change, not a forecast.",limited,Sample area-weighted raw index over covered land only. Weighting and minimum coverage are unapproved; no approved benchmark or percentile. Layer observation date unverified.,limited,Sample public-open-space filter includes sports grounds and natural open space that can include river land/water. Not confirmed vegetation or current access. Inventory completeness/date unverified. Denominator is preliminary 2025 ERP.
208021177,Caulfield - North,1,426,23399,24635,5.282277020385487,19.496701203011582,0.9999999999999863,360409.1746565491,14.629964467487278,,sample_only_not_approved_for_publication,available,Historical reported rent; not current advertised rent.,available,"2025 ERP is preliminary; historical estimated change, not a forecast.",limited,Sample area-weighted raw index over covered land only. Weighting and minimum coverage are unapproved; no approved benchmark or percentile. Layer observation date unverified.,limited,Sample public-open-space filter includes sports grounds and natural open space that can include river land/water. Not confirmed vegetation or current access. Inventory completeness/date unverified. Denominator is preliminary 2025 ERP.
208021178,Caulfield - South,1,483,18714,19226,2.7359196323607993,16.531429348441755,1.0,145108.29063968765,7.5475028939814655,,sample_only_not_approved_for_publication,available,Historical reported rent; not current advertised rent.,available,"2025 ERP is preliminary; historical estimated change, not a forecast.",limited,Sample area-weighted raw index over covered land only. Weighting and minimum coverage are unapproved; no approved benchmark or percentile. Layer observation date unverified.,limited,Sample public-open-space filter includes sports grounds and natural open space that can include river land/water. Not confirmed vegetation or current access. Inventory completeness/date unverified. Denominator is preliminary 2025 ERP.
208021179,Elsternwick,1,426,12509,12827,2.54216963786074,20.786940583426038,1.0,38654.52472455892,3.013528083305443,,sample_only_not_approved_for_publication,available,Historical reported rent; not current advertised rent.,available,"2025 ERP is preliminary; historical estimated change, not a forecast.",limited,Sample area-weighted raw index over covered land only. Weighting and minimum coverage are unapproved; no approved benchmark or percentile. Layer observation date unverified.,limited,Sample public-open-space filter includes sports grounds and natural open space that can include river land/water. Not confirmed vegetation or current access. Inventory completeness/date unverified. Denominator is preliminary 2025 ERP.
208021180,Hughesdale,1,416,7957,8132,2.1993213522684427,16.58886369296383,0.999999999999997,35131.3959447508,4.320142147657502,,sample_only_not_approved_for_publication,available,Historical reported rent; not current advertised rent.,available,"2025 ERP is preliminary; historical estimated change, not a forecast.",limited,Sample area-weighted raw index over covered land only. Weighting and minimum coverage are unapproved; no approved benchmark or percentile. Layer observation date unverified.,limited,Sample public-open-space filter includes sports grounds and natural open space that can include river land/water. Not confirmed vegetation or current access. Inventory completeness/date unverified. Denominator is preliminary 2025 ERP.
208021181,Murrumbeena,1,390,9771,10126,3.633200286562276,15.254562078687837,0.9999999999999953,215371.56579254527,21.269165099007036,,sample_only_not_approved_for_publication,available,Historical reported rent; not current advertised rent.,available,"2025 ERP is preliminary; historical estimated change, not a forecast.",limited,Sample area-weighted raw index over covered land only. Weighting and minimum coverage are unapproved; no approved benchmark or percentile. Layer observation date unverified.,limited,Sample public-open-space filter includes sports grounds and natural open space that can include river land/water. Not confirmed vegetation or current access. Inventory completeness/date unverified. Denominator is preliminary 2025 ERP.
208021182,Ormond - Glen Huntly,1,391,14198,15157,6.754472460909987,17.52576458962263,1.0,98346.9236459872,6.488548106220704,,sample_only_not_approved_for_publication,available,Historical reported rent; not current advertised rent.,available,"2025 ERP is preliminary; historical estimated change, not a forecast.",limited,Sample area-weighted raw index over covered land only. Weighting and minimum coverage are unapproved; no approved benchmark or percentile. Layer observation date unverified.,limited,Sample public-open-space filter includes sports grounds and natural open space that can include river land/water. Not confirmed vegetation or current access. Inventory completeness/date unverified. Denominator is preliminary 2025 ERP.
208021426,Bentleigh East - North,1,508,16815,17873,6.292001189414213,8.898080040938801,1.0,151330.6388063685,8.466997079749817,,sample_only_not_approved_for_publication,available,Historical reported rent; not current advertised rent.,available,"2025 ERP is preliminary; historical estimated change, not a forecast.",limited,Sample area-weighted raw index over covered land only. Weighting and minimum coverage are unapproved; no approved benchmark or percentile. Layer observation date unverified.,limited,Sample public-open-space filter includes sports grounds and natural open space that can include river land/water. Not confirmed vegetation or current access. Inventory completeness/date unverified. Denominator is preliminary 2025 ERP.
208021427,Bentleigh East - South,1,490,14127,14949,5.818645147589722,7.812848208324401,0.9999999999999872,188288.3254017589,12.595379316459889,,sample_only_not_approved_for_publication,available,Historical reported rent; not current advertised rent.,available,"2025 ERP is preliminary; historical estimated change, not a forecast.",limited,Sample area-weighted raw index over covered land only. Weighting and minimum coverage are unapproved; no approved benchmark or percentile. Layer observation date unverified.,limited,Sample public-open-space filter includes sports grounds and natural open space that can include river land/water. Not confirmed vegetation or current access. Inventory completeness/date unverified. Denominator is preliminary 2025 ERP.
208031183,Aspendale Gardens - Waterways,1,510,9188,9063,-1.3604701784936875,1.9948937469600392,1.0,1936136.5409165332,213.63086626023758,,sample_only_not_approved_for_publication,available,Historical reported rent; not current advertised rent.,available,"2025 ERP is preliminary; historical estimated change, not a forecast.",limited,Sample area-weighted raw index over covered land only. Weighting and minimum coverage are unapproved; no approved benchmark or percentile. Layer observation date unverified.,limited,Sample public-open-space filter includes sports grounds and natural open space that can include river land/water. Not confirmed vegetation or current access. Inventory completeness/date unverified. Denominator is preliminary 2025 ERP.
208031184,Braeside,1,504,34,28,-17.647058823529413,1.504529118775514,0.9999999999999795,3328669.3981455527,118881.04993376974,,sample_only_not_approved_for_publication,available,Historical reported rent; not current advertised rent.,available,"2025 ERP is preliminary; historical estimated change, not a forecast.",limited,Sample area-weighted raw index over covered land only. Weighting and minimum coverage are unapproved; no approved benchmark or percentile. Layer observation date unverified.,limited,Sample public-open-space filter includes sports grounds and natural open space that can include river land/water. Not confirmed vegetation or current access. Inventory completeness/date unverified. Denominator is preliminary 2025 ERP.
208031185,Carrum - Patterson Lakes,1,420,12269,12478,1.7034803162441927,3.395946478049789,0.9999325484576653,1240547.1046163465,99.41874536114334,,sample_only_not_approved_for_publication,available,Historical reported rent; not current advertised rent.,available,"2025 ERP is preliminary; historical estimated change, not a forecast.",limited,Sample area-weighted raw index over covered land only. Weighting and minimum coverage are unapproved; no approved benchmark or percentile. Layer observation date unverified.,limited,Sample public-open-space filter includes sports grounds and natural open space that can include river land/water. Not confirmed vegetation or current access. Inventory completeness/date unverified. Denominator is preliminary 2025 ERP.
208031186,Chelsea - Bonbeach,1,381,15426,16058,4.0969791261506545,5.2389628402716175,1.0,907922.6612721244,56.54020807523505,,sample_only_not_approved_for_publication,available,Historical reported rent; not current advertised rent.,available,"2025 ERP is preliminary; historical estimated change, not a forecast.",limited,Sample area-weighted raw index over covered land only. Weighting and minimum coverage are unapproved; no approved benchmark or percentile. Layer observation date unverified.,limited,Sample public-open-space filter includes sports grounds and natural open space that can include river land/water. Not confirmed vegetation or current access. Inventory completeness/date unverified. Denominator is preliminary 2025 ERP.
208031187,Chelsea Heights,1,412,5562,5445,-2.103559870550162,4.155572312568627,0.9999999999999882,836042.0526806759,153.54307670903137,,sample_only_not_approved_for_publication,available,Historical reported rent; not current advertised rent.,available,"2025 ERP is preliminary; historical estimated change, not a forecast.",limited,Sample area-weighted raw index over covered land only. Weighting and minimum coverage are unapproved; no approved benchmark or percentile. Layer observation date unverified.,limited,Sample public-open-space filter includes sports grounds and natural open space that can include river land/water. Not confirmed vegetation or current access. Inventory completeness/date unverified. Denominator is preliminary 2025 ERP.
208031188,Highett (East) - Cheltenham,1,421,24808,26320,6.094808126410835,7.611379595623379,1.0,673595.6845996825,25.59254120819462,,sample_only_not_approved_for_publication,available,Historical reported rent; not current advertised rent.,available,"2025 ERP is preliminary; historical estimated change, not a forecast.",limited,Sample area-weighted raw index over covered land only. Weighting and minimum coverage are unapproved; no approved benchmark or percentile. Layer observation date unverified.,limited,Sample public-open-space filter includes sports grounds and natural open space that can include river land/water. Not confirmed vegetation or current access. Inventory completeness/date unverified. Denominator is preliminary 2025 ERP.
208031189,Edithvale - Aspendale,1,440,13778,14365,4.2604151545942806,5.121897093738634,0.99983716254873,704970.8646156392,49.07559099308313,,sample_only_not_approved_for_publication,available,Historical reported rent; not current advertised rent.,available,"2025 ERP is preliminary; historical estimated change, not a forecast.",limited,Sample area-weighted raw index over covered land only. Weighting and minimum coverage are unapproved; no approved benchmark or percentile. Layer observation date unverified.,limited,Sample public-open-space filter includes sports grounds and natural open space that can include river land/water. Not confirmed vegetation or current access. Inventory completeness/date unverified. Denominator is preliminary 2025 ERP.
208031190,Mentone,1,392,13856,14155,2.1579099307159355,10.197958115922768,0.9999999999999531,276175.70857038366,19.51082363619807,,sample_only_not_approved_for_publication,available,Historical reported rent; not current advertised rent.,available,"2025 ERP is preliminary; historical estimated change, not a forecast.",limited,Sample area-weighted raw index over covered land only. Weighting and minimum coverage are unapproved; no approved benchmark or percentile. Layer observation date unverified.,limited,Sample public-open-space filter includes sports grounds and natural open space that can include river land/water. Not confirmed vegetation or current access. Inventory completeness/date unverified. Denominator is preliminary 2025 ERP.
208031191,Moorabbin - Heatherton,1,440,9450,9826,3.9788359788359786,3.585351187994423,0.9999999999999937,742692.093759166,75.58437754520313,,sample_only_not_approved_for_publication,available,Historical reported rent; not current advertised rent.,available,"2025 ERP is preliminary; historical estimated change, not a forecast.",limited,Sample area-weighted raw index over covered land only. Weighting and minimum coverage are unapproved; no approved benchmark or percentile. Layer observation date unverified.,limited,Sample public-open-space filter includes sports grounds and natural open space that can include river land/water. Not confirmed vegetation or current access. Inventory completeness/date unverified. Denominator is preliminary 2025 ERP.
208031192,Moorabbin Airport,1,486,21,26,23.80952380952381,1.1740305100163637,1.0,0.0,,,sample_only_not_approved_for_publication,available,Historical reported rent; not current advertised rent.,available,"2025 ERP is preliminary; historical estimated change, not a forecast.",limited,Sample area-weighted raw index over covered land only. Weighting and minimum coverage are unapproved; no approved benchmark or percentile. Layer observation date unverified.,unavailable,"No selected open-space polygon intersects this SA2; inventory coverage is unknown, so no zero is asserted. Sample public-open-space filter includes sports grounds and natural open space that can include river land/water. Not confirmed vegetation or current access. Inventory completeness/date unverified. Denominator is preliminary 2025 ERP."
208031193,Mordialloc - Parkdale,1,400,21782,22437,3.0070700578459277,6.565238602786969,0.9999999999999712,697854.2124750073,31.102830702634368,,sample_only_not_approved_for_publication,available,Historical reported rent; not current advertised rent.,available,"2025 ERP is preliminary; historical estimated change, not a forecast.",limited,Sample area-weighted raw index over covered land only. Weighting and minimum coverage are unapproved; no approved benchmark or percentile. Layer observation date unverified.,limited,Sample public-open-space filter includes sports grounds and natural open space that can include river land/water. Not confirmed vegetation or current access. Inventory completeness/date unverified. Denominator is preliminary 2025 ERP.
208041194,Malvern - Glen Iris,1,410,21457,21820,1.6917556042317192,17.866004948994174,0.9999999999999968,449608.4608852494,20.605337345795117,,sample_only_not_approved_for_publication,available,Historical reported rent; not current advertised rent.,available,"2025 ERP is preliminary; historical estimated change, not a forecast.",limited,Sample area-weighted raw index over covered land only. Weighting and minimum coverage are unapproved; no approved benchmark or percentile. Layer observation date unverified.,limited,Sample public-open-space filter includes sports grounds and natural open space that can include river land/water. Not confirmed vegetation or current access. Inventory completeness/date unverified. Denominator is preliminary 2025 ERP.
208041195,Malvern East,1,421,23079,23996,3.97330906885047,12.617256448720148,0.9999999999999896,537502.2335632921,22.39965967508302,,sample_only_not_approved_for_publication,available,Historical reported rent; not current advertised rent.,available,"2025 ERP is preliminary; historical estimated change, not a forecast.",limited,Sample area-weighted raw index over covered land only. Weighting and minimum coverage are unapproved; no approved benchmark or percentile. Layer observation date unverified.,limited,Sample public-open-space filter includes sports grounds and natural open space that can include river land/water. Not confirmed vegetation or current access. Inventory completeness/date unverified. Denominator is preliminary 2025 ERP.
209011196,Bundoora - East,1,385,10295,10339,0.42739193783389995,6.1882477995788285,0.9999999999999253,347341.4697706172,33.59526741180164,,sample_only_not_approved_for_publication,available,Historical reported rent; not current advertised rent.,available,"2025 ERP is preliminary; historical estimated change, not a forecast.",limited,Sample area-weighted raw index over covered land only. Weighting and minimum coverage are unapproved; no approved benchmark or percentile. Layer observation date unverified.,limited,Sample public-open-space filter includes sports grounds and natural open space that can include river land/water. Not confirmed vegetation or current access. Inventory completeness/date unverified. Denominator is preliminary 2025 ERP.
209011197,Greensborough,1,400,21373,21386,0.06082440462265475,6.353244736584975,0.9999999999999744,1252178.5346553966,58.551320240128895,,sample_only_not_approved_for_publication,available,Historical reported rent; not current advertised rent.,available,"2025 ERP is preliminary; historical estimated change, not a forecast.",limited,Sample area-weighted raw index over covered land only. Weighting and minimum coverage are unapproved; no approved benchmark or percentile. Layer observation date unverified.,limited,Sample public-open-space filter includes sports grounds and natural open space that can include river land/water. Not confirmed vegetation or current access. Inventory completeness/date unverified. Denominator is preliminary 2025 ERP.
209011198,Heidelberg - Rosanna,1,401,16650,16925,1.6516516516516517,9.449927718715863,1.0,928026.6631232474,54.83170830861137,,sample_only_not_approved_for_publication,available,Historical reported rent; not current advertised rent.,available,"2025 ERP is preliminary; historical estimated change, not a forecast.",limited,Sample area-weighted raw index over covered land only. Weighting and minimum coverage are unapproved; no approved benchmark or percentile. Layer observation date unverified.,limited,Sample public-open-space filter includes sports grounds and natural open space that can include river land/water. Not confirmed vegetation or current access. Inventory completeness/date unverified. Denominator is preliminary 2025 ERP.
209011199,Heidelberg West,1,353,15540,17224,10.836550836550837,10.765244022694793,0.9999999999999908,757677.9017180032,43.9896598768,,sample_only_not_approved_for_publication,available,Historical reported rent; not current advertised rent.,available,"2025 ERP is preliminary; historical estimated change, not a forecast.",limited,Sample area-weighted raw index over covered land only. Weighting and minimum coverage are unapproved; no approved benchmark or percentile. Layer observation date unverified.,limited,Sample public-open-space filter includes sports grounds and natural open space that can include river land/water. Not confirmed vegetation or current access. Inventory completeness/date unverified. Denominator is preliminary 2025 ERP.
209011200,Ivanhoe,1,440,12883,13188,2.367460995109835,11.11807811626488,0.9999999999999716,697081.2325306413,52.85723631563855,,sample_only_not_approved_for_publication,available,Historical reported rent; not current advertised rent.,available,"2025 ERP is preliminary; historical estimated change, not a forecast.",limited,Sample area-weighted raw index over covered land only. Weighting and minimum coverage are unapproved; no approved benchmark or percentile. Layer observation date unverified.,limited,Sample public-open-space filter includes sports grounds and natural open space that can include river land/water. Not confirmed vegetation or current access. Inventory completeness/date unverified. Denominator is preliminary 2025 ERP.
209011201,Ivanhoe East - Eaglemont,1,451,7984,8169,2.317134268537074,6.551490580948878,1.0,958096.6884258594,117.28445200463453,,sample_only_not_approved_for_publication,available,Historical reported rent; not current advertised rent.,available,"2025 ERP is preliminary; historical estimated change, not a forecast.",limited,Sample area-weighted raw index over covered land only. Weighting and minimum coverage are unapproved; no approved benchmark or percentile. Layer observation date unverified.,limited,Sample public-open-space filter includes sports grounds and natural open space that can include river land/water. Not confirmed vegetation or current access. Inventory completeness/date unverified. Denominator is preliminary 2025 ERP.
209011202,Montmorency - Briar Hill,1,415,16905,17042,0.8104111209701271,3.8491112281313984,1.0,1482781.7166974603,87.00749423174864,,sample_only_not_approved_for_publication,available,Historical reported rent; not current advertised rent.,available,"2025 ERP is preliminary; historical estimated change, not a forecast.",limited,Sample area-weighted raw index over covered land only. Weighting and minimum coverage are unapproved; no approved benchmark or percentile. Layer observation date unverified.,limited,Sample public-open-space filter includes sports grounds and natural open space that can include river land/water. Not confirmed vegetation or current access. Inventory completeness/date unverified. Denominator is preliminary 2025 ERP.
209011203,Viewbank - Yallambie,1,400,19188,18993,-1.016260162601626,3.9629480721358834,0.9999999999999843,2116899.918040504,111.45684820936683,,sample_only_not_approved_for_publication,available,Historical reported rent; not current advertised rent.,available,"2025 ERP is preliminary; historical estimated change, not a forecast.",limited,Sample area-weighted raw index over covered land only. Weighting and minimum coverage are unapproved; no approved benchmark or percentile. Layer observation date unverified.,limited,Sample public-open-space filter includes sports grounds and natural open space that can include river land/water. Not confirmed vegetation or current access. Inventory completeness/date unverified. Denominator is preliminary 2025 ERP.
209011204,Watsonia,1,390,9476,9504,0.29548332629801605,8.41199596235031,1.0,358855.251349605,37.75833873627999,,sample_only_not_approved_for_publication,available,Historical reported rent; not current advertised rent.,available,"2025 ERP is preliminary; historical estimated change, not a forecast.",limited,Sample area-weighted raw index over covered land only. Weighting and minimum coverage are unapproved; no approved benchmark or percentile. Layer observation date unverified.,limited,Sample public-open-space filter includes sports grounds and natural open space that can include river land/water. Not confirmed vegetation or current access. Inventory completeness/date unverified. Denominator is preliminary 2025 ERP.
209021205,Kingsbury,1,369,11525,12932,12.20824295010846,4.725187306506631,1.0,1744486.3109516718,134.8968690807046,,sample_only_not_approved_for_publication,available,Historical reported rent; not current advertised rent.,available,"2025 ERP is preliminary; historical estimated change, not a forecast.",limited,Sample area-weighted raw index over covered land only. Weighting and minimum coverage are unapproved; no approved benchmark or percentile. Layer observation date unverified.,limited,Sample public-open-space filter includes sports grounds and natural open space that can include river land/water. Not confirmed vegetation or current access. Inventory completeness/date unverified. Denominator is preliminary 2025 ERP.
209021428,Preston - East,1,391,21746,23403,7.619792145681965,17.94806836419761,1.0,352224.7571985144,15.05041051140941,,sample_only_not_approved_for_publication,available,Historical reported rent; not current advertised rent.,available,"2025 ERP is preliminary; historical estimated change, not a forecast.",limited,Sample area-weighted raw index over covered land only. Weighting and minimum coverage are unapproved; no approved benchmark or percentile. Layer observation date unverified.,limited,Sample public-open-space filter includes sports grounds and natural open space that can include river land/water. Not confirmed vegetation or current access. Inventory completeness/date unverified. Denominator is preliminary 2025 ERP.
209021429,Preston - West,1,400,13278,13610,2.500376562735352,15.710724910975244,1.0,167793.00319925105,12.328655635507058,,sample_only_not_approved_for_publication,available,Historical reported rent; not current advertised rent.,available,"2025 ERP is preliminary; historical estimated change, not a forecast.",limited,Sample area-weighted raw index over covered land only. Weighting and minimum coverage are unapproved; no approved benchmark or percentile. Layer observation date unverified.,limited,Sample public-open-space filter includes sports grounds and natural open space that can include river land/water. Not confirmed vegetation or current access. Inventory completeness/date unverified. Denominator is preliminary 2025 ERP.
209021523,Reservoir - North East,1,358,15565,16329,4.908448442017346,11.555511480240167,0.9999999999999852,565951.1565762429,34.659266126293275,,sample_only_not_approved_for_publication,available,Historical reported rent; not current advertised rent.,available,"2025 ERP is preliminary; historical estimated change, not a forecast.",limited,Sample area-weighted raw index over covered land only. Weighting and minimum coverage are unapproved; no approved benchmark or percentile. Layer observation date unverified.,limited,Sample public-open-space filter includes sports grounds and natural open space that can include river land/water. Not confirmed vegetation or current access. Inventory completeness/date unverified. Denominator is preliminary 2025 ERP.
209021524,Reservoir - North West,1,371,10346,9751,-5.7510148849797025,6.664979088350182,1.0,452183.36490053573,46.37302480776697,,sample_only_not_approved_for_publication,available,Historical reported rent; not current advertised rent.,available,"2025 ERP is preliminary; historical estimated change, not a forecast.",limited,Sample area-weighted raw index over covered land only. Weighting and minimum coverage are unapproved; no approved benchmark or percentile. Layer observation date unverified.,limited,Sample public-open-space filter includes sports grounds and natural open space that can include river land/water. Not confirmed vegetation or current access. Inventory completeness/date unverified. Denominator is preliminary 2025 ERP.
209021525,Reservoir - South East,1,349,13399,14143,5.552653183073364,16.075367203500022,0.9999999999999758,393125.1821291015,27.796449277317507,,sample_only_not_approved_for_publication,available,Historical reported rent; not current advertised rent.,available,"2025 ERP is preliminary; historical estimated change, not a forecast.",limited,Sample area-weighted raw index over covered land only. Weighting and minimum coverage are unapproved; no approved benchmark or percentile. Layer observation date unverified.,limited,Sample public-open-space filter includes sports grounds and natural open space that can include river land/water. Not confirmed vegetation or current access. Inventory completeness/date unverified. Denominator is preliminary 2025 ERP.
209021526,Reservoir - South West,1,361,14798,15350,3.7302338153804566,11.174440780681005,0.9999999999999888,535917.5615188838,34.9131961901553,,sample_only_not_approved_for_publication,available,Historical reported rent; not current advertised rent.,available,"2025 ERP is preliminary; historical estimated change, not a forecast.",limited,Sample area-weighted raw index over covered land only. Weighting and minimum coverage are unapproved; no approved benchmark or percentile. Layer observation date unverified.,limited,Sample public-open-space filter includes sports grounds and natural open space that can include river land/water. Not confirmed vegetation or current access. Inventory completeness/date unverified. Denominator is preliminary 2025 ERP.
209031209,Eltham,1,446,24113,23669,-1.8413304026873472,2.6642812854057505,1.0,3120946.207624085,131.8579664381294,,sample_only_not_approved_for_publication,available,Historical reported rent; not current advertised rent.,available,"2025 ERP is preliminary; historical estimated change, not a forecast.",limited,Sample area-weighted raw index over covered land only. Weighting and minimum coverage are unapproved; no approved benchmark or percentile. Layer observation date unverified.,limited,Sample public-open-space filter includes sports grounds and natural open space that can include river land/water. Not confirmed vegetation or current access. Inventory completeness/date unverified. Denominator is preliminary 2025 ERP.
209031210,Hurstbridge,1,420,3632,3521,-3.056167400881057,0.38889799891268667,0.9999999999999901,645348.0292490381,183.28543858251578,,sample_only_not_approved_for_publication,available,Historical reported rent; not current advertised rent.,available,"2025 ERP is preliminary; historical estimated change, not a forecast.",limited,Sample area-weighted raw index over covered land only. Weighting and minimum coverage are unapproved; no approved benchmark or percentile. Layer observation date unverified.,limited,Sample public-open-space filter includes sports grounds and natural open space that can include river land/water. Not confirmed vegetation or current access. Inventory completeness/date unverified. Denominator is preliminary 2025 ERP.
209031211,Kinglake,1,306,4172,4419,5.920421860019175,0.0103746489817976,0.019059147986953316,957.6558257201334,0.21671324410955722,,sample_only_not_approved_for_publication,available,Historical reported rent; not current advertised rent.,available,"2025 ERP is preliminary; historical estimated change, not a forecast.",limited,Sample area-weighted raw index over covered land only. Weighting and minimum coverage are unapproved; no approved benchmark or percentile. Layer observation date unverified.,limited,Sample public-open-space filter includes sports grounds and natural open space that can include river land/water. Not confirmed vegetation or current access. Inventory completeness/date unverified. Denominator is preliminary 2025 ERP.
209031212,Panton Hill - St Andrews,1,300,5236,5130,-2.024446142093201,0.004859867346973333,0.9999999999999981,6272062.017438048,1222.6241749391907,,sample_only_not_approved_for_publication,available,Historical reported rent; not current advertised rent.,available,"2025 ERP is preliminary; historical estimated change, not a forecast.",limited,Sample area-weighted raw index over covered land only. Weighting and minimum coverage are unapproved; no approved benchmark or percentile. Layer observation date unverified.,limited,Sample public-open-space filter includes sports grounds and natural open space that can include river land/water. Not confirmed vegetation or current access. Inventory completeness/date unverified. Denominator is preliminary 2025 ERP.
209031213,Plenty - Yarrambat,1,480,9763,9579,-1.884666598381645,0.9924436202721011,0.9999999999999987,4746237.203067979,495.48357898193746,,sample_only_not_approved_for_publication,available,Historical reported rent; not current advertised rent.,available,"2025 ERP is preliminary; historical estimated change, not a forecast.",limited,Sample area-weighted raw index over covered land only. Weighting and minimum coverage are unapproved; no approved benchmark or percentile. Layer observation date unverified.,limited,Sample public-open-space filter includes sports grounds and natural open space that can include river land/water. Not confirmed vegetation or current access. Inventory completeness/date unverified. Denominator is preliminary 2025 ERP.
209031214,Research - North Warrandyte,1,462,6999,7039,0.5715102157451064,0.5064636456886403,1.0,2563306.4418070475,364.157755619697,,sample_only_not_approved_for_publication,available,Historical reported rent; not current advertised rent.,available,"2025 ERP is preliminary; historical estimated change, not a forecast.",limited,Sample area-weighted raw index over covered land only. Weighting and minimum coverage are unapproved; no approved benchmark or percentile. Layer observation date unverified.,limited,Sample public-open-space filter includes sports grounds and natural open space that can include river land/water. Not confirmed vegetation or current access. Inventory completeness/date unverified. Denominator is preliminary 2025 ERP.
209031215,Wattle Glen - Diamond Creek,1,429,14579,14859,1.9205706838603471,1.2950250966950132,0.9999999999999996,946435.8170936721,63.69444895980026,,sample_only_not_approved_for_publication,available,Historical reported rent; not current advertised rent.,available,"2025 ERP is preliminary; historical estimated change, not a forecast.",limited,Sample area-weighted raw index over covered land only. Weighting and minimum coverage are unapproved; no approved benchmark or percentile. Layer observation date unverified.,limited,Sample public-open-space filter includes sports grounds and natural open space that can include river land/water. Not confirmed vegetation or current access. Inventory completeness/date unverified. Denominator is preliminary 2025 ERP.
209041216,Bundoora - North,1,381,7760,8014,3.2731958762886597,3.5399046051488194,1.0,1534995.6896316623,191.53926748585755,,sample_only_not_approved_for_publication,available,Historical reported rent; not current advertised rent.,available,"2025 ERP is preliminary; historical estimated change, not a forecast.",limited,Sample area-weighted raw index over covered land only. Weighting and minimum coverage are unapproved; no approved benchmark or percentile. Layer observation date unverified.,limited,Sample public-open-space filter includes sports grounds and natural open space that can include river land/water. Not confirmed vegetation or current access. Inventory completeness/date unverified. Denominator is preliminary 2025 ERP.
209041217,Bundoora - West,1,380,6463,6806,5.307132910413121,6.062603729202936,1.0,355014.84663735284,52.162040352241085,,sample_only_not_approved_for_publication,available,Historical reported rent; not current advertised rent.,available,"2025 ERP is preliminary; historical estimated change, not a forecast.",limited,Sample area-weighted raw index over covered land only. Weighting and minimum coverage are unapproved; no approved benchmark or percentile. Layer observation date unverified.,limited,Sample public-open-space filter includes sports grounds and natural open space that can include river land/water. Not confirmed vegetation or current access. Inventory completeness/date unverified. Denominator is preliminary 2025 ERP.
209041220,Mill Park - North,1,365,18274,17610,-3.633577760752982,4.543214455477479,0.9999999999999547,1414533.876398023,80.32560342975712,,sample_only_not_approved_for_publication,available,Historical reported rent; not current advertised rent.,available,"2025 ERP is preliminary; historical estimated change, not a forecast.",limited,Sample area-weighted raw index over covered land only. Weighting and minimum coverage are unapproved; no approved benchmark or percentile. Layer observation date unverified.,limited,Sample public-open-space filter includes sports grounds and natural open space that can include river land/water. Not confirmed vegetation or current access. Inventory completeness/date unverified. Denominator is preliminary 2025 ERP.
209041221,Mill Park - South,1,369,11897,11494,-3.387408590400941,4.115962377317908,1.0,888702.7203778324,77.31883768730054,,sample_only_not_approved_for_publication,available,Historical reported rent; not current advertised rent.,available,"2025 ERP is preliminary; historical estimated change, not a forecast.",limited,Sample area-weighted raw index over covered land only. Weighting and minimum coverage are unapproved; no approved benchmark or percentile. Layer observation date unverified.,limited,Sample public-open-space filter includes sports grounds and natural open space that can include river land/water. Not confirmed vegetation or current access. Inventory completeness/date unverified. Denominator is preliminary 2025 ERP.
209041223,Thomastown,1,350,21173,20595,-2.7298918433854436,4.82822166710573,1.0,1296355.994302065,62.945180592477065,,sample_only_not_approved_for_publication,available,Historical reported rent; not current advertised rent.,available,"2025 ERP is preliminary; historical estimated change, not a forecast.",limited,Sample area-weighted raw index over covered land only. Weighting and minimum coverage are unapproved; no approved benchmark or percentile. Layer observation date unverified.,limited,Sample public-open-space filter includes sports grounds and natural open space that can include river land/water. Not confirmed vegetation or current access. Inventory completeness/date unverified. Denominator is preliminary 2025 ERP.
209041224,Wallan,1,361,21543,30342,40.843893608132575,0.02188932909761587,0.17194353023729927,658613.4031281203,21.706327965464386,,sample_only_not_approved_for_publication,available,Historical reported rent; not current advertised rent.,available,"2025 ERP is preliminary; historical estimated change, not a forecast.",limited,Sample area-weighted raw index over covered land only. Weighting and minimum coverage are unapproved; no approved benchmark or percentile. Layer observation date unverified.,limited,Sample public-open-space filter includes sports grounds and natural open space that can include river land/water. Not confirmed vegetation or current access. Inventory completeness/date unverified. Denominator is preliminary 2025 ERP.
209041225,Whittlesea,1,375,9803,18174,85.39222686932571,0.05868976109480124,0.9999981954265711,19488667.132648155,1072.3377975485944,,sample_only_not_approved_for_publication,available,Historical reported rent; not current advertised rent.,available,"2025 ERP is preliminary; historical estimated change, not a forecast.",limited,Sample area-weighted raw index over covered land only. Weighting and minimum coverage are unapproved; no approved benchmark or percentile. Layer observation date unverified.,limited,Sample public-open-space filter includes sports grounds and natural open space that can include river land/water. Not confirmed vegetation or current access. Inventory completeness/date unverified. Denominator is preliminary 2025 ERP.
209041431,Epping - East,1,360,13793,13555,-1.72551294134706,3.393567437315575,0.9999999999999867,1157271.5478658748,85.37599025200109,,sample_only_not_approved_for_publication,available,Historical reported rent; not current advertised rent.,available,"2025 ERP is preliminary; historical estimated change, not a forecast.",limited,Sample area-weighted raw index over covered land only. Weighting and minimum coverage are unapproved; no approved benchmark or percentile. Layer observation date unverified.,limited,Sample public-open-space filter includes sports grounds and natural open space that can include river land/water. Not confirmed vegetation or current access. Inventory completeness/date unverified. Denominator is preliminary 2025 ERP.
209041432,Epping - South,1,350,8655,8322,-3.847487001733102,3.3983228903050575,1.0,481269.7360048425,57.83101850574892,,sample_only_not_approved_for_publication,available,Historical reported rent; not current advertised rent.,available,"2025 ERP is preliminary; historical estimated change, not a forecast.",limited,Sample area-weighted raw index over covered land only. Weighting and minimum coverage are unapproved; no approved benchmark or percentile. Layer observation date unverified.,limited,Sample public-open-space filter includes sports grounds and natural open space that can include river land/water. Not confirmed vegetation or current access. Inventory completeness/date unverified. Denominator is preliminary 2025 ERP.
209041433,Epping (Vic.) - West,1,381,12552,12895,2.732632249840663,2.394113862548823,1.0,730654.9806104224,56.66188294768689,,sample_only_not_approved_for_publication,available,Historical reported rent; not current advertised rent.,available,"2025 ERP is preliminary; historical estimated change, not a forecast.",limited,Sample area-weighted raw index over covered land only. Weighting and minimum coverage are unapproved; no approved benchmark or percentile. Layer observation date unverified.,limited,Sample public-open-space filter includes sports grounds and natural open space that can include river land/water. Not confirmed vegetation or current access. Inventory completeness/date unverified. Denominator is preliminary 2025 ERP.
209041435,South Morang - North,1,400,12942,13259,2.449389584299181,2.4426023520616953,0.9999999999999831,5460044.648089437,411.79912874948616,,sample_only_not_approved_for_publication,available,Historical reported rent; not current advertised rent.,available,"2025 ERP is preliminary; historical estimated change, not a forecast.",limited,Sample area-weighted raw index over covered land only. Weighting and minimum coverage are unapproved; no approved benchmark or percentile. Layer observation date unverified.,limited,Sample public-open-space filter includes sports grounds and natural open space that can include river land/water. Not confirmed vegetation or current access. Inventory completeness/date unverified. Denominator is preliminary 2025 ERP.
209041436,South Morang - South,1,380,12856,13054,1.5401369010578718,3.5942867072204314,1.0,1782456.9811269485,136.54488900926523,,sample_only_not_approved_for_publication,available,Historical reported rent; not current advertised rent.,available,"2025 ERP is preliminary; historical estimated change, not a forecast.",limited,Sample area-weighted raw index over covered land only. Weighting and minimum coverage are unapproved; no approved benchmark or percentile. Layer observation date unverified.,limited,Sample public-open-space filter includes sports grounds and natural open space that can include river land/water. Not confirmed vegetation or current access. Inventory completeness/date unverified. Denominator is preliminary 2025 ERP.
209041437,Wollert,1,391,20975,36658,74.7699642431466,0.3039251830921222,0.9999999999999981,624583.4769779267,17.03812201914798,,sample_only_not_approved_for_publication,available,Historical reported rent; not current advertised rent.,available,"2025 ERP is preliminary; historical estimated change, not a forecast.",limited,Sample area-weighted raw index over covered land only. Weighting and minimum coverage are unapproved; no approved benchmark or percentile. Layer observation date unverified.,limited,Sample public-open-space filter includes sports grounds and natural open space that can include river land/water. Not confirmed vegetation or current access. Inventory completeness/date unverified. Denominator is preliminary 2025 ERP.
209041527,Doreen - North,1,400,16321,17283,5.894246676061516,2.159156838090049,1.0,1062181.0201574543,61.458139221052726,,sample_only_not_approved_for_publication,available,Historical reported rent; not current advertised rent.,available,"2025 ERP is preliminary; historical estimated change, not a forecast.",limited,Sample area-weighted raw index over covered land only. Weighting and minimum coverage are unapproved; no approved benchmark or percentile. Layer observation date unverified.,limited,Sample public-open-space filter includes sports grounds and natural open space that can include river land/water. Not confirmed vegetation or current access. Inventory completeness/date unverified. Denominator is preliminary 2025 ERP.
209041528,Doreen - South,1,386,10137,11947,17.85538127651179,2.6053038148748677,0.9999999999999553,1289488.0188444282,107.93404359625247,,sample_only_not_approved_for_publication,available,Historical reported rent; not current advertised rent.,available,"2025 ERP is preliminary; historical estimated change, not a forecast.",limited,Sample area-weighted raw index over covered land only. Weighting and minimum coverage are unapproved; no approved benchmark or percentile. Layer observation date unverified.,limited,Sample public-open-space filter includes sports grounds and natural open space that can include river land/water. Not confirmed vegetation or current access. Inventory completeness/date unverified. Denominator is preliminary 2025 ERP.
209041529,Lalor - East,1,350,10426,10253,-1.6593132553232304,7.178716885856438,1.0,242729.87009931437,23.67403395097185,,sample_only_not_approved_for_publication,available,Historical reported rent; not current advertised rent.,available,"2025 ERP is preliminary; historical estimated change, not a forecast.",limited,Sample area-weighted raw index over covered land only. Weighting and minimum coverage are unapproved; no approved benchmark or percentile. Layer observation date unverified.,limited,Sample public-open-space filter includes sports grounds and natural open space that can include river land/water. Not confirmed vegetation or current access. Inventory completeness/date unverified. Denominator is preliminary 2025 ERP.
209041530,Lalor - West,1,366,13900,13925,0.17985611510791366,2.6718587923602453,0.9999999999999958,624226.7431764978,44.82777329813269,,sample_only_not_approved_for_publication,available,Historical reported rent; not current advertised rent.,available,"2025 ERP is preliminary; historical estimated change, not a forecast.",limited,Sample area-weighted raw index over covered land only. Weighting and minimum coverage are unapproved; no approved benchmark or percentile. Layer observation date unverified.,limited,Sample public-open-space filter includes sports grounds and natural open space that can include river land/water. Not confirmed vegetation or current access. Inventory completeness/date unverified. Denominator is preliminary 2025 ERP.
209041531,Mernda - North,1,378,11473,12061,5.1250762660158635,1.2907513147435352,1.0,972736.0653425795,80.65136102666276,,sample_only_not_approved_for_publication,available,Historical reported rent; not current advertised rent.,available,"2025 ERP is preliminary; historical estimated change, not a forecast.",limited,Sample area-weighted raw index over covered land only. Weighting and minimum coverage are unapproved; no approved benchmark or percentile. Layer observation date unverified.,limited,Sample public-open-space filter includes sports grounds and natural open space that can include river land/water. Not confirmed vegetation or current access. Inventory completeness/date unverified. Denominator is preliminary 2025 ERP.
209041532,Mernda - South,1,390,11640,13854,19.02061855670103,2.775515775745601,0.9999999999999785,1154161.1133785602,83.30887204984555,,sample_only_not_approved_for_publication,available,Historical reported rent; not current advertised rent.,available,"2025 ERP is preliminary; historical estimated change, not a forecast.",limited,Sample area-weighted raw index over covered land only. Weighting and minimum coverage are unapproved; no approved benchmark or percentile. Layer observation date unverified.,limited,Sample public-open-space filter includes sports grounds and natural open space that can include river land/water. Not confirmed vegetation or current access. Inventory completeness/date unverified. Denominator is preliminary 2025 ERP.
210011226,Airport West,1,401,8362,8783,5.034680698397513,10.42988617468233,1.0,252299.23139718545,28.72586034352561,,sample_only_not_approved_for_publication,available,Historical reported rent; not current advertised rent.,available,"2025 ERP is preliminary; historical estimated change, not a forecast.",limited,Sample area-weighted raw index over covered land only. Weighting and minimum coverage are unapproved; no approved benchmark or percentile. Layer observation date unverified.,limited,Sample public-open-space filter includes sports grounds and natural open space that can include river land/water. Not confirmed vegetation or current access. Inventory completeness/date unverified. Denominator is preliminary 2025 ERP.
210011227,Essendon Airport,1,,11,14,27.272727272727273,2.891975454511558,1.0,0.0,,,sample_only_not_approved_for_publication,unavailable,Source G02 token is 0; median withheld. 2021 RNTD excludes zero rent and the area QuickStats reports no/very low population. This does not mean free rent.,available,"2025 ERP is preliminary; historical estimated change, not a forecast.",limited,Sample area-weighted raw index over covered land only. Weighting and minimum coverage are unapproved; no approved benchmark or percentile. Layer observation date unverified.,unavailable,"No selected open-space polygon intersects this SA2; inventory coverage is unknown, so no zero is asserted. Sample public-open-space filter includes sports grounds and natural open space that can include river land/water. Not confirmed vegetation or current access. Inventory completeness/date unverified. Denominator is preliminary 2025 ERP."
210011228,Keilor,1,396,8778,8732,-0.5240373661426293,2.114022120076226,1.0,4638271.972428047,531.180940497944,,sample_only_not_approved_for_publication,available,Historical reported rent; not current advertised rent.,available,"2025 ERP is preliminary; historical estimated change, not a forecast.",limited,Sample area-weighted raw index over covered land only. Weighting and minimum coverage are unapproved; no approved benchmark or percentile. Layer observation date unverified.,limited,Sample public-open-space filter includes sports grounds and natural open space that can include river land/water. Not confirmed vegetation or current access. Inventory completeness/date unverified. Denominator is preliminary 2025 ERP.
210011230,Niddrie - Essendon West,1,435,7646,8048,5.257651059377452,9.18970595726359,1.0,504304.223369086,62.66205558761009,,sample_only_not_approved_for_publication,available,Historical reported rent; not current advertised rent.,available,"2025 ERP is preliminary; historical estimated change, not a forecast.",limited,Sample area-weighted raw index over covered land only. Weighting and minimum coverage are unapproved; no approved benchmark or percentile. Layer observation date unverified.,limited,Sample public-open-space filter includes sports grounds and natural open space that can include river land/water. Not confirmed vegetation or current access. Inventory completeness/date unverified. Denominator is preliminary 2025 ERP.
210011231,Strathmore,1,450,10277,10536,2.5201907171353506,8.921077699451812,0.999999999999952,635518.5225170978,60.318766374060154,,sample_only_not_approved_for_publication,available,Historical reported rent; not current advertised rent.,available,"2025 ERP is preliminary; historical estimated change, not a forecast.",limited,Sample area-weighted raw index over covered land only. Weighting and minimum coverage are unapproved; no approved benchmark or percentile. Layer observation date unverified.,limited,Sample public-open-space filter includes sports grounds and natural open space that can include river land/water. Not confirmed vegetation or current access. Inventory completeness/date unverified. Denominator is preliminary 2025 ERP.
210011533,Avondale Heights,1,400,12642,12861,1.7323208353108686,5.034001057779156,0.9999999999999688,1566679.5900825222,121.81631211278456,,sample_only_not_approved_for_publication,available,Historical reported rent; not current advertised rent.,available,"2025 ERP is preliminary; historical estimated change, not a forecast.",limited,Sample area-weighted raw index over covered land only. Weighting and minimum coverage are unapproved; no approved benchmark or percentile. Layer observation date unverified.,limited,Sample public-open-space filter includes sports grounds and natural open space that can include river land/water. Not confirmed vegetation or current access. Inventory completeness/date unverified. Denominator is preliminary 2025 ERP.
210011534,Keilor East,1,408,15471,15645,1.1246848943184022,7.900362956801667,1.0,613435.5830448382,39.20968891306092,,sample_only_not_approved_for_publication,available,Historical reported rent; not current advertised rent.,available,"2025 ERP is preliminary; historical estimated change, not a forecast.",limited,Sample area-weighted raw index over covered land only. Weighting and minimum coverage are unapproved; no approved benchmark or percentile. Layer observation date unverified.,limited,Sample public-open-space filter includes sports grounds and natural open space that can include river land/water. Not confirmed vegetation or current access. Inventory completeness/date unverified. Denominator is preliminary 2025 ERP.
210021232,Gisborne,1,430,14245,15959,12.032292032292032,0.0,0.009356102340830301,0.0,,,sample_only_not_approved_for_publication,available,Historical reported rent; not current advertised rent.,available,"2025 ERP is preliminary; historical estimated change, not a forecast.",limited,Sample area-weighted raw index over covered land only. Weighting and minimum coverage are unapproved; no approved benchmark or percentile. Layer observation date unverified.,unavailable,"No selected open-space polygon intersects this SA2; inventory coverage is unknown, so no zero is asserted. Sample public-open-space filter includes sports grounds and natural open space that can include river land/water. Not confirmed vegetation or current access. Inventory completeness/date unverified. Denominator is preliminary 2025 ERP."
210021233,Macedon,1,361,3536,3615,2.234162895927602,,0.0,0.0,,,sample_only_not_approved_for_publication,available,Historical reported rent; not current advertised rent.,available,"2025 ERP is preliminary; historical estimated change, not a forecast.",unavailable,"No valid PTAL polygon area intersects this SA2. Outside coverage is unknown, not zero access.",unavailable,"No selected open-space polygon intersects this SA2; inventory coverage is unknown, so no zero is asserted. Sample public-open-space filter includes sports grounds and natural open space that can include river land/water. Not confirmed vegetation or current access. Inventory completeness/date unverified. Denominator is preliminary 2025 ERP."
210021234,Riddells Creek,1,400,4442,4589,3.309320126069338,0.0,0.012517002576921163,0.0,,,sample_only_not_approved_for_publication,available,Historical reported rent; not current advertised rent.,available,"2025 ERP is preliminary; historical estimated change, not a forecast.",limited,Sample area-weighted raw index over covered land only. Weighting and minimum coverage are unapproved; no approved benchmark or percentile. Layer observation date unverified.,unavailable,"No selected open-space polygon intersects this SA2; inventory coverage is unknown, so no zero is asserted. Sample public-open-space filter includes sports grounds and natural open space that can include river land/water. Not confirmed vegetation or current access. Inventory completeness/date unverified. Denominator is preliminary 2025 ERP."
210021235,Romsey,1,365,10612,11567,8.999246136449303,0.0,0.0032031623828693272,8045.535467377054,0.6955593902807171,,sample_only_not_approved_for_publication,available,Historical reported rent; not current advertised rent.,available,"2025 ERP is preliminary; historical estimated change, not a forecast.",limited,Sample area-weighted raw index over covered land only. Weighting and minimum coverage are unapproved; no approved benchmark or percentile. Layer observation date unverified.,limited,Sample public-open-space filter includes sports grounds and natural open space that can include river land/water. Not confirmed vegetation or current access. Inventory completeness/date unverified. Denominator is preliminary 2025 ERP.
210031236,Coburg North,1,401,8775,8932,1.789173789173789,9.377804936133463,1.0,951756.1059218084,106.55576644892615,,sample_only_not_approved_for_publication,available,Historical reported rent; not current advertised rent.,available,"2025 ERP is preliminary; historical estimated change, not a forecast.",limited,Sample area-weighted raw index over covered land only. Weighting and minimum coverage are unapproved; no approved benchmark or percentile. Layer observation date unverified.,limited,Sample public-open-space filter includes sports grounds and natural open space that can include river land/water. Not confirmed vegetation or current access. Inventory completeness/date unverified. Denominator is preliminary 2025 ERP.
210031237,Fawkner,1,380,14781,15096,2.1311142683174347,9.420624986001847,1.0,859935.4999832385,56.9644607832034,,sample_only_not_approved_for_publication,available,Historical reported rent; not current advertised rent.,available,"2025 ERP is preliminary; historical estimated change, not a forecast.",limited,Sample area-weighted raw index over covered land only. Weighting and minimum coverage are unapproved; no approved benchmark or percentile. Layer observation date unverified.,limited,Sample public-open-space filter includes sports grounds and natural open space that can include river land/water. Not confirmed vegetation or current access. Inventory completeness/date unverified. Denominator is preliminary 2025 ERP.
210031439,Gowanbrae,1,423,3156,3215,1.8694550063371356,3.27018723922004,0.9999999999999235,392941.7998418082,122.22139963975373,,sample_only_not_approved_for_publication,available,Historical reported rent; not current advertised rent.,available,"2025 ERP is preliminary; historical estimated change, not a forecast.",limited,Sample area-weighted raw index over covered land only. Weighting and minimum coverage are unapproved; no approved benchmark or percentile. Layer observation date unverified.,limited,Sample public-open-space filter includes sports grounds and natural open space that can include river land/water. Not confirmed vegetation or current access. Inventory completeness/date unverified. Denominator is preliminary 2025 ERP.
210031440,Hadfield,1,376,6394,6650,4.0037535189239915,6.696815275519535,0.9999999999999707,80222.51729846402,12.063536435859252,,sample_only_not_approved_for_publication,available,Historical reported rent; not current advertised rent.,available,"2025 ERP is preliminary; historical estimated change, not a forecast.",limited,Sample area-weighted raw index over covered land only. Weighting and minimum coverage are unapproved; no approved benchmark or percentile. Layer observation date unverified.,limited,Sample public-open-space filter includes sports grounds and natural open space that can include river land/water. Not confirmed vegetation or current access. Inventory completeness/date unverified. Denominator is preliminary 2025 ERP.
210031535,Glenroy - East,1,369,15565,15762,1.2656601349180854,5.769289850955763,1.0,435980.08355998265,27.660200708030874,,sample_only_not_approved_for_publication,available,Historical reported rent; not current advertised rent.,available,"2025 ERP is preliminary; historical estimated change, not a forecast.",limited,Sample area-weighted raw index over covered land only. Weighting and minimum coverage are unapproved; no approved benchmark or percentile. Layer observation date unverified.,limited,Sample public-open-space filter includes sports grounds and natural open space that can include river land/water. Not confirmed vegetation or current access. Inventory completeness/date unverified. Denominator is preliminary 2025 ERP.
210031536,Glenroy - West,1,369,9246,9563,3.4285096257841228,6.102589904331313,0.9999999999999991,372321.37891597144,38.93353329666124,,sample_only_not_approved_for_publication,available,Historical reported rent; not current advertised rent.,available,"2025 ERP is preliminary; historical estimated change, not a forecast.",limited,Sample area-weighted raw index over covered land only. Weighting and minimum coverage are unapproved; no approved benchmark or percentile. Layer observation date unverified.,limited,Sample public-open-space filter includes sports grounds and natural open space that can include river land/water. Not confirmed vegetation or current access. Inventory completeness/date unverified. Denominator is preliminary 2025 ERP.
210031537,Oak Park,1,401,8153,8559,4.979762050778854,6.6817223477829435,0.9999999999999974,300440.3241108376,35.102269436947964,,sample_only_not_approved_for_publication,available,Historical reported rent; not current advertised rent.,available,"2025 ERP is preliminary; historical estimated change, not a forecast.",limited,Sample area-weighted raw index over covered land only. Weighting and minimum coverage are unapproved; no approved benchmark or percentile. Layer observation date unverified.,limited,Sample public-open-space filter includes sports grounds and natural open space that can include river land/water. Not confirmed vegetation or current access. Inventory completeness/date unverified. Denominator is preliminary 2025 ERP.
210031538,Pascoe Vale,1,400,17951,18674,4.027630772658905,9.711967562345578,1.0,302685.1332190818,16.208907208904456,,sample_only_not_approved_for_publication,available,Historical reported rent; not current advertised rent.,available,"2025 ERP is preliminary; historical estimated change, not a forecast.",limited,Sample area-weighted raw index over covered land only. Weighting and minimum coverage are unapproved; no approved benchmark or percentile. Layer observation date unverified.,limited,Sample public-open-space filter includes sports grounds and natural open space that can include river land/water. Not confirmed vegetation or current access. Inventory completeness/date unverified. Denominator is preliminary 2025 ERP.
210041240,Sunbury,1,371,13858,15364,10.867369028719873,0.2542167386096371,0.9999755367168608,2682318.045983698,174.58461637488273,,sample_only_not_approved_for_publication,available,Historical reported rent; not current advertised rent.,available,"2025 ERP is preliminary; historical estimated change, not a forecast.",limited,Sample area-weighted raw index over covered land only. Weighting and minimum coverage are unapproved; no approved benchmark or percentile. Layer observation date unverified.,limited,Sample public-open-space filter includes sports grounds and natural open space that can include river land/water. Not confirmed vegetation or current access. Inventory completeness/date unverified. Denominator is preliminary 2025 ERP.
210041539,Diggers Rest,1,396,4651,7434,59.83659428079983,0.35523976694548326,0.9999999999999869,134045.1446007889,18.03136193177144,,sample_only_not_approved_for_publication,available,Historical reported rent; not current advertised rent.,available,"2025 ERP is preliminary; historical estimated change, not a forecast.",limited,Sample area-weighted raw index over covered land only. Weighting and minimum coverage are unapproved; no approved benchmark or percentile. Layer observation date unverified.,limited,Sample public-open-space filter includes sports grounds and natural open space that can include river land/water. Not confirmed vegetation or current access. Inventory completeness/date unverified. Denominator is preliminary 2025 ERP.
210041540,Sunbury - South,1,351,15046,17683,17.52625282467101,1.553248614493154,0.9999999999999971,1323827.5517540781,74.86442072917933,,sample_only_not_approved_for_publication,available,Historical reported rent; not current advertised rent.,available,"2025 ERP is preliminary; historical estimated change, not a forecast.",limited,Sample area-weighted raw index over covered land only. Weighting and minimum coverage are unapproved; no approved benchmark or percentile. Layer observation date unverified.,limited,Sample public-open-space filter includes sports grounds and natural open space that can include river land/water. Not confirmed vegetation or current access. Inventory completeness/date unverified. Denominator is preliminary 2025 ERP.
210041541,Sunbury - West,1,376,11547,11497,-0.4330129037845328,0.9847401641939194,0.9995405165764706,1088613.8378712286,94.68677375586924,,sample_only_not_approved_for_publication,available,Historical reported rent; not current advertised rent.,available,"2025 ERP is preliminary; historical estimated change, not a forecast.",limited,Sample area-weighted raw index over covered land only. Weighting and minimum coverage are unapproved; no approved benchmark or percentile. Layer observation date unverified.,limited,Sample public-open-space filter includes sports grounds and natural open space that can include river land/water. Not confirmed vegetation or current access. Inventory completeness/date unverified. Denominator is preliminary 2025 ERP.
210051242,Broadmeadows,1,331,14747,14972,1.5257340476029022,7.361878893068492,0.999999999999977,1133602.0655605851,75.71480534067493,,sample_only_not_approved_for_publication,available,Historical reported rent; not current advertised rent.,available,"2025 ERP is preliminary; historical estimated change, not a forecast.",limited,Sample area-weighted raw index over covered land only. Weighting and minimum coverage are unapproved; no approved benchmark or percentile. Layer observation date unverified.,limited,Sample public-open-space filter includes sports grounds and natural open space that can include river land/water. Not confirmed vegetation or current access. Inventory completeness/date unverified. Denominator is preliminary 2025 ERP.
210051243,Campbellfield - Coolaroo,1,330,16885,16386,-2.955285756588688,3.4445128304925143,0.9999999999999857,1157146.823741367,70.61801682786324,,sample_only_not_approved_for_publication,available,Historical reported rent; not current advertised rent.,available,"2025 ERP is preliminary; historical estimated change, not a forecast.",limited,Sample area-weighted raw index over covered land only. Weighting and minimum coverage are unapproved; no approved benchmark or percentile. Layer observation date unverified.,limited,Sample public-open-space filter includes sports grounds and natural open space that can include river land/water. Not confirmed vegetation or current access. Inventory completeness/date unverified. Denominator is preliminary 2025 ERP.
210051245,Gladstone Park - Westmeadows,1,371,18598,18285,-1.6829766641574362,2.465817913382036,1.0,3262508.629190891,178.42541040147066,,sample_only_not_approved_for_publication,available,Historical reported rent; not current advertised rent.,available,"2025 ERP is preliminary; historical estimated change, not a forecast.",limited,Sample area-weighted raw index over covered land only. Weighting and minimum coverage are unapproved; no approved benchmark or percentile. Layer observation date unverified.,limited,Sample public-open-space filter includes sports grounds and natural open space that can include river land/water. Not confirmed vegetation or current access. Inventory completeness/date unverified. Denominator is preliminary 2025 ERP.
210051246,Greenvale - Bulla,1,430,21279,26757,25.74369096292119,0.22830819845994388,1.0,10993618.759629747,410.8688851377115,,sample_only_not_approved_for_publication,available,Historical reported rent; not current advertised rent.,available,"2025 ERP is preliminary; historical estimated change, not a forecast.",limited,Sample area-weighted raw index over covered land only. Weighting and minimum coverage are unapproved; no approved benchmark or percentile. Layer observation date unverified.,limited,Sample public-open-space filter includes sports grounds and natural open space that can include river land/water. Not confirmed vegetation or current access. Inventory completeness/date unverified. Denominator is preliminary 2025 ERP.
210051247,Meadow Heights,1,346,15840,14841,-6.306818181818182,5.0899937262968065,0.999999999999972,814775.9056823498,54.900337287403126,,sample_only_not_approved_for_publication,available,Historical reported rent; not current advertised rent.,available,"2025 ERP is preliminary; historical estimated change, not a forecast.",limited,Sample area-weighted raw index over covered land only. Weighting and minimum coverage are unapproved; no approved benchmark or percentile. Layer observation date unverified.,limited,Sample public-open-space filter includes sports grounds and natural open space that can include river land/water. Not confirmed vegetation or current access. Inventory completeness/date unverified. Denominator is preliminary 2025 ERP.
210051248,Melbourne Airport,1,250,143,130,-9.090909090909092,0.17036964989078504,1.0,460410.0620561753,3541.6158619705793,,sample_only_not_approved_for_publication,available,Historical reported rent; not current advertised rent.,available,"2025 ERP is preliminary; historical estimated change, not a forecast.",limited,Sample area-weighted raw index over covered land only. Weighting and minimum coverage are unapproved; no approved benchmark or percentile. Layer observation date unverified.,limited,Sample public-open-space filter includes sports grounds and natural open space that can include river land/water. Not confirmed vegetation or current access. Inventory completeness/date unverified. Denominator is preliminary 2025 ERP.
210051250,Tullamarine,1,351,6824,6727,-1.421453692848769,4.300755235310818,0.9999999999999892,186762.38279019686,27.76310135130026,,sample_only_not_approved_for_publication,available,Historical reported rent; not current advertised rent.,available,"2025 ERP is preliminary; historical estimated change, not a forecast.",limited,Sample area-weighted raw index over covered land only. Weighting and minimum coverage are unapproved; no approved benchmark or percentile. Layer observation date unverified.,limited,Sample public-open-space filter includes sports grounds and natural open space that can include river land/water. Not confirmed vegetation or current access. Inventory completeness/date unverified. Denominator is preliminary 2025 ERP.
210051441,Craigieburn - Central,1,350,8715,8172,-6.230636833046471,4.543012384757943,0.9999999999999936,275724.3196063443,33.74012721565642,,sample_only_not_approved_for_publication,available,Historical reported rent; not current advertised rent.,available,"2025 ERP is preliminary; historical estimated change, not a forecast.",limited,Sample area-weighted raw index over covered land only. Weighting and minimum coverage are unapproved; no approved benchmark or percentile. Layer observation date unverified.,limited,Sample public-open-space filter includes sports grounds and natural open space that can include river land/water. Not confirmed vegetation or current access. Inventory completeness/date unverified. Denominator is preliminary 2025 ERP.
210051442,Craigieburn - North,1,371,12893,12846,-0.3645388970759327,1.4184148343404448,1.0,1358742.084143195,105.77160860526196,,sample_only_not_approved_for_publication,available,Historical reported rent; not current advertised rent.,available,"2025 ERP is preliminary; historical estimated change, not a forecast.",limited,Sample area-weighted raw index over covered land only. Weighting and minimum coverage are unapproved; no approved benchmark or percentile. Layer observation date unverified.,limited,Sample public-open-space filter includes sports grounds and natural open space that can include river land/water. Not confirmed vegetation or current access. Inventory completeness/date unverified. Denominator is preliminary 2025 ERP.
210051443,Craigieburn - South,1,375,21632,24431,12.939164201183432,4.545129680594897,0.9999999999999966,892058.5942750581,36.5133884931054,,sample_only_not_approved_for_publication,available,Historical reported rent; not current advertised rent.,available,"2025 ERP is preliminary; historical estimated change, not a forecast.",limited,Sample area-weighted raw index over covered land only. Weighting and minimum coverage are unapproved; no approved benchmark or percentile. Layer observation date unverified.,limited,Sample public-open-space filter includes sports grounds and natural open space that can include river land/water. Not confirmed vegetation or current access. Inventory completeness/date unverified. Denominator is preliminary 2025 ERP.
210051445,Mickleham - Yuroke,1,400,18657,39389,111.12183094816959,0.3203478353252849,1.0,444982.7725802009,11.297133021407015,,sample_only_not_approved_for_publication,available,Historical reported rent; not current advertised rent.,available,"2025 ERP is preliminary; historical estimated change, not a forecast.",limited,Sample area-weighted raw index over covered land only. Weighting and minimum coverage are unapproved; no approved benchmark or percentile. Layer observation date unverified.,limited,Sample public-open-space filter includes sports grounds and natural open space that can include river land/water. Not confirmed vegetation or current access. Inventory completeness/date unverified. Denominator is preliminary 2025 ERP.
210051542,Craigieburn - North West,1,396,9253,11293,22.04690370690587,5.435043252556632,0.9999999999999596,22581.47162678148,1.9995990106067014,,sample_only_not_approved_for_publication,available,Historical reported rent; not current advertised rent.,available,"2025 ERP is preliminary; historical estimated change, not a forecast.",limited,Sample area-weighted raw index over covered land only. Weighting and minimum coverage are unapproved; no approved benchmark or percentile. Layer observation date unverified.,limited,Sample public-open-space filter includes sports grounds and natural open space that can include river land/water. Not confirmed vegetation or current access. Inventory completeness/date unverified. Denominator is preliminary 2025 ERP.
210051543,Craigieburn - West,1,381,12687,14970,17.99479782454481,6.120773896292554,1.0,343894.16802972794,22.97222231327508,,sample_only_not_approved_for_publication,available,Historical reported rent; not current advertised rent.,available,"2025 ERP is preliminary; historical estimated change, not a forecast.",limited,Sample area-weighted raw index over covered land only. Weighting and minimum coverage are unapproved; no approved benchmark or percentile. Layer observation date unverified.,limited,Sample public-open-space filter includes sports grounds and natural open space that can include river land/water. Not confirmed vegetation or current access. Inventory completeness/date unverified. Denominator is preliminary 2025 ERP.
210051544,Roxburgh Park (South) - Somerton,1,375,10043,9699,-3.425271333266952,3.1758725231892773,1.0,881527.4782074712,90.88849141225603,,sample_only_not_approved_for_publication,available,Historical reported rent; not current advertised rent.,available,"2025 ERP is preliminary; historical estimated change, not a forecast.",limited,Sample area-weighted raw index over covered land only. Weighting and minimum coverage are unapproved; no approved benchmark or percentile. Layer observation date unverified.,limited,Sample public-open-space filter includes sports grounds and natural open space that can include river land/water. Not confirmed vegetation or current access. Inventory completeness/date unverified. Denominator is preliminary 2025 ERP.
210051545,Roxburgh Park - North,1,395,14993,15440,2.9813913159474423,3.1074744523686326,0.9999999999999982,355399.38884766743,23.018095132620946,,sample_only_not_approved_for_publication,available,Historical reported rent; not current advertised rent.,available,"2025 ERP is preliminary; historical estimated change, not a forecast.",limited,Sample area-weighted raw index over covered land only. Weighting and minimum coverage are unapproved; no approved benchmark or percentile. Layer observation date unverified.,limited,Sample public-open-space filter includes sports grounds and natural open space that can include river land/water. Not confirmed vegetation or current access. Inventory completeness/date unverified. Denominator is preliminary 2025 ERP.
211011251,Bayswater,1,376,12992,13388,3.0480295566502464,4.46906776287187,1.0,378288.50942615507,28.25578947013408,,sample_only_not_approved_for_publication,available,Historical reported rent; not current advertised rent.,available,"2025 ERP is preliminary; historical estimated change, not a forecast.",limited,Sample area-weighted raw index over covered land only. Weighting and minimum coverage are unapproved; no approved benchmark or percentile. Layer observation date unverified.,limited,Sample public-open-space filter includes sports grounds and natural open space that can include river land/water. Not confirmed vegetation or current access. Inventory completeness/date unverified. Denominator is preliminary 2025 ERP.
211011254,Knoxfield - Scoresby,1,425,17016,17232,1.2693935119887165,3.9397376973233142,0.9999999999999979,1625883.2718442257,94.3525575582768,,sample_only_not_approved_for_publication,available,Historical reported rent; not current advertised rent.,available,"2025 ERP is preliminary; historical estimated change, not a forecast.",limited,Sample area-weighted raw index over covered land only. Weighting and minimum coverage are unapproved; no approved benchmark or percentile. Layer observation date unverified.,limited,Sample public-open-space filter includes sports grounds and natural open space that can include river land/water. Not confirmed vegetation or current access. Inventory completeness/date unverified. Denominator is preliminary 2025 ERP.
211011255,Lysterfield,1,435,6802,6622,-2.646280505733608,0.3139853374913919,1.0,5691551.992255213,859.4913911590476,,sample_only_not_approved_for_publication,available,Historical reported rent; not current advertised rent.,available,"2025 ERP is preliminary; historical estimated change, not a forecast.",limited,Sample area-weighted raw index over covered land only. Weighting and minimum coverage are unapproved; no approved benchmark or percentile. Layer observation date unverified.,limited,Sample public-open-space filter includes sports grounds and natural open space that can include river land/water. Not confirmed vegetation or current access. Inventory completeness/date unverified. Denominator is preliminary 2025 ERP.
211011256,Rowville - Central,1,425,15826,15771,-0.34752938202957157,4.436470307451118,1.0,707111.7895001491,44.8362050282258,,sample_only_not_approved_for_publication,available,Historical reported rent; not current advertised rent.,available,"2025 ERP is preliminary; historical estimated change, not a forecast.",limited,Sample area-weighted raw index over covered land only. Weighting and minimum coverage are unapproved; no approved benchmark or percentile. Layer observation date unverified.,limited,Sample public-open-space filter includes sports grounds and natural open space that can include river land/water. Not confirmed vegetation or current access. Inventory completeness/date unverified. Denominator is preliminary 2025 ERP.
211011257,Rowville - North,1,450,8122,7827,-3.6321103176557497,2.278018729034202,1.0,558877.0557312279,71.40373779624733,,sample_only_not_approved_for_publication,available,Historical reported rent; not current advertised rent.,available,"2025 ERP is preliminary; historical estimated change, not a forecast.",limited,Sample area-weighted raw index over covered land only. Weighting and minimum coverage are unapproved; no approved benchmark or percentile. Layer observation date unverified.,limited,Sample public-open-space filter includes sports grounds and natural open space that can include river land/water. Not confirmed vegetation or current access. Inventory completeness/date unverified. Denominator is preliminary 2025 ERP.
211011258,Rowville - South,1,471,10754,10578,-1.6366003347591593,1.3691650430300437,0.9999999999999792,1211245.2485082408,114.50607378599365,,sample_only_not_approved_for_publication,available,Historical reported rent; not current advertised rent.,available,"2025 ERP is preliminary; historical estimated change, not a forecast.",limited,Sample area-weighted raw index over covered land only. Weighting and minimum coverage are unapproved; no approved benchmark or percentile. Layer observation date unverified.,limited,Sample public-open-space filter includes sports grounds and natural open space that can include river land/water. Not confirmed vegetation or current access. Inventory completeness/date unverified. Denominator is preliminary 2025 ERP.
211011259,Wantirna,1,427,14866,14634,-1.5606080990178932,3.64713195365328,0.9999999999999877,1387280.1937203393,94.79842788850208,,sample_only_not_approved_for_publication,available,Historical reported rent; not current advertised rent.,available,"2025 ERP is preliminary; historical estimated change, not a forecast.",limited,Sample area-weighted raw index over covered land only. Weighting and minimum coverage are unapproved; no approved benchmark or percentile. Layer observation date unverified.,limited,Sample public-open-space filter includes sports grounds and natural open space that can include river land/water. Not confirmed vegetation or current access. Inventory completeness/date unverified. Denominator is preliminary 2025 ERP.
211011260,Wantirna South,1,426,18602,18475,-0.6827222879260295,4.421718381254872,1.0,4078787.7285827957,220.7733547270796,,sample_only_not_approved_for_publication,available,Historical reported rent; not current advertised rent.,available,"2025 ERP is preliminary; historical estimated change, not a forecast.",limited,Sample area-weighted raw index over covered land only. Weighting and minimum coverage are unapproved; no approved benchmark or percentile. Layer observation date unverified.,limited,Sample public-open-space filter includes sports grounds and natural open space that can include river land/water. Not confirmed vegetation or current access. Inventory completeness/date unverified. Denominator is preliminary 2025 ERP.
211011446,Boronia,1,376,23924,24763,3.506938639023575,6.268508911349196,1.0,894655.3790516965,36.1287153839073,,sample_only_not_approved_for_publication,available,Historical reported rent; not current advertised rent.,available,"2025 ERP is preliminary; historical estimated change, not a forecast.",limited,Sample area-weighted raw index over covered land only. Weighting and minimum coverage are unapproved; no approved benchmark or percentile. Layer observation date unverified.,limited,Sample public-open-space filter includes sports grounds and natural open space that can include river land/water. Not confirmed vegetation or current access. Inventory completeness/date unverified. Denominator is preliminary 2025 ERP.
211011447,Ferntree Gully - North,1,370,14446,14538,0.6368544925931053,5.895603081552881,0.9999999999999918,513254.4230949565,35.30433505949625,,sample_only_not_approved_for_publication,available,Historical reported rent; not current advertised rent.,available,"2025 ERP is preliminary; historical estimated change, not a forecast.",limited,Sample area-weighted raw index over covered land only. Weighting and minimum coverage are unapproved; no approved benchmark or percentile. Layer observation date unverified.,limited,Sample public-open-space filter includes sports grounds and natural open space that can include river land/water. Not confirmed vegetation or current access. Inventory completeness/date unverified. Denominator is preliminary 2025 ERP.
211011448,Ferntree Gully (South) - Upper Ferntree Gully,1,405,15517,15630,0.7282335502996713,5.589786959064229,0.9999999999999876,973318.071875934,62.27242942264453,,sample_only_not_approved_for_publication,available,Historical reported rent; not current advertised rent.,available,"2025 ERP is preliminary; historical estimated change, not a forecast.",limited,Sample area-weighted raw index over covered land only. Weighting and minimum coverage are unapproved; no approved benchmark or percentile. Layer observation date unverified.,limited,Sample public-open-space filter includes sports grounds and natural open space that can include river land/water. Not confirmed vegetation or current access. Inventory completeness/date unverified. Denominator is preliminary 2025 ERP.
211011449,The Basin,1,366,4415,4336,-1.7893544733861835,1.5137228431939949,0.9999999999999568,175012.79233370133,40.36272885924846,,sample_only_not_approved_for_publication,available,Historical reported rent; not current advertised rent.,available,"2025 ERP is preliminary; historical estimated change, not a forecast.",limited,Sample area-weighted raw index over covered land only. Weighting and minimum coverage are unapproved; no approved benchmark or percentile. Layer observation date unverified.,limited,Sample public-open-space filter includes sports grounds and natural open space that can include river land/water. Not confirmed vegetation or current access. Inventory completeness/date unverified. Denominator is preliminary 2025 ERP.
211021261,Donvale - Park Orchards,1,451,16668,16894,1.3558915286777058,2.6306072040632813,0.9999999999999939,1881301.511403142,111.35915185291476,,sample_only_not_approved_for_publication,available,Historical reported rent; not current advertised rent.,available,"2025 ERP is preliminary; historical estimated change, not a forecast.",limited,Sample area-weighted raw index over covered land only. Weighting and minimum coverage are unapproved; no approved benchmark or percentile. Layer observation date unverified.,limited,Sample public-open-space filter includes sports grounds and natural open space that can include river land/water. Not confirmed vegetation or current access. Inventory completeness/date unverified. Denominator is preliminary 2025 ERP.
211021262,Warrandyte - Wonga Park,1,481,10404,10229,-1.6820453671664743,1.0245919650147355,1.0,2786174.4981893175,272.37994898712657,,sample_only_not_approved_for_publication,available,Historical reported rent; not current advertised rent.,available,"2025 ERP is preliminary; historical estimated change, not a forecast.",limited,Sample area-weighted raw index over covered land only. Weighting and minimum coverage are unapproved; no approved benchmark or percentile. Layer observation date unverified.,limited,Sample public-open-space filter includes sports grounds and natural open space that can include river land/water. Not confirmed vegetation or current access. Inventory completeness/date unverified. Denominator is preliminary 2025 ERP.
211031263,Bayswater North,1,361,12332,12097,-1.9056114174505352,2.9780937884530476,0.9999999999999902,643933.874832033,53.23087334314565,,sample_only_not_approved_for_publication,available,Historical reported rent; not current advertised rent.,available,"2025 ERP is preliminary; historical estimated change, not a forecast.",limited,Sample area-weighted raw index over covered land only. Weighting and minimum coverage are unapproved; no approved benchmark or percentile. Layer observation date unverified.,limited,Sample public-open-space filter includes sports grounds and natural open space that can include river land/water. Not confirmed vegetation or current access. Inventory completeness/date unverified. Denominator is preliminary 2025 ERP.
211031265,Croydon Hills - Warranwood,1,431,18640,18457,-0.9817596566523605,3.4948916447363114,0.9999999999999819,856880.3326187473,46.425764350585,,sample_only_not_approved_for_publication,available,Historical reported rent; not current advertised rent.,available,"2025 ERP is preliminary; historical estimated change, not a forecast.",limited,Sample area-weighted raw index over covered land only. Weighting and minimum coverage are unapproved; no approved benchmark or percentile. Layer observation date unverified.,limited,Sample public-open-space filter includes sports grounds and natural open space that can include river land/water. Not confirmed vegetation or current access. Inventory completeness/date unverified. Denominator is preliminary 2025 ERP.
211031266,Ringwood,1,381,19158,19779,3.2414657062323835,9.128342113664383,1.0,1266104.2700890237,64.01255220633115,,sample_only_not_approved_for_publication,available,Historical reported rent; not current advertised rent.,available,"2025 ERP is preliminary; historical estimated change, not a forecast.",limited,Sample area-weighted raw index over covered land only. Weighting and minimum coverage are unapproved; no approved benchmark or percentile. Layer observation date unverified.,limited,Sample public-open-space filter includes sports grounds and natural open space that can include river land/water. Not confirmed vegetation or current access. Inventory completeness/date unverified. Denominator is preliminary 2025 ERP.
211031267,Ringwood East,1,385,21785,22164,1.7397291714482441,5.149698082540353,0.999999999999997,759032.5387749808,34.24618926073727,,sample_only_not_approved_for_publication,available,Historical reported rent; not current advertised rent.,available,"2025 ERP is preliminary; historical estimated change, not a forecast.",limited,Sample area-weighted raw index over covered land only. Weighting and minimum coverage are unapproved; no approved benchmark or percentile. Layer observation date unverified.,limited,Sample public-open-space filter includes sports grounds and natural open space that can include river land/water. Not confirmed vegetation or current access. Inventory completeness/date unverified. Denominator is preliminary 2025 ERP.
211031268,Ringwood North,1,436,9931,9839,-0.9263921055281442,6.806645996052215,1.0,584830.5323240308,59.4400378416537,,sample_only_not_approved_for_publication,available,Historical reported rent; not current advertised rent.,available,"2025 ERP is preliminary; historical estimated change, not a forecast.",limited,Sample area-weighted raw index over covered land only. Weighting and minimum coverage are unapproved; no approved benchmark or percentile. Layer observation date unverified.,limited,Sample public-open-space filter includes sports grounds and natural open space that can include river land/water. Not confirmed vegetation or current access. Inventory completeness/date unverified. Denominator is preliminary 2025 ERP.
211031450,Croydon - East,1,371,16403,17345,5.742851917332195,5.488998127491817,1.0,1377018.1023429781,79.38991653750234,,sample_only_not_approved_for_publication,available,Historical reported rent; not current advertised rent.,available,"2025 ERP is preliminary; historical estimated change, not a forecast.",limited,Sample area-weighted raw index over covered land only. Weighting and minimum coverage are unapproved; no approved benchmark or percentile. Layer observation date unverified.,limited,Sample public-open-space filter includes sports grounds and natural open space that can include river land/water. Not confirmed vegetation or current access. Inventory completeness/date unverified. Denominator is preliminary 2025 ERP.
211031451,Croydon - West,1,399,14561,14940,2.602843211317904,6.37006512013821,0.9999999999999906,504180.04168078164,33.746990741685515,,sample_only_not_approved_for_publication,available,Historical reported rent; not current advertised rent.,available,"2025 ERP is preliminary; historical estimated change, not a forecast.",limited,Sample area-weighted raw index over covered land only. Weighting and minimum coverage are unapproved; no approved benchmark or percentile. Layer observation date unverified.,limited,Sample public-open-space filter includes sports grounds and natural open space that can include river land/water. Not confirmed vegetation or current access. Inventory completeness/date unverified. Denominator is preliminary 2025 ERP.
211031452,Croydon South,1,410,5015,5147,2.6321036889332006,2.5551488934791746,0.9999999999999636,97725.55103236095,18.986895479378465,,sample_only_not_approved_for_publication,available,Historical reported rent; not current advertised rent.,available,"2025 ERP is preliminary; historical estimated change, not a forecast.",limited,Sample area-weighted raw index over covered land only. Weighting and minimum coverage are unapproved; no approved benchmark or percentile. Layer observation date unverified.,limited,Sample public-open-space filter includes sports grounds and natural open space that can include river land/water. Not confirmed vegetation or current access. Inventory completeness/date unverified. Denominator is preliminary 2025 ERP.
211041269,Forest Hill,1,396,11166,11256,0.8060182697474476,7.762103739938062,0.9999999999999947,305086.08381638647,27.10430737530086,,sample_only_not_approved_for_publication,available,Historical reported rent; not current advertised rent.,available,"2025 ERP is preliminary; historical estimated change, not a forecast.",limited,Sample area-weighted raw index over covered land only. Weighting and minimum coverage are unapproved; no approved benchmark or percentile. Layer observation date unverified.,limited,Sample public-open-space filter includes sports grounds and natural open space that can include river land/water. Not confirmed vegetation or current access. Inventory completeness/date unverified. Denominator is preliminary 2025 ERP.
211041270,Mitcham (Vic.),1,406,17338,17496,0.9112931133925481,9.23169833022054,1.0,617655.3016446894,35.302657844346676,,sample_only_not_approved_for_publication,available,Historical reported rent; not current advertised rent.,available,"2025 ERP is preliminary; historical estimated change, not a forecast.",limited,Sample area-weighted raw index over covered land only. Weighting and minimum coverage are unapproved; no approved benchmark or percentile. Layer observation date unverified.,limited,Sample public-open-space filter includes sports grounds and natural open space that can include river land/water. Not confirmed vegetation or current access. Inventory completeness/date unverified. Denominator is preliminary 2025 ERP.
211041271,Nunawading,1,391,12861,13247,3.0013218256745198,10.996353984302452,0.9999999999999938,408969.858445123,30.872639725607534,,sample_only_not_approved_for_publication,available,Historical reported rent; not current advertised rent.,available,"2025 ERP is preliminary; historical estimated change, not a forecast.",limited,Sample area-weighted raw index over covered land only. Weighting and minimum coverage are unapproved; no approved benchmark or percentile. Layer observation date unverified.,limited,Sample public-open-space filter includes sports grounds and natural open space that can include river land/water. Not confirmed vegetation or current access. Inventory completeness/date unverified. Denominator is preliminary 2025 ERP.
211041272,Vermont,1,426,11337,11435,0.8644262150480727,6.311506847913879,0.999999999999983,452446.26109215856,39.56679152533088,,sample_only_not_approved_for_publication,available,Historical reported rent; not current advertised rent.,available,"2025 ERP is preliminary; historical estimated change, not a forecast.",limited,Sample area-weighted raw index over covered land only. Weighting and minimum coverage are unapproved; no approved benchmark or percentile. Layer observation date unverified.,limited,Sample public-open-space filter includes sports grounds and natural open space that can include river land/water. Not confirmed vegetation or current access. Inventory completeness/date unverified. Denominator is preliminary 2025 ERP.
211041273,Vermont South,1,496,12303,12250,-0.4307892383971389,5.328663986826618,0.9999999999999966,725028.0828318186,59.18596594545458,,sample_only_not_approved_for_publication,available,Historical reported rent; not current advertised rent.,available,"2025 ERP is preliminary; historical estimated change, not a forecast.",limited,Sample area-weighted raw index over covered land only. Weighting and minimum coverage are unapproved; no approved benchmark or percentile. Layer observation date unverified.,limited,Sample public-open-space filter includes sports grounds and natural open space that can include river land/water. Not confirmed vegetation or current access. Inventory completeness/date unverified. Denominator is preliminary 2025 ERP.
211051274,Belgrave - Selby,1,400,10339,9964,-3.6270432343553534,0.6621283968999301,1.0,10256602.235134788,1029.3659409007214,,sample_only_not_approved_for_publication,available,Historical reported rent; not current advertised rent.,available,"2025 ERP is preliminary; historical estimated change, not a forecast.",limited,Sample area-weighted raw index over covered land only. Weighting and minimum coverage are unapproved; no approved benchmark or percentile. Layer observation date unverified.,limited,Sample public-open-space filter includes sports grounds and natural open space that can include river land/water. Not confirmed vegetation or current access. Inventory completeness/date unverified. Denominator is preliminary 2025 ERP.
211051275,Chirnside Park,1,443,11767,12603,7.10461460015297,1.0124681052794517,0.9999999999999981,401013.58829223976,31.81889933287628,,sample_only_not_approved_for_publication,available,Historical reported rent; not current advertised rent.,available,"2025 ERP is preliminary; historical estimated change, not a forecast.",limited,Sample area-weighted raw index over covered land only. Weighting and minimum coverage are unapproved; no approved benchmark or percentile. Layer observation date unverified.,limited,Sample public-open-space filter includes sports grounds and natural open space that can include river land/water. Not confirmed vegetation or current access. Inventory completeness/date unverified. Denominator is preliminary 2025 ERP.
211051276,Healesville - Yarra Glen,1,350,14335,14116,-1.5277293337983955,0.05013045367713815,0.9995659205257073,43047477.02362801,3049.5520702485132,,sample_only_not_approved_for_publication,available,Historical reported rent; not current advertised rent.,available,"2025 ERP is preliminary; historical estimated change, not a forecast.",limited,Sample area-weighted raw index over covered land only. Weighting and minimum coverage are unapproved; no approved benchmark or percentile. Layer observation date unverified.,limited,Sample public-open-space filter includes sports grounds and natural open space that can include river land/water. Not confirmed vegetation or current access. Inventory completeness/date unverified. Denominator is preliminary 2025 ERP.
211051277,Kilsyth,1,396,9962,10692,7.327845814093555,2.3972773807807397,1.0,358456.94741846976,33.52571524677046,,sample_only_not_approved_for_publication,available,Historical reported rent; not current advertised rent.,available,"2025 ERP is preliminary; historical estimated change, not a forecast.",limited,Sample area-weighted raw index over covered land only. Weighting and minimum coverage are unapproved; no approved benchmark or percentile. Layer observation date unverified.,limited,Sample public-open-space filter includes sports grounds and natural open space that can include river land/water. Not confirmed vegetation or current access. Inventory completeness/date unverified. Denominator is preliminary 2025 ERP.
211051278,Lilydale - Coldstream,1,369,19952,20905,4.776463512429832,0.4202573651106657,0.9999999999999974,2970453.2019310463,142.09295393116702,,sample_only_not_approved_for_publication,available,Historical reported rent; not current advertised rent.,available,"2025 ERP is preliminary; historical estimated change, not a forecast.",limited,Sample area-weighted raw index over covered land only. Weighting and minimum coverage are unapproved; no approved benchmark or percentile. Layer observation date unverified.,limited,Sample public-open-space filter includes sports grounds and natural open space that can include river land/water. Not confirmed vegetation or current access. Inventory completeness/date unverified. Denominator is preliminary 2025 ERP.
211051279,Monbulk - Silvan,1,360,5878,5840,-0.6464783940115686,0.13143617745559466,1.0,1442931.4902474822,247.07730997388393,,sample_only_not_approved_for_publication,available,Historical reported rent; not current advertised rent.,available,"2025 ERP is preliminary; historical estimated change, not a forecast.",limited,Sample area-weighted raw index over covered land only. Weighting and minimum coverage are unapproved; no approved benchmark or percentile. Layer observation date unverified.,limited,Sample public-open-space filter includes sports grounds and natural open space that can include river land/water. Not confirmed vegetation or current access. Inventory completeness/date unverified. Denominator is preliminary 2025 ERP.
211051280,Montrose,1,365,7051,6904,-2.0848106651538787,1.6109382767601748,0.9999999999999848,843158.8040748741,122.12613037005708,,sample_only_not_approved_for_publication,available,Historical reported rent; not current advertised rent.,available,"2025 ERP is preliminary; historical estimated change, not a forecast.",limited,Sample area-weighted raw index over covered land only. Weighting and minimum coverage are unapproved; no approved benchmark or percentile. Layer observation date unverified.,limited,Sample public-open-space filter includes sports grounds and natural open space that can include river land/water. Not confirmed vegetation or current access. Inventory completeness/date unverified. Denominator is preliminary 2025 ERP.
211051281,Mooroolbark,1,400,23917,24395,1.9985784170255467,1.8900551848944394,1.0,939291.8358073699,38.50345709396884,,sample_only_not_approved_for_publication,available,Historical reported rent; not current advertised rent.,available,"2025 ERP is preliminary; historical estimated change, not a forecast.",limited,Sample area-weighted raw index over covered land only. Weighting and minimum coverage are unapproved; no approved benchmark or percentile. Layer observation date unverified.,limited,Sample public-open-space filter includes sports grounds and natural open space that can include river land/water. Not confirmed vegetation or current access. Inventory completeness/date unverified. Denominator is preliminary 2025 ERP.
211051282,Mount Dandenong - Olinda,1,400,9953,9587,-3.677283231186577,0.44902941215136505,0.9999999999999972,8527883.3072755,889.5257439528007,,sample_only_not_approved_for_publication,available,Historical reported rent; not current advertised rent.,available,"2025 ERP is preliminary; historical estimated change, not a forecast.",limited,Sample area-weighted raw index over covered land only. Weighting and minimum coverage are unapproved; no approved benchmark or percentile. Layer observation date unverified.,limited,Sample public-open-space filter includes sports grounds and natural open space that can include river land/water. Not confirmed vegetation or current access. Inventory completeness/date unverified. Denominator is preliminary 2025 ERP.
211051283,Mount Evelyn,1,365,9949,10043,0.9448185747311287,1.355893171888952,1.0,1565941.768218568,155.92370489082626,,sample_only_not_approved_for_publication,available,Historical reported rent; not current advertised rent.,available,"2025 ERP is preliminary; historical estimated change, not a forecast.",limited,Sample area-weighted raw index over covered land only. Weighting and minimum coverage are unapproved; no approved benchmark or percentile. Layer observation date unverified.,limited,Sample public-open-space filter includes sports grounds and natural open space that can include river land/water. Not confirmed vegetation or current access. Inventory completeness/date unverified. Denominator is preliminary 2025 ERP.
211051284,Upwey - Tecoma,1,375,9952,9867,-0.8540996784565916,2.5962365751516012,0.9999999999999986,233327.13949789622,23.64722200242183,,sample_only_not_approved_for_publication,available,Historical reported rent; not current advertised rent.,available,"2025 ERP is preliminary; historical estimated change, not a forecast.",limited,Sample area-weighted raw index over covered land only. Weighting and minimum coverage are unapproved; no approved benchmark or percentile. Layer observation date unverified.,limited,Sample public-open-space filter includes sports grounds and natural open space that can include river land/water. Not confirmed vegetation or current access. Inventory completeness/date unverified. Denominator is preliminary 2025 ERP.
211051285,Wandin - Seville,1,360,7996,7996,0.0,0.09796524170073487,1.0,1152616.062157098,144.14908231079264,,sample_only_not_approved_for_publication,available,Historical reported rent; not current advertised rent.,available,"2025 ERP is preliminary; historical estimated change, not a forecast.",limited,Sample area-weighted raw index over covered land only. Weighting and minimum coverage are unapproved; no approved benchmark or percentile. Layer observation date unverified.,limited,Sample public-open-space filter includes sports grounds and natural open space that can include river land/water. Not confirmed vegetation or current access. Inventory completeness/date unverified. Denominator is preliminary 2025 ERP.
211051286,Yarra Valley,1,315,17006,17087,0.4763024814771257,0.039040618878783385,0.9999999751184461,284107180.34826374,16627.09547306512,,sample_only_not_approved_for_publication,available,Historical reported rent; not current advertised rent.,available,"2025 ERP is preliminary; historical estimated change, not a forecast.",limited,Sample area-weighted raw index over covered land only. Weighting and minimum coverage are unapproved; no approved benchmark or percentile. Layer observation date unverified.,limited,Sample public-open-space filter includes sports grounds and natural open space that can include river land/water. Not confirmed vegetation or current access. Inventory completeness/date unverified. Denominator is preliminary 2025 ERP.
212011289,Emerald - Cockatoo,1,370,18838,19043,1.088225926319142,0.06159061619486829,0.9999999999999971,41547619.80640825,2181.779121273342,,sample_only_not_approved_for_publication,available,Historical reported rent; not current advertised rent.,available,"2025 ERP is preliminary; historical estimated change, not a forecast.",limited,Sample area-weighted raw index over covered land only. Weighting and minimum coverage are unapproved; no approved benchmark or percentile. Layer observation date unverified.,limited,Sample public-open-space filter includes sports grounds and natural open space that can include river land/water. Not confirmed vegetation or current access. Inventory completeness/date unverified. Denominator is preliminary 2025 ERP.
212011546,Beaconsfield - Officer,1,391,22381,29524,31.915464009651043,0.4732403379897069,0.9999999999999951,1661829.9325451655,56.287424893143395,,sample_only_not_approved_for_publication,available,Historical reported rent; not current advertised rent.,available,"2025 ERP is preliminary; historical estimated change, not a forecast.",limited,Sample area-weighted raw index over covered land only. Weighting and minimum coverage are unapproved; no approved benchmark or percentile. Layer observation date unverified.,limited,Sample public-open-space filter includes sports grounds and natural open space that can include river land/water. Not confirmed vegetation or current access. Inventory completeness/date unverified. Denominator is preliminary 2025 ERP.
212011547,Bunyip - Garfield,1,311,9701,10366,6.85496340583445,0.029928377868261156,0.9999955576501487,7257339.91750229,700.1099669595109,,sample_only_not_approved_for_publication,available,Historical reported rent; not current advertised rent.,available,"2025 ERP is preliminary; historical estimated change, not a forecast.",limited,Sample area-weighted raw index over covered land only. Weighting and minimum coverage are unapproved; no approved benchmark or percentile. Layer observation date unverified.,limited,Sample public-open-space filter includes sports grounds and natural open space that can include river land/water. Not confirmed vegetation or current access. Inventory completeness/date unverified. Denominator is preliminary 2025 ERP.
212011548,Koo Wee Rup,1,320,9387,12598,34.20688185788857,0.0036523461207124577,0.9994035597867185,9352665.66059906,742.3928925701747,,sample_only_not_approved_for_publication,available,Historical reported rent; not current advertised rent.,available,"2025 ERP is preliminary; historical estimated change, not a forecast.",limited,Sample area-weighted raw index over covered land only. Weighting and minimum coverage are unapproved; no approved benchmark or percentile. Layer observation date unverified.,limited,Sample public-open-space filter includes sports grounds and natural open space that can include river land/water. Not confirmed vegetation or current access. Inventory completeness/date unverified. Denominator is preliminary 2025 ERP.
212011549,Pakenham - North East,1,346,15625,16593,6.1952,0.3314488759262796,0.9999999999999931,751241.9556169875,45.27463120695399,,sample_only_not_approved_for_publication,available,Historical reported rent; not current advertised rent.,available,"2025 ERP is preliminary; historical estimated change, not a forecast.",limited,Sample area-weighted raw index over covered land only. Weighting and minimum coverage are unapproved; no approved benchmark or percentile. Layer observation date unverified.,limited,Sample public-open-space filter includes sports grounds and natural open space that can include river land/water. Not confirmed vegetation or current access. Inventory completeness/date unverified. Denominator is preliminary 2025 ERP.
212011550,Pakenham - North West,1,366,7128,10502,47.334455667789,0.08307693854917893,0.9999999999999902,1292459.5465293296,123.06794387062746,,sample_only_not_approved_for_publication,available,Historical reported rent; not current advertised rent.,available,"2025 ERP is preliminary; historical estimated change, not a forecast.",limited,Sample area-weighted raw index over covered land only. Weighting and minimum coverage are unapproved; no approved benchmark or percentile. Layer observation date unverified.,limited,Sample public-open-space filter includes sports grounds and natural open space that can include river land/water. Not confirmed vegetation or current access. Inventory completeness/date unverified. Denominator is preliminary 2025 ERP.
212011551,Pakenham - South East,1,335,6215,6778,9.058728881737732,0.3729856202102369,1.0,730106.6078776856,107.71711535522066,,sample_only_not_approved_for_publication,available,Historical reported rent; not current advertised rent.,available,"2025 ERP is preliminary; historical estimated change, not a forecast.",limited,Sample area-weighted raw index over covered land only. Weighting and minimum coverage are unapproved; no approved benchmark or percentile. Layer observation date unverified.,limited,Sample public-open-space filter includes sports grounds and natural open space that can include river land/water. Not confirmed vegetation or current access. Inventory completeness/date unverified. Denominator is preliminary 2025 ERP.
212011552,Pakenham - South West,1,369,27387,28194,2.946653521743893,1.089506612899931,1.0,1518346.6862966146,53.85353927419361,,sample_only_not_approved_for_publication,available,Historical reported rent; not current advertised rent.,available,"2025 ERP is preliminary; historical estimated change, not a forecast.",limited,Sample area-weighted raw index over covered land only. Weighting and minimum coverage are unapproved; no approved benchmark or percentile. Layer observation date unverified.,limited,Sample public-open-space filter includes sports grounds and natural open space that can include river land/water. Not confirmed vegetation or current access. Inventory completeness/date unverified. Denominator is preliminary 2025 ERP.
212021293,Berwick - North,1,380,23710,23637,-0.3078869675242514,2.314470060727751,0.9999999999999803,3848397.4727956424,162.8124327450879,,sample_only_not_approved_for_publication,available,Historical reported rent; not current advertised rent.,available,"2025 ERP is preliminary; historical estimated change, not a forecast.",limited,Sample area-weighted raw index over covered land only. Weighting and minimum coverage are unapproved; no approved benchmark or percentile. Layer observation date unverified.,limited,Sample public-open-space filter includes sports grounds and natural open space that can include river land/water. Not confirmed vegetation or current access. Inventory completeness/date unverified. Denominator is preliminary 2025 ERP.
212021295,Doveton,1,320,12513,12893,3.036841684647966,3.908096091543144,0.9999999999999912,935678.6829821686,72.57261172591085,,sample_only_not_approved_for_publication,available,Historical reported rent; not current advertised rent.,available,"2025 ERP is preliminary; historical estimated change, not a forecast.",limited,Sample area-weighted raw index over covered land only. Weighting and minimum coverage are unapproved; no approved benchmark or percentile. Layer observation date unverified.,limited,Sample public-open-space filter includes sports grounds and natural open space that can include river land/water. Not confirmed vegetation or current access. Inventory completeness/date unverified. Denominator is preliminary 2025 ERP.
212021297,Hallam,1,361,11968,12009,0.3425802139037433,2.7833619726378047,0.9999999999999889,575464.8858997886,47.91946755764748,,sample_only_not_approved_for_publication,available,Historical reported rent; not current advertised rent.,available,"2025 ERP is preliminary; historical estimated change, not a forecast.",limited,Sample area-weighted raw index over covered land only. Weighting and minimum coverage are unapproved; no approved benchmark or percentile. Layer observation date unverified.,limited,Sample public-open-space filter includes sports grounds and natural open space that can include river land/water. Not confirmed vegetation or current access. Inventory completeness/date unverified. Denominator is preliminary 2025 ERP.
212021299,Narre Warren North,1,400,8365,8237,-1.5301852958756725,0.13620204946665776,1.0,2725866.0515819937,330.92947087313263,,sample_only_not_approved_for_publication,available,Historical reported rent; not current advertised rent.,available,"2025 ERP is preliminary; historical estimated change, not a forecast.",limited,Sample area-weighted raw index over covered land only. Weighting and minimum coverage are unapproved; no approved benchmark or percentile. Layer observation date unverified.,limited,Sample public-open-space filter includes sports grounds and natural open space that can include river land/water. Not confirmed vegetation or current access. Inventory completeness/date unverified. Denominator is preliminary 2025 ERP.
212021453,Endeavour Hills - North,1,369,12458,12175,-2.27163268582437,1.0812450112612089,1.0,5113642.645960404,420.01171630064914,,sample_only_not_approved_for_publication,available,Historical reported rent; not current advertised rent.,available,"2025 ERP is preliminary; historical estimated change, not a forecast.",limited,Sample area-weighted raw index over covered land only. Weighting and minimum coverage are unapproved; no approved benchmark or percentile. Layer observation date unverified.,limited,Sample public-open-space filter includes sports grounds and natural open space that can include river land/water. Not confirmed vegetation or current access. Inventory completeness/date unverified. Denominator is preliminary 2025 ERP.
212021454,Endeavour Hills - South,1,383,13845,13539,-2.2101841820151678,3.9791936480719423,0.9999999999999865,458229.4355805156,33.84514628706076,,sample_only_not_approved_for_publication,available,Historical reported rent; not current advertised rent.,available,"2025 ERP is preliminary; historical estimated change, not a forecast.",limited,Sample area-weighted raw index over covered land only. Weighting and minimum coverage are unapproved; no approved benchmark or percentile. Layer observation date unverified.,limited,Sample public-open-space filter includes sports grounds and natural open space that can include river land/water. Not confirmed vegetation or current access. Inventory completeness/date unverified. Denominator is preliminary 2025 ERP.
212021455,Narre Warren - North East,1,370,13888,13618,-1.9441244239631337,2.080781492390333,0.9999999999999954,631273.7950108241,46.355837495287425,,sample_only_not_approved_for_publication,available,Historical reported rent; not current advertised rent.,available,"2025 ERP is preliminary; historical estimated change, not a forecast.",limited,Sample area-weighted raw index over covered land only. Weighting and minimum coverage are unapproved; no approved benchmark or percentile. Layer observation date unverified.,limited,Sample public-open-space filter includes sports grounds and natural open space that can include river land/water. Not confirmed vegetation or current access. Inventory completeness/date unverified. Denominator is preliminary 2025 ERP.
212021456,Narre Warren - South West,1,360,15170,15484,2.069874752801582,3.649603694673221,1.0,1453239.9769541968,93.85429972579416,,sample_only_not_approved_for_publication,available,Historical reported rent; not current advertised rent.,available,"2025 ERP is preliminary; historical estimated change, not a forecast.",limited,Sample area-weighted raw index over covered land only. Weighting and minimum coverage are unapproved; no approved benchmark or percentile. Layer observation date unverified.,limited,Sample public-open-space filter includes sports grounds and natural open space that can include river land/water. Not confirmed vegetation or current access. Inventory completeness/date unverified. Denominator is preliminary 2025 ERP.
212021553,Berwick - South East,1,430,17923,20765,15.856720415109077,2.023375943193799,0.9999999999999836,868297.559476064,41.815437489817675,,sample_only_not_approved_for_publication,available,Historical reported rent; not current advertised rent.,available,"2025 ERP is preliminary; historical estimated change, not a forecast.",limited,Sample area-weighted raw index over covered land only. Weighting and minimum coverage are unapproved; no approved benchmark or percentile. Layer observation date unverified.,limited,Sample public-open-space filter includes sports grounds and natural open space that can include river land/water. Not confirmed vegetation or current access. Inventory completeness/date unverified. Denominator is preliminary 2025 ERP.
212021554,Berwick - South West,1,400,11196,13243,18.283315469810645,1.7797629944237694,1.0,874008.4946657191,65.9977720052646,,sample_only_not_approved_for_publication,available,Historical reported rent; not current advertised rent.,available,"2025 ERP is preliminary; historical estimated change, not a forecast.",limited,Sample area-weighted raw index over covered land only. Weighting and minimum coverage are unapproved; no approved benchmark or percentile. Layer observation date unverified.,limited,Sample public-open-space filter includes sports grounds and natural open space that can include river land/water. Not confirmed vegetation or current access. Inventory completeness/date unverified. Denominator is preliminary 2025 ERP.
212031300,Cranbourne,1,342,21673,22708,4.775527153601255,3.3112442798754436,0.9999999999999738,1630961.2653718626,71.82320175144719,,sample_only_not_approved_for_publication,available,Historical reported rent; not current advertised rent.,available,"2025 ERP is preliminary; historical estimated change, not a forecast.",limited,Sample area-weighted raw index over covered land only. Weighting and minimum coverage are unapproved; no approved benchmark or percentile. Layer observation date unverified.,limited,Sample public-open-space filter includes sports grounds and natural open space that can include river land/water. Not confirmed vegetation or current access. Inventory completeness/date unverified. Denominator is preliminary 2025 ERP.
212031303,Cranbourne South,1,408,15388,27368,77.85287236807902,0.11891807778572264,0.9999999999999932,442764.83821904083,16.178194907155834,,sample_only_not_approved_for_publication,available,Historical reported rent; not current advertised rent.,available,"2025 ERP is preliminary; historical estimated change, not a forecast.",limited,Sample area-weighted raw index over covered land only. Weighting and minimum coverage are unapproved; no approved benchmark or percentile. Layer observation date unverified.,limited,Sample public-open-space filter includes sports grounds and natural open space that can include river land/water. Not confirmed vegetation or current access. Inventory completeness/date unverified. Denominator is preliminary 2025 ERP.
212031304,Cranbourne West,1,380,20867,25490,22.154598169358316,1.3086532520536558,0.9999999999999895,663889.9131306093,26.04511232368024,,sample_only_not_approved_for_publication,available,Historical reported rent; not current advertised rent.,available,"2025 ERP is preliminary; historical estimated change, not a forecast.",limited,Sample area-weighted raw index over covered land only. Weighting and minimum coverage are unapproved; no approved benchmark or percentile. Layer observation date unverified.,limited,Sample public-open-space filter includes sports grounds and natural open space that can include river land/water. Not confirmed vegetation or current access. Inventory completeness/date unverified. Denominator is preliminary 2025 ERP.
212031306,Lynbrook - Lyndhurst,1,416,18118,19545,7.876145269897339,3.1196558546108037,0.9999999999999925,636986.3734627817,32.59075842736156,,sample_only_not_approved_for_publication,available,Historical reported rent; not current advertised rent.,available,"2025 ERP is preliminary; historical estimated change, not a forecast.",limited,Sample area-weighted raw index over covered land only. Weighting and minimum coverage are unapproved; no approved benchmark or percentile. Layer observation date unverified.,limited,Sample public-open-space filter includes sports grounds and natural open space that can include river land/water. Not confirmed vegetation or current access. Inventory completeness/date unverified. Denominator is preliminary 2025 ERP.
212031308,Pearcedale - Tooradin,1,370,8140,8272,1.6216216216216217,0.04993803745490104,0.8892172560723409,2477701.7301766686,299.52873914128,,sample_only_not_approved_for_publication,available,Historical reported rent; not current advertised rent.,available,"2025 ERP is preliminary; historical estimated change, not a forecast.",limited,Sample area-weighted raw index over covered land only. Weighting and minimum coverage are unapproved; no approved benchmark or percentile. Layer observation date unverified.,limited,Sample public-open-space filter includes sports grounds and natural open space that can include river land/water. Not confirmed vegetation or current access. Inventory completeness/date unverified. Denominator is preliminary 2025 ERP.
212031457,Narre Warren South - East,1,430,13417,13022,-2.9440262353730344,2.6365480689645646,0.9999999999999833,1082273.7190752032,83.11117486370782,,sample_only_not_approved_for_publication,available,Historical reported rent; not current advertised rent.,available,"2025 ERP is preliminary; historical estimated change, not a forecast.",limited,Sample area-weighted raw index over covered land only. Weighting and minimum coverage are unapproved; no approved benchmark or percentile. Layer observation date unverified.,limited,Sample public-open-space filter includes sports grounds and natural open space that can include river land/water. Not confirmed vegetation or current access. Inventory completeness/date unverified. Denominator is preliminary 2025 ERP.
212031458,Narre Warren South - West,1,392,17356,17083,-1.5729430744411155,3.0251972298946095,1.0,725505.7574193341,42.4694583749537,,sample_only_not_approved_for_publication,available,Historical reported rent; not current advertised rent.,available,"2025 ERP is preliminary; historical estimated change, not a forecast.",limited,Sample area-weighted raw index over covered land only. Weighting and minimum coverage are unapproved; no approved benchmark or percentile. Layer observation date unverified.,limited,Sample public-open-space filter includes sports grounds and natural open space that can include river land/water. Not confirmed vegetation or current access. Inventory completeness/date unverified. Denominator is preliminary 2025 ERP.
212031555,Clyde North - North,1,421,9217,13667,48.280351524357165,0.5129465897633715,0.999999999999981,106568.06954087532,7.797473442663008,,sample_only_not_approved_for_publication,available,Historical reported rent; not current advertised rent.,available,"2025 ERP is preliminary; historical estimated change, not a forecast.",limited,Sample area-weighted raw index over covered land only. Weighting and minimum coverage are unapproved; no approved benchmark or percentile. Layer observation date unverified.,limited,Sample public-open-space filter includes sports grounds and natural open space that can include river land/water. Not confirmed vegetation or current access. Inventory completeness/date unverified. Denominator is preliminary 2025 ERP.
212031556,Clyde North - South,1,410,11904,28328,137.97043010752688,0.5963726065491153,1.0,41009.218290355915,1.4476566750337445,,sample_only_not_approved_for_publication,available,Historical reported rent; not current advertised rent.,available,"2025 ERP is preliminary; historical estimated change, not a forecast.",limited,Sample area-weighted raw index over covered land only. Weighting and minimum coverage are unapproved; no approved benchmark or percentile. Layer observation date unverified.,limited,Sample public-open-space filter includes sports grounds and natural open space that can include river land/water. Not confirmed vegetation or current access. Inventory completeness/date unverified. Denominator is preliminary 2025 ERP.
212031557,Cranbourne East - North,1,400,23384,25111,7.385391720834758,1.9492476767133167,1.0,546735.0516988466,21.772731141684783,,sample_only_not_approved_for_publication,available,Historical reported rent; not current advertised rent.,available,"2025 ERP is preliminary; historical estimated change, not a forecast.",limited,Sample area-weighted raw index over covered land only. Weighting and minimum coverage are unapproved; no approved benchmark or percentile. Layer observation date unverified.,limited,Sample public-open-space filter includes sports grounds and natural open space that can include river land/water. Not confirmed vegetation or current access. Inventory completeness/date unverified. Denominator is preliminary 2025 ERP.
212031558,Cranbourne East - South,1,401,11120,15590,40.197841726618705,0.7056776912410545,0.9999999999999882,927715.9420061838,59.50711622874816,,sample_only_not_approved_for_publication,available,Historical reported rent; not current advertised rent.,available,"2025 ERP is preliminary; historical estimated change, not a forecast.",limited,Sample area-weighted raw index over covered land only. Weighting and minimum coverage are unapproved; no approved benchmark or percentile. Layer observation date unverified.,limited,Sample public-open-space filter includes sports grounds and natural open space that can include river land/water. Not confirmed vegetation or current access. Inventory completeness/date unverified. Denominator is preliminary 2025 ERP.
212031559,Cranbourne North - East,1,401,12658,13691,8.160846895244115,1.4308750160093682,1.0,202339.11832901783,14.778987534074782,,sample_only_not_approved_for_publication,available,Historical reported rent; not current advertised rent.,available,"2025 ERP is preliminary; historical estimated change, not a forecast.",limited,Sample area-weighted raw index over covered land only. Weighting and minimum coverage are unapproved; no approved benchmark or percentile. Layer observation date unverified.,limited,Sample public-open-space filter includes sports grounds and natural open space that can include river land/water. Not confirmed vegetation or current access. Inventory completeness/date unverified. Denominator is preliminary 2025 ERP.
212031560,Cranbourne North - West,1,355,12327,12313,-0.1135718341851221,2.8805248855418184,1.0,278808.2124477263,22.643402294138415,,sample_only_not_approved_for_publication,available,Historical reported rent; not current advertised rent.,available,"2025 ERP is preliminary; historical estimated change, not a forecast.",limited,Sample area-weighted raw index over covered land only. Weighting and minimum coverage are unapproved; no approved benchmark or percentile. Layer observation date unverified.,limited,Sample public-open-space filter includes sports grounds and natural open space that can include river land/water. Not confirmed vegetation or current access. Inventory completeness/date unverified. Denominator is preliminary 2025 ERP.
212031561,Hampton Park - East,1,355,13386,13393,0.05229344090841177,2.1143358899117795,0.9999999999999926,1508166.266512132,112.60854674174061,,sample_only_not_approved_for_publication,available,Historical reported rent; not current advertised rent.,available,"2025 ERP is preliminary; historical estimated change, not a forecast.",limited,Sample area-weighted raw index over covered land only. Weighting and minimum coverage are unapproved; no approved benchmark or percentile. Layer observation date unverified.,limited,Sample public-open-space filter includes sports grounds and natural open space that can include river land/water. Not confirmed vegetation or current access. Inventory completeness/date unverified. Denominator is preliminary 2025 ERP.
212031562,Hampton Park - West,1,350,13979,13748,-1.6524787180771157,3.1143191756837614,0.9999999999999986,905065.4459542606,65.83251716280627,,sample_only_not_approved_for_publication,available,Historical reported rent; not current advertised rent.,available,"2025 ERP is preliminary; historical estimated change, not a forecast.",limited,Sample area-weighted raw index over covered land only. Weighting and minimum coverage are unapproved; no approved benchmark or percentile. Layer observation date unverified.,limited,Sample public-open-space filter includes sports grounds and natural open space that can include river land/water. Not confirmed vegetation or current access. Inventory completeness/date unverified. Denominator is preliminary 2025 ERP.
212041309,Clarinda - Oakleigh South,1,400,12134,11741,-3.2388330311521343,4.356821066629867,1.0,360721.3334814185,30.723220635501107,,sample_only_not_approved_for_publication,available,Historical reported rent; not current advertised rent.,available,"2025 ERP is preliminary; historical estimated change, not a forecast.",limited,Sample area-weighted raw index over covered land only. Weighting and minimum coverage are unapproved; no approved benchmark or percentile. Layer observation date unverified.,limited,Sample public-open-space filter includes sports grounds and natural open space that can include river land/water. Not confirmed vegetation or current access. Inventory completeness/date unverified. Denominator is preliminary 2025 ERP.
212041310,Clayton South,1,381,14152,15349,8.45816845675523,4.714718759572069,1.0,588197.0454258592,38.32152227675152,,sample_only_not_approved_for_publication,available,Historical reported rent; not current advertised rent.,available,"2025 ERP is preliminary; historical estimated change, not a forecast.",limited,Sample area-weighted raw index over covered land only. Weighting and minimum coverage are unapproved; no approved benchmark or percentile. Layer observation date unverified.,limited,Sample public-open-space filter includes sports grounds and natural open space that can include river land/water. Not confirmed vegetation or current access. Inventory completeness/date unverified. Denominator is preliminary 2025 ERP.
212041312,Dandenong North,1,341,23655,23391,-1.1160431198478122,3.398191363101108,1.0,1752507.3469742355,74.92229263281756,,sample_only_not_approved_for_publication,available,Historical reported rent; not current advertised rent.,available,"2025 ERP is preliminary; historical estimated change, not a forecast.",limited,Sample area-weighted raw index over covered land only. Weighting and minimum coverage are unapproved; no approved benchmark or percentile. Layer observation date unverified.,limited,Sample public-open-space filter includes sports grounds and natural open space that can include river land/water. Not confirmed vegetation or current access. Inventory completeness/date unverified. Denominator is preliminary 2025 ERP.
212041313,Dingley Village,1,450,10736,10770,0.3166915052160954,2.0271985501890635,0.9999999999999964,360016.3360309329,33.42770065282571,,sample_only_not_approved_for_publication,available,Historical reported rent; not current advertised rent.,available,"2025 ERP is preliminary; historical estimated change, not a forecast.",limited,Sample area-weighted raw index over covered land only. Weighting and minimum coverage are unapproved; no approved benchmark or percentile. Layer observation date unverified.,limited,Sample public-open-space filter includes sports grounds and natural open space that can include river land/water. Not confirmed vegetation or current access. Inventory completeness/date unverified. Denominator is preliminary 2025 ERP.
212041316,Noble Park North,1,351,7762,7593,-2.1772738984797733,2.664524229643544,1.0,225826.37805440553,29.741390498407156,,sample_only_not_approved_for_publication,available,Historical reported rent; not current advertised rent.,available,"2025 ERP is preliminary; historical estimated change, not a forecast.",limited,Sample area-weighted raw index over covered land only. Weighting and minimum coverage are unapproved; no approved benchmark or percentile. Layer observation date unverified.,limited,Sample public-open-space filter includes sports grounds and natural open space that can include river land/water. Not confirmed vegetation or current access. Inventory completeness/date unverified. Denominator is preliminary 2025 ERP.
212041317,Springvale,1,356,23650,24468,3.45877378435518,5.1253265206367296,1.0,268023.38515177334,10.954037320245764,,sample_only_not_approved_for_publication,available,Historical reported rent; not current advertised rent.,available,"2025 ERP is preliminary; historical estimated change, not a forecast.",limited,Sample area-weighted raw index over covered land only. Weighting and minimum coverage are unapproved; no approved benchmark or percentile. Layer observation date unverified.,limited,Sample public-open-space filter includes sports grounds and natural open space that can include river land/water. Not confirmed vegetation or current access. Inventory completeness/date unverified. Denominator is preliminary 2025 ERP.
212041318,Springvale South,1,355,13295,13274,-0.15795411808950732,3.5573849738435834,0.9999999999999691,599970.9294388704,45.19895505792304,,sample_only_not_approved_for_publication,available,Historical reported rent; not current advertised rent.,available,"2025 ERP is preliminary; historical estimated change, not a forecast.",limited,Sample area-weighted raw index over covered land only. Weighting and minimum coverage are unapproved; no approved benchmark or percentile. Layer observation date unverified.,limited,Sample public-open-space filter includes sports grounds and natural open space that can include river land/water. Not confirmed vegetation or current access. Inventory completeness/date unverified. Denominator is preliminary 2025 ERP.
212041459,Noble Park - East,1,331,13605,13935,2.4255788313120177,4.541028861423511,1.0,281051.6560570456,20.16875895637213,,sample_only_not_approved_for_publication,available,Historical reported rent; not current advertised rent.,available,"2025 ERP is preliminary; historical estimated change, not a forecast.",limited,Sample area-weighted raw index over covered land only. Weighting and minimum coverage are unapproved; no approved benchmark or percentile. Layer observation date unverified.,limited,Sample public-open-space filter includes sports grounds and natural open space that can include river land/water. Not confirmed vegetation or current access. Inventory completeness/date unverified. Denominator is preliminary 2025 ERP.
212041460,Noble Park - West,1,346,20237,20473,1.1661807580174928,5.137392883619895,0.999999999999958,130649.2931285035,6.381541206882406,,sample_only_not_approved_for_publication,available,Historical reported rent; not current advertised rent.,available,"2025 ERP is preliminary; historical estimated change, not a forecast.",limited,Sample area-weighted raw index over covered land only. Weighting and minimum coverage are unapproved; no approved benchmark or percentile. Layer observation date unverified.,limited,Sample public-open-space filter includes sports grounds and natural open space that can include river land/water. Not confirmed vegetation or current access. Inventory completeness/date unverified. Denominator is preliminary 2025 ERP.
212041563,Dandenong - North,1,310,23012,23327,1.3688510342430036,8.822577776065225,0.99999999999996,1271582.3097408034,54.51118059505309,,sample_only_not_approved_for_publication,available,Historical reported rent; not current advertised rent.,available,"2025 ERP is preliminary; historical estimated change, not a forecast.",limited,Sample area-weighted raw index over covered land only. Weighting and minimum coverage are unapproved; no approved benchmark or percentile. Layer observation date unverified.,limited,Sample public-open-space filter includes sports grounds and natural open space that can include river land/water. Not confirmed vegetation or current access. Inventory completeness/date unverified. Denominator is preliminary 2025 ERP.
212041564,Dandenong - South,1,341,9898,10039,1.424530208122853,1.2454401866978537,1.0,3337539.21443099,332.45733782557926,,sample_only_not_approved_for_publication,available,Historical reported rent; not current advertised rent.,available,"2025 ERP is preliminary; historical estimated change, not a forecast.",limited,Sample area-weighted raw index over covered land only. Weighting and minimum coverage are unapproved; no approved benchmark or percentile. Layer observation date unverified.,limited,Sample public-open-space filter includes sports grounds and natural open space that can include river land/water. Not confirmed vegetation or current access. Inventory completeness/date unverified. Denominator is preliminary 2025 ERP.
212041565,Keysborough - North,1,381,15619,15067,-3.534157116332672,3.710320393584292,0.999999999999992,477772.96962554776,31.70989378280665,,sample_only_not_approved_for_publication,available,Historical reported rent; not current advertised rent.,available,"2025 ERP is preliminary; historical estimated change, not a forecast.",limited,Sample area-weighted raw index over covered land only. Weighting and minimum coverage are unapproved; no approved benchmark or percentile. Layer observation date unverified.,limited,Sample public-open-space filter includes sports grounds and natural open space that can include river land/water. Not confirmed vegetation or current access. Inventory completeness/date unverified. Denominator is preliminary 2025 ERP.
212041566,Keysborough - South,1,520,14915,17117,14.763660744217232,0.7418219245353435,1.0,1563631.2795946796,91.34961030523337,,sample_only_not_approved_for_publication,available,Historical reported rent; not current advertised rent.,available,"2025 ERP is preliminary; historical estimated change, not a forecast.",limited,Sample area-weighted raw index over covered land only. Weighting and minimum coverage are unapproved; no approved benchmark or percentile. Layer observation date unverified.,limited,Sample public-open-space filter includes sports grounds and natural open space that can include river land/water. Not confirmed vegetation or current access. Inventory completeness/date unverified. Denominator is preliminary 2025 ERP.
212051319,Ashwood - Chadstone,1,415,20324,21139,4.010037394213738,8.47857946237058,0.9999999999999672,594027.6453625262,28.10102868454166,,sample_only_not_approved_for_publication,available,Historical reported rent; not current advertised rent.,available,"2025 ERP is preliminary; historical estimated change, not a forecast.",limited,Sample area-weighted raw index over covered land only. Weighting and minimum coverage are unapproved; no approved benchmark or percentile. Layer observation date unverified.,limited,Sample public-open-space filter includes sports grounds and natural open space that can include river land/water. Not confirmed vegetation or current access. Inventory completeness/date unverified. Denominator is preliminary 2025 ERP.
212051321,Glen Waverley - East,1,500,22684,22820,0.5995415270675366,6.557375503822463,1.0,1151546.8988726542,50.46217786470877,,sample_only_not_approved_for_publication,available,Historical reported rent; not current advertised rent.,available,"2025 ERP is preliminary; historical estimated change, not a forecast.",limited,Sample area-weighted raw index over covered land only. Weighting and minimum coverage are unapproved; no approved benchmark or percentile. Layer observation date unverified.,limited,Sample public-open-space filter includes sports grounds and natural open space that can include river land/water. Not confirmed vegetation or current access. Inventory completeness/date unverified. Denominator is preliminary 2025 ERP.
212051322,Glen Waverley - West,1,462,21761,23417,7.609944395937687,8.996311287214436,0.9999999999999888,537281.9330863411,22.944097582369267,,sample_only_not_approved_for_publication,available,Historical reported rent; not current advertised rent.,available,"2025 ERP is preliminary; historical estimated change, not a forecast.",limited,Sample area-weighted raw index over covered land only. Weighting and minimum coverage are unapproved; no approved benchmark or percentile. Layer observation date unverified.,limited,Sample public-open-space filter includes sports grounds and natural open space that can include river land/water. Not confirmed vegetation or current access. Inventory completeness/date unverified. Denominator is preliminary 2025 ERP.
212051323,Mount Waverley - North,1,485,16649,17492,5.063367169199351,6.142862229129363,1.0,414364.8293533253,23.68881942335498,,sample_only_not_approved_for_publication,available,Historical reported rent; not current advertised rent.,available,"2025 ERP is preliminary; historical estimated change, not a forecast.",limited,Sample area-weighted raw index over covered land only. Weighting and minimum coverage are unapproved; no approved benchmark or percentile. Layer observation date unverified.,limited,Sample public-open-space filter includes sports grounds and natural open space that can include river land/water. Not confirmed vegetation or current access. Inventory completeness/date unverified. Denominator is preliminary 2025 ERP.
212051324,Mount Waverley - South,1,470,20062,20659,2.9757750971986843,7.156839830684479,0.999999999999997,810057.8299484602,39.21089258669153,,sample_only_not_approved_for_publication,available,Historical reported rent; not current advertised rent.,available,"2025 ERP is preliminary; historical estimated change, not a forecast.",limited,Sample area-weighted raw index over covered land only. Weighting and minimum coverage are unapproved; no approved benchmark or percentile. Layer observation date unverified.,limited,Sample public-open-space filter includes sports grounds and natural open space that can include river land/water. Not confirmed vegetation or current access. Inventory completeness/date unverified. Denominator is preliminary 2025 ERP.
212051325,Mulgrave,1,430,20698,21072,1.8069378683930815,4.689509696091906,0.9999999999999906,708706.2890017794,33.63260672939348,,sample_only_not_approved_for_publication,available,Historical reported rent; not current advertised rent.,available,"2025 ERP is preliminary; historical estimated change, not a forecast.",limited,Sample area-weighted raw index over covered land only. Weighting and minimum coverage are unapproved; no approved benchmark or percentile. Layer observation date unverified.,limited,Sample public-open-space filter includes sports grounds and natural open space that can include river land/water. Not confirmed vegetation or current access. Inventory completeness/date unverified. Denominator is preliminary 2025 ERP.
212051326,Oakleigh - Huntingdale,1,415,23721,25427,7.191939631550103,10.884592780480075,0.9999999999999971,523616.7110766817,20.592941010606115,,sample_only_not_approved_for_publication,available,Historical reported rent; not current advertised rent.,available,"2025 ERP is preliminary; historical estimated change, not a forecast.",limited,Sample area-weighted raw index over covered land only. Weighting and minimum coverage are unapproved; no approved benchmark or percentile. Layer observation date unverified.,limited,Sample public-open-space filter includes sports grounds and natural open space that can include river land/water. Not confirmed vegetation or current access. Inventory completeness/date unverified. Denominator is preliminary 2025 ERP.
212051327,Wheelers Hill,1,481,21193,21281,0.41523144434483084,4.564557743022676,1.0,2229371.2224799492,104.75876239274231,,sample_only_not_approved_for_publication,available,Historical reported rent; not current advertised rent.,available,"2025 ERP is preliminary; historical estimated change, not a forecast.",limited,Sample area-weighted raw index over covered land only. Weighting and minimum coverage are unapproved; no approved benchmark or percentile. Layer observation date unverified.,limited,Sample public-open-space filter includes sports grounds and natural open space that can include river land/water. Not confirmed vegetation or current access. Inventory completeness/date unverified. Denominator is preliminary 2025 ERP.
212051567,Clayton (North) - Notting Hill,1,380,11715,14911,27.281263337601366,7.481761061565448,1.0,53829.58760264703,3.6100588560557325,,sample_only_not_approved_for_publication,available,Historical reported rent; not current advertised rent.,available,"2025 ERP is preliminary; historical estimated change, not a forecast.",limited,Sample area-weighted raw index over covered land only. Weighting and minimum coverage are unapproved; no approved benchmark or percentile. Layer observation date unverified.,limited,Sample public-open-space filter includes sports grounds and natural open space that can include river land/water. Not confirmed vegetation or current access. Inventory completeness/date unverified. Denominator is preliminary 2025 ERP.
212051568,Clayton - Central,1,401,14027,15483,10.379981464318814,8.772124256912841,1.0,78218.84511940536,5.051917917677799,,sample_only_not_approved_for_publication,available,Historical reported rent; not current advertised rent.,available,"2025 ERP is preliminary; historical estimated change, not a forecast.",limited,Sample area-weighted raw index over covered land only. Weighting and minimum coverage are unapproved; no approved benchmark or percentile. Layer observation date unverified.,limited,Sample public-open-space filter includes sports grounds and natural open space that can include river land/water. Not confirmed vegetation or current access. Inventory completeness/date unverified. Denominator is preliminary 2025 ERP.
213011328,Ardeer - Albion,1,320,8082,7955,-1.5713932195001237,6.889692953131173,1.0,1084518.5794823654,136.33168818131557,,sample_only_not_approved_for_publication,available,Historical reported rent; not current advertised rent.,available,"2025 ERP is preliminary; historical estimated change, not a forecast.",limited,Sample area-weighted raw index over covered land only. Weighting and minimum coverage are unapproved; no approved benchmark or percentile. Layer observation date unverified.,limited,Sample public-open-space filter includes sports grounds and natural open space that can include river land/water. Not confirmed vegetation or current access. Inventory completeness/date unverified. Denominator is preliminary 2025 ERP.
213011329,Cairnlea,1,400,10510,10035,-4.519505233111323,2.5908129395370816,0.9999999999999822,730562.9695000808,72.80149172895673,,sample_only_not_approved_for_publication,available,Historical reported rent; not current advertised rent.,available,"2025 ERP is preliminary; historical estimated change, not a forecast.",limited,Sample area-weighted raw index over covered land only. Weighting and minimum coverage are unapproved; no approved benchmark or percentile. Layer observation date unverified.,limited,Sample public-open-space filter includes sports grounds and natural open space that can include river land/water. Not confirmed vegetation or current access. Inventory completeness/date unverified. Denominator is preliminary 2025 ERP.
213011331,Delahey,1,350,8533,7859,-7.898746044767374,3.771711672055604,1.0,184376.20774622142,23.460517590815805,,sample_only_not_approved_for_publication,available,Historical reported rent; not current advertised rent.,available,"2025 ERP is preliminary; historical estimated change, not a forecast.",limited,Sample area-weighted raw index over covered land only. Weighting and minimum coverage are unapproved; no approved benchmark or percentile. Layer observation date unverified.,limited,Sample public-open-space filter includes sports grounds and natural open space that can include river land/water. Not confirmed vegetation or current access. Inventory completeness/date unverified. Denominator is preliminary 2025 ERP.
213011332,Keilor Downs,1,360,13567,13080,-3.58959239330729,3.7304477471920348,1.0,1869788.7992117684,142.95021400701594,,sample_only_not_approved_for_publication,available,Historical reported rent; not current advertised rent.,available,"2025 ERP is preliminary; historical estimated change, not a forecast.",limited,Sample area-weighted raw index over covered land only. Weighting and minimum coverage are unapproved; no approved benchmark or percentile. Layer observation date unverified.,limited,Sample public-open-space filter includes sports grounds and natural open space that can include river land/water. Not confirmed vegetation or current access. Inventory completeness/date unverified. Denominator is preliminary 2025 ERP.
213011333,Kings Park (Vic.),1,323,14477,13956,-3.598811908544588,5.845180011927289,1.0,501131.38165187574,35.90795225364544,,sample_only_not_approved_for_publication,available,Historical reported rent; not current advertised rent.,available,"2025 ERP is preliminary; historical estimated change, not a forecast.",limited,Sample area-weighted raw index over covered land only. Weighting and minimum coverage are unapproved; no approved benchmark or percentile. Layer observation date unverified.,limited,Sample public-open-space filter includes sports grounds and natural open space that can include river land/water. Not confirmed vegetation or current access. Inventory completeness/date unverified. Denominator is preliminary 2025 ERP.
213011334,St Albans - North,1,330,21663,21020,-2.9681946175506626,8.334528662545464,0.9999999999999603,200582.1471441594,9.542442775649828,,sample_only_not_approved_for_publication,available,Historical reported rent; not current advertised rent.,available,"2025 ERP is preliminary; historical estimated change, not a forecast.",limited,Sample area-weighted raw index over covered land only. Weighting and minimum coverage are unapproved; no approved benchmark or percentile. Layer observation date unverified.,limited,Sample public-open-space filter includes sports grounds and natural open space that can include river land/water. Not confirmed vegetation or current access. Inventory completeness/date unverified. Denominator is preliminary 2025 ERP.
213011335,St Albans - South,1,323,18385,17705,-3.698667391895567,7.232156878257625,1.0,670620.7242133095,37.87747665706351,,sample_only_not_approved_for_publication,available,Historical reported rent; not current advertised rent.,available,"2025 ERP is preliminary; historical estimated change, not a forecast.",limited,Sample area-weighted raw index over covered land only. Weighting and minimum coverage are unapproved; no approved benchmark or percentile. Layer observation date unverified.,limited,Sample public-open-space filter includes sports grounds and natural open space that can include river land/water. Not confirmed vegetation or current access. Inventory completeness/date unverified. Denominator is preliminary 2025 ERP.
213011336,Sunshine,1,340,10100,10151,0.504950495049505,18.516589803003814,1.0,458573.1558125736,45.175170506607586,,sample_only_not_approved_for_publication,available,Historical reported rent; not current advertised rent.,available,"2025 ERP is preliminary; historical estimated change, not a forecast.",limited,Sample area-weighted raw index over covered land only. Weighting and minimum coverage are unapproved; no approved benchmark or percentile. Layer observation date unverified.,limited,Sample public-open-space filter includes sports grounds and natural open space that can include river land/water. Not confirmed vegetation or current access. Inventory completeness/date unverified. Denominator is preliminary 2025 ERP.
213011337,Sunshine North,1,341,12451,12751,2.4094450244960246,4.679292435230423,0.9999999999999819,818995.0369282066,64.2298672204695,,sample_only_not_approved_for_publication,available,Historical reported rent; not current advertised rent.,available,"2025 ERP is preliminary; historical estimated change, not a forecast.",limited,Sample area-weighted raw index over covered land only. Weighting and minimum coverage are unapproved; no approved benchmark or percentile. Layer observation date unverified.,limited,Sample public-open-space filter includes sports grounds and natural open space that can include river land/water. Not confirmed vegetation or current access. Inventory completeness/date unverified. Denominator is preliminary 2025 ERP.
213011338,Sunshine West,1,346,19633,18693,-4.787857179239037,4.527290176331313,0.9999999999999862,904753.3817696582,48.40065167547522,,sample_only_not_approved_for_publication,available,Historical reported rent; not current advertised rent.,available,"2025 ERP is preliminary; historical estimated change, not a forecast.",limited,Sample area-weighted raw index over covered land only. Weighting and minimum coverage are unapproved; no approved benchmark or percentile. Layer observation date unverified.,limited,Sample public-open-space filter includes sports grounds and natural open space that can include river land/water. Not confirmed vegetation or current access. Inventory completeness/date unverified. Denominator is preliminary 2025 ERP.
213011339,Sydenham,1,366,12432,12025,-3.2738095238095237,6.1450674705044355,1.0,302249.74272453,25.135113740085654,,sample_only_not_approved_for_publication,available,Historical reported rent; not current advertised rent.,available,"2025 ERP is preliminary; historical estimated change, not a forecast.",limited,Sample area-weighted raw index over covered land only. Weighting and minimum coverage are unapproved; no approved benchmark or percentile. Layer observation date unverified.,limited,Sample public-open-space filter includes sports grounds and natural open space that can include river land/water. Not confirmed vegetation or current access. Inventory completeness/date unverified. Denominator is preliminary 2025 ERP.
213011340,Taylors Lakes,1,412,17614,16896,-4.0763029408425115,2.2945324684001873,0.9999999999999968,963184.1378278907,57.00663694530603,,sample_only_not_approved_for_publication,available,Historical reported rent; not current advertised rent.,available,"2025 ERP is preliminary; historical estimated change, not a forecast.",limited,Sample area-weighted raw index over covered land only. Weighting and minimum coverage are unapproved; no approved benchmark or percentile. Layer observation date unverified.,limited,Sample public-open-space filter includes sports grounds and natural open space that can include river land/water. Not confirmed vegetation or current access. Inventory completeness/date unverified. Denominator is preliminary 2025 ERP.
213011569,Deer Park,1,350,18976,18368,-3.204047217537943,5.23098110842005,0.9999999999999898,781802.4144472663,42.563284758670854,,sample_only_not_approved_for_publication,available,Historical reported rent; not current advertised rent.,available,"2025 ERP is preliminary; historical estimated change, not a forecast.",limited,Sample area-weighted raw index over covered land only. Weighting and minimum coverage are unapproved; no approved benchmark or percentile. Layer observation date unverified.,limited,Sample public-open-space filter includes sports grounds and natural open space that can include river land/water. Not confirmed vegetation or current access. Inventory completeness/date unverified. Denominator is preliminary 2025 ERP.
213011570,Derrimut,1,400,9015,8958,-0.632279534109817,0.9910950047647524,1.0,800308.2099373147,89.34005469271207,,sample_only_not_approved_for_publication,available,Historical reported rent; not current advertised rent.,available,"2025 ERP is preliminary; historical estimated change, not a forecast.",limited,Sample area-weighted raw index over covered land only. Weighting and minimum coverage are unapproved; no approved benchmark or percentile. Layer observation date unverified.,limited,Sample public-open-space filter includes sports grounds and natural open space that can include river land/water. Not confirmed vegetation or current access. Inventory completeness/date unverified. Denominator is preliminary 2025 ERP.
213021341,Altona,1,390,13878,14428,3.963107075947543,3.717788182468047,0.9994886459084465,5096516.770518687,353.23792421116485,,sample_only_not_approved_for_publication,available,Historical reported rent; not current advertised rent.,available,"2025 ERP is preliminary; historical estimated change, not a forecast.",limited,Sample area-weighted raw index over covered land only. Weighting and minimum coverage are unapproved; no approved benchmark or percentile. Layer observation date unverified.,limited,Sample public-open-space filter includes sports grounds and natural open space that can include river land/water. Not confirmed vegetation or current access. Inventory completeness/date unverified. Denominator is preliminary 2025 ERP.
213021342,Altona Meadows,1,341,19500,18783,-3.6769230769230767,3.404324772025513,0.9988932200114299,4558329.144444991,242.6837642786025,,sample_only_not_approved_for_publication,available,Historical reported rent; not current advertised rent.,available,"2025 ERP is preliminary; historical estimated change, not a forecast.",limited,Sample area-weighted raw index over covered land only. Weighting and minimum coverage are unapproved; no approved benchmark or percentile. Layer observation date unverified.,limited,Sample public-open-space filter includes sports grounds and natural open space that can include river land/water. Not confirmed vegetation or current access. Inventory completeness/date unverified. Denominator is preliminary 2025 ERP.
213021343,Altona North,1,400,15396,16493,7.125227331774487,4.9192401985571905,0.9999999999999747,1172129.4939561982,71.06830133730662,,sample_only_not_approved_for_publication,available,Historical reported rent; not current advertised rent.,available,"2025 ERP is preliminary; historical estimated change, not a forecast.",limited,Sample area-weighted raw index over covered land only. Weighting and minimum coverage are unapproved; no approved benchmark or percentile. Layer observation date unverified.,limited,Sample public-open-space filter includes sports grounds and natural open space that can include river land/water. Not confirmed vegetation or current access. Inventory completeness/date unverified. Denominator is preliminary 2025 ERP.
213021344,Newport,1,460,19414,20328,4.707942721747193,9.007671068992169,0.999558042594324,1587308.8486416352,78.08485087768769,,sample_only_not_approved_for_publication,available,Historical reported rent; not current advertised rent.,available,"2025 ERP is preliminary; historical estimated change, not a forecast.",limited,Sample area-weighted raw index over covered land only. Weighting and minimum coverage are unapproved; no approved benchmark or percentile. Layer observation date unverified.,limited,Sample public-open-space filter includes sports grounds and natural open space that can include river land/water. Not confirmed vegetation or current access. Inventory completeness/date unverified. Denominator is preliminary 2025 ERP.
213021345,Seabrook,1,361,5250,4932,-6.057142857142857,3.4848855004490202,1.0,218311.55331252943,44.264305213408235,,sample_only_not_approved_for_publication,available,Historical reported rent; not current advertised rent.,available,"2025 ERP is preliminary; historical estimated change, not a forecast.",limited,Sample area-weighted raw index over covered land only. Weighting and minimum coverage are unapproved; no approved benchmark or percentile. Layer observation date unverified.,limited,Sample public-open-space filter includes sports grounds and natural open space that can include river land/water. Not confirmed vegetation or current access. Inventory completeness/date unverified. Denominator is preliminary 2025 ERP.
213021346,Williamstown,1,450,16659,17102,2.6592232426916382,8.413604881166501,0.9998963127464142,1139643.950425441,66.63805113001058,,sample_only_not_approved_for_publication,available,Historical reported rent; not current advertised rent.,available,"2025 ERP is preliminary; historical estimated change, not a forecast.",limited,Sample area-weighted raw index over covered land only. Weighting and minimum coverage are unapproved; no approved benchmark or percentile. Layer observation date unverified.,limited,Sample public-open-space filter includes sports grounds and natural open space that can include river land/water. Not confirmed vegetation or current access. Inventory completeness/date unverified. Denominator is preliminary 2025 ERP.
213031347,Braybrook,1,350,19901,20916,5.100246218782976,10.169148300705926,0.9999999999999669,561530.4441856713,26.846932691990403,,sample_only_not_approved_for_publication,available,Historical reported rent; not current advertised rent.,available,"2025 ERP is preliminary; historical estimated change, not a forecast.",limited,Sample area-weighted raw index over covered land only. Weighting and minimum coverage are unapproved; no approved benchmark or percentile. Layer observation date unverified.,limited,Sample public-open-space filter includes sports grounds and natural open space that can include river land/water. Not confirmed vegetation or current access. Inventory completeness/date unverified. Denominator is preliminary 2025 ERP.
213031348,Footscray,1,355,18092,20882,15.42118063232368,24.846641445307913,0.9999999999999968,809263.334020908,38.75411043103668,,sample_only_not_approved_for_publication,available,Historical reported rent; not current advertised rent.,available,"2025 ERP is preliminary; historical estimated change, not a forecast.",limited,Sample area-weighted raw index over covered land only. Weighting and minimum coverage are unapproved; no approved benchmark or percentile. Layer observation date unverified.,limited,Sample public-open-space filter includes sports grounds and natural open space that can include river land/water. Not confirmed vegetation or current access. Inventory completeness/date unverified. Denominator is preliminary 2025 ERP.
213031349,Maribyrnong,1,396,13263,13960,5.255221292316972,10.664026129719616,1.0,1099425.513847728,78.75540930141318,,sample_only_not_approved_for_publication,available,Historical reported rent; not current advertised rent.,available,"2025 ERP is preliminary; historical estimated change, not a forecast.",limited,Sample area-weighted raw index over covered land only. Weighting and minimum coverage are unapproved; no approved benchmark or percentile. Layer observation date unverified.,limited,Sample public-open-space filter includes sports grounds and natural open space that can include river land/water. Not confirmed vegetation or current access. Inventory completeness/date unverified. Denominator is preliminary 2025 ERP.
213031350,Seddon - Kingsville,1,414,9724,9748,0.24681201151789386,20.096054032284318,0.9999999999999767,21256.43596264586,2.180594579672329,,sample_only_not_approved_for_publication,available,Historical reported rent; not current advertised rent.,available,"2025 ERP is preliminary; historical estimated change, not a forecast.",limited,Sample area-weighted raw index over covered land only. Weighting and minimum coverage are unapproved; no approved benchmark or percentile. Layer observation date unverified.,limited,Sample public-open-space filter includes sports grounds and natural open space that can include river land/water. Not confirmed vegetation or current access. Inventory completeness/date unverified. Denominator is preliminary 2025 ERP.
213031351,West Footscray - Tottenham,1,351,12370,13007,5.1495553759094586,8.002835671036063,1.0,253118.53225608912,19.46017777013063,,sample_only_not_approved_for_publication,available,Historical reported rent; not current advertised rent.,available,"2025 ERP is preliminary; historical estimated change, not a forecast.",limited,Sample area-weighted raw index over covered land only. Weighting and minimum coverage are unapproved; no approved benchmark or percentile. Layer observation date unverified.,limited,Sample public-open-space filter includes sports grounds and natural open space that can include river land/water. Not confirmed vegetation or current access. Inventory completeness/date unverified. Denominator is preliminary 2025 ERP.
213031352,Yarraville,1,462,16068,16159,0.5663430420711975,11.28691642340285,0.9999999999999811,748587.4599774494,46.32634816371368,,sample_only_not_approved_for_publication,available,Historical reported rent; not current advertised rent.,available,"2025 ERP is preliminary; historical estimated change, not a forecast.",limited,Sample area-weighted raw index over covered land only. Weighting and minimum coverage are unapproved; no approved benchmark or percentile. Layer observation date unverified.,limited,Sample public-open-space filter includes sports grounds and natural open space that can include river land/water. Not confirmed vegetation or current access. Inventory completeness/date unverified. Denominator is preliminary 2025 ERP.
213041353,Bacchus Marsh,1,340,24263,27182,12.030663973952109,0.0,0.013172697960595609,1359.6001694310855,0.05001840075899807,,sample_only_not_approved_for_publication,available,Historical reported rent; not current advertised rent.,available,"2025 ERP is preliminary; historical estimated change, not a forecast.",limited,Sample area-weighted raw index over covered land only. Weighting and minimum coverage are unapproved; no approved benchmark or percentile. Layer observation date unverified.,limited,Sample public-open-space filter includes sports grounds and natural open space that can include river land/water. Not confirmed vegetation or current access. Inventory completeness/date unverified. Denominator is preliminary 2025 ERP.
213041358,Melton West,1,340,21432,22710,5.963045912653976,1.357216558589749,0.9999999999999981,974667.7276441326,42.91799769458972,,sample_only_not_approved_for_publication,available,Historical reported rent; not current advertised rent.,available,"2025 ERP is preliminary; historical estimated change, not a forecast.",limited,Sample area-weighted raw index over covered land only. Weighting and minimum coverage are unapproved; no approved benchmark or percentile. Layer observation date unverified.,limited,Sample public-open-space filter includes sports grounds and natural open space that can include river land/water. Not confirmed vegetation or current access. Inventory completeness/date unverified. Denominator is preliminary 2025 ERP.
213041359,Rockbank - Mount Cottrell,1,400,13341,35856,168.76545986058017,0.21353981363236,0.9999999999999971,1919380.2087151238,53.53023786019422,,sample_only_not_approved_for_publication,available,Historical reported rent; not current advertised rent.,available,"2025 ERP is preliminary; historical estimated change, not a forecast.",limited,Sample area-weighted raw index over covered land only. Weighting and minimum coverage are unapproved; no approved benchmark or percentile. Layer observation date unverified.,limited,Sample public-open-space filter includes sports grounds and natural open space that can include river land/water. Not confirmed vegetation or current access. Inventory completeness/date unverified. Denominator is preliminary 2025 ERP.
213041360,Taylors Hill,1,400,20288,19874,-2.040615141955836,4.237307718655923,0.9999999999999797,555332.9794501303,27.942687906316305,,sample_only_not_approved_for_publication,available,Historical reported rent; not current advertised rent.,available,"2025 ERP is preliminary; historical estimated change, not a forecast.",limited,Sample area-weighted raw index over covered land only. Weighting and minimum coverage are unapproved; no approved benchmark or percentile. Layer observation date unverified.,limited,Sample public-open-space filter includes sports grounds and natural open space that can include river land/water. Not confirmed vegetation or current access. Inventory completeness/date unverified. Denominator is preliminary 2025 ERP.
213041461,Burnside,1,400,5743,6635,15.531951941493993,4.789419722605578,0.9999999999999938,192578.1558814021,29.02459018559188,,sample_only_not_approved_for_publication,available,Historical reported rent; not current advertised rent.,available,"2025 ERP is preliminary; historical estimated change, not a forecast.",limited,Sample area-weighted raw index over covered land only. Weighting and minimum coverage are unapproved; no approved benchmark or percentile. Layer observation date unverified.,limited,Sample public-open-space filter includes sports grounds and natural open space that can include river land/water. Not confirmed vegetation or current access. Inventory completeness/date unverified. Denominator is preliminary 2025 ERP.
213041462,Burnside Heights,1,411,6628,6443,-2.791188895594448,3.7727855858560364,1.0,476284.59588124044,73.92279929865597,,sample_only_not_approved_for_publication,available,Historical reported rent; not current advertised rent.,available,"2025 ERP is preliminary; historical estimated change, not a forecast.",limited,Sample area-weighted raw index over covered land only. Weighting and minimum coverage are unapproved; no approved benchmark or percentile. Layer observation date unverified.,limited,Sample public-open-space filter includes sports grounds and natural open space that can include river land/water. Not confirmed vegetation or current access. Inventory completeness/date unverified. Denominator is preliminary 2025 ERP.
213041463,Caroline Springs,1,401,21238,20934,-1.4313965533477728,6.225824668499368,1.0,1306168.3315529511,62.394589259241,,sample_only_not_approved_for_publication,available,Historical reported rent; not current advertised rent.,available,"2025 ERP is preliminary; historical estimated change, not a forecast.",limited,Sample area-weighted raw index over covered land only. Weighting and minimum coverage are unapproved; no approved benchmark or percentile. Layer observation date unverified.,limited,Sample public-open-space filter includes sports grounds and natural open space that can include river land/water. Not confirmed vegetation or current access. Inventory completeness/date unverified. Denominator is preliminary 2025 ERP.
213041571,Brookfield,1,350,9901,10665,7.716392283607717,0.6454721093558409,1.0,1163780.5385813408,109.12147572258236,,sample_only_not_approved_for_publication,available,Historical reported rent; not current advertised rent.,available,"2025 ERP is preliminary; historical estimated change, not a forecast.",limited,Sample area-weighted raw index over covered land only. Weighting and minimum coverage are unapproved; no approved benchmark or percentile. Layer observation date unverified.,limited,Sample public-open-space filter includes sports grounds and natural open space that can include river land/water. Not confirmed vegetation or current access. Inventory completeness/date unverified. Denominator is preliminary 2025 ERP.
213041572,Cobblebank - Strathtulloh,1,371,6158,12885,109.24001299123091,0.37716590214331974,0.9999999999999976,1759130.0211240966,136.52541879116,,sample_only_not_approved_for_publication,available,Historical reported rent; not current advertised rent.,available,"2025 ERP is preliminary; historical estimated change, not a forecast.",limited,Sample area-weighted raw index over covered land only. Weighting and minimum coverage are unapproved; no approved benchmark or percentile. Layer observation date unverified.,limited,Sample public-open-space filter includes sports grounds and natural open space that can include river land/water. Not confirmed vegetation or current access. Inventory completeness/date unverified. Denominator is preliminary 2025 ERP.
213041573,Eynesbury - Exford,1,380,3020,4309,42.682119205298015,0.0,0.9999999999999957,3154834.62647682,732.150064162641,,sample_only_not_approved_for_publication,available,Historical reported rent; not current advertised rent.,available,"2025 ERP is preliminary; historical estimated change, not a forecast.",limited,Sample area-weighted raw index over covered land only. Weighting and minimum coverage are unapproved; no approved benchmark or percentile. Layer observation date unverified.,limited,Sample public-open-space filter includes sports grounds and natural open space that can include river land/water. Not confirmed vegetation or current access. Inventory completeness/date unverified. Denominator is preliminary 2025 ERP.
213041574,Fraser Rise - Plumpton,1,429,8767,24739,182.1831869510665,0.07978866594839307,1.0,348697.69990618184,14.095060427106263,,sample_only_not_approved_for_publication,available,Historical reported rent; not current advertised rent.,available,"2025 ERP is preliminary; historical estimated change, not a forecast.",limited,Sample area-weighted raw index over covered land only. Weighting and minimum coverage are unapproved; no approved benchmark or percentile. Layer observation date unverified.,limited,Sample public-open-space filter includes sports grounds and natural open space that can include river land/water. Not confirmed vegetation or current access. Inventory completeness/date unverified. Denominator is preliminary 2025 ERP.
213041575,Hillside,1,380,16495,16173,-1.952106698999697,3.672668360929882,1.0,476292.3625767671,29.449846199021028,,sample_only_not_approved_for_publication,available,Historical reported rent; not current advertised rent.,available,"2025 ERP is preliminary; historical estimated change, not a forecast.",limited,Sample area-weighted raw index over covered land only. Weighting and minimum coverage are unapproved; no approved benchmark or percentile. Layer observation date unverified.,limited,Sample public-open-space filter includes sports grounds and natural open space that can include river land/water. Not confirmed vegetation or current access. Inventory completeness/date unverified. Denominator is preliminary 2025 ERP.
213041576,Kurunjang - Toolern Vale,1,321,11979,12082,0.8598380499206946,0.14122390415610309,0.999999999999999,2375852.703701128,196.64399136741665,,sample_only_not_approved_for_publication,available,Historical reported rent; not current advertised rent.,available,"2025 ERP is preliminary; historical estimated change, not a forecast.",limited,Sample area-weighted raw index over covered land only. Weighting and minimum coverage are unapproved; no approved benchmark or percentile. Layer observation date unverified.,limited,Sample public-open-space filter includes sports grounds and natural open space that can include river land/water. Not confirmed vegetation or current access. Inventory completeness/date unverified. Denominator is preliminary 2025 ERP.
213041577,Melton,1,300,8261,8007,-3.0746882943953517,2.656268191769436,1.0,933073.7266830523,116.53225011652957,,sample_only_not_approved_for_publication,available,Historical reported rent; not current advertised rent.,available,"2025 ERP is preliminary; historical estimated change, not a forecast.",limited,Sample area-weighted raw index over covered land only. Weighting and minimum coverage are unapproved; no approved benchmark or percentile. Layer observation date unverified.,limited,Sample public-open-space filter includes sports grounds and natural open space that can include river land/water. Not confirmed vegetation or current access. Inventory completeness/date unverified. Denominator is preliminary 2025 ERP.
213041578,Melton South - Weir Views,1,321,15664,22821,45.690755873340144,2.3596224178096037,1.0,425512.80114154716,18.64566851327931,,sample_only_not_approved_for_publication,available,Historical reported rent; not current advertised rent.,available,"2025 ERP is preliminary; historical estimated change, not a forecast.",limited,Sample area-weighted raw index over covered land only. Weighting and minimum coverage are unapproved; no approved benchmark or percentile. Layer observation date unverified.,limited,Sample public-open-space filter includes sports grounds and natural open space that can include river land/water. Not confirmed vegetation or current access. Inventory completeness/date unverified. Denominator is preliminary 2025 ERP.
213051361,Hoppers Crossing - North,1,341,19405,18359,-5.3903633084256635,3.697848803164577,1.0,797032.9482455286,43.413745206467055,,sample_only_not_approved_for_publication,available,Historical reported rent; not current advertised rent.,available,"2025 ERP is preliminary; historical estimated change, not a forecast.",limited,Sample area-weighted raw index over covered land only. Weighting and minimum coverage are unapproved; no approved benchmark or percentile. Layer observation date unverified.,limited,Sample public-open-space filter includes sports grounds and natural open space that can include river land/water. Not confirmed vegetation or current access. Inventory completeness/date unverified. Denominator is preliminary 2025 ERP.
213051362,Hoppers Crossing - South,1,340,19933,18906,-5.15226007123865,6.817087495741625,0.9999999999999843,591905.3255904496,31.307803109618618,,sample_only_not_approved_for_publication,available,Historical reported rent; not current advertised rent.,available,"2025 ERP is preliminary; historical estimated change, not a forecast.",limited,Sample area-weighted raw index over covered land only. Weighting and minimum coverage are unapproved; no approved benchmark or percentile. Layer observation date unverified.,limited,Sample public-open-space filter includes sports grounds and natural open space that can include river land/water. Not confirmed vegetation or current access. Inventory completeness/date unverified. Denominator is preliminary 2025 ERP.
213051363,Laverton,1,380,11972,12816,7.049782826595389,2.7744130924893846,0.999999999999995,2519086.861026588,196.5579635632481,,sample_only_not_approved_for_publication,available,Historical reported rent; not current advertised rent.,available,"2025 ERP is preliminary; historical estimated change, not a forecast.",limited,Sample area-weighted raw index over covered land only. Weighting and minimum coverage are unapproved; no approved benchmark or percentile. Layer observation date unverified.,limited,Sample public-open-space filter includes sports grounds and natural open space that can include river land/water. Not confirmed vegetation or current access. Inventory completeness/date unverified. Denominator is preliminary 2025 ERP.
213051368,Werribee - South,1,351,16350,17936,9.700305810397554,0.30588134628318225,0.9998790451287859,5089673.656844599,283.76860263406553,,sample_only_not_approved_for_publication,available,Historical reported rent; not current advertised rent.,available,"2025 ERP is preliminary; historical estimated change, not a forecast.",limited,Sample area-weighted raw index over covered land only. Weighting and minimum coverage are unapproved; no approved benchmark or percentile. Layer observation date unverified.,limited,Sample public-open-space filter includes sports grounds and natural open space that can include river land/water. Not confirmed vegetation or current access. Inventory completeness/date unverified. Denominator is preliminary 2025 ERP.
213051464,Point Cook - East,1,401,19135,21797,13.91168016723282,0.94788919480999,0.999885635331327,8395248.37056648,385.15613940296737,,sample_only_not_approved_for_publication,available,Historical reported rent; not current advertised rent.,available,"2025 ERP is preliminary; historical estimated change, not a forecast.",limited,Sample area-weighted raw index over covered land only. Weighting and minimum coverage are unapproved; no approved benchmark or percentile. Layer observation date unverified.,limited,Sample public-open-space filter includes sports grounds and natural open space that can include river land/water. Not confirmed vegetation or current access. Inventory completeness/date unverified. Denominator is preliminary 2025 ERP.
213051466,Point Cook - South,1,410,19372,20835,7.552137105100145,1.7951263622048474,1.0,598436.7999323629,28.722668583266756,,sample_only_not_approved_for_publication,available,Historical reported rent; not current advertised rent.,available,"2025 ERP is preliminary; historical estimated change, not a forecast.",limited,Sample area-weighted raw index over covered land only. Weighting and minimum coverage are unapproved; no approved benchmark or percentile. Layer observation date unverified.,limited,Sample public-open-space filter includes sports grounds and natural open space that can include river land/water. Not confirmed vegetation or current access. Inventory completeness/date unverified. Denominator is preliminary 2025 ERP.
213051467,Werribee - East,1,315,20186,19205,-4.859803824432775,6.863503423056603,0.9999999999999853,1187932.1454872356,61.85535774471417,,sample_only_not_approved_for_publication,available,Historical reported rent; not current advertised rent.,available,"2025 ERP is preliminary; historical estimated change, not a forecast.",limited,Sample area-weighted raw index over covered land only. Weighting and minimum coverage are unapproved; no approved benchmark or percentile. Layer observation date unverified.,limited,Sample public-open-space filter includes sports grounds and natural open space that can include river land/water. Not confirmed vegetation or current access. Inventory completeness/date unverified. Denominator is preliminary 2025 ERP.
213051468,Werribee - West,1,360,20235,32943,62.80207561156412,0.29521712840133696,0.9999999472470974,1581258.7217078796,47.999839775001654,,sample_only_not_approved_for_publication,available,Historical reported rent; not current advertised rent.,available,"2025 ERP is preliminary; historical estimated change, not a forecast.",limited,Sample area-weighted raw index over covered land only. Weighting and minimum coverage are unapproved; no approved benchmark or percentile. Layer observation date unverified.,limited,Sample public-open-space filter includes sports grounds and natural open space that can include river land/water. Not confirmed vegetation or current access. Inventory completeness/date unverified. Denominator is preliminary 2025 ERP.
213051579,Manor Lakes - Quandong,1,361,10023,13667,36.35638032525192,0.1277942817509838,0.9999892722320552,409921.7928426267,29.993545975168413,,sample_only_not_approved_for_publication,available,Historical reported rent; not current advertised rent.,available,"2025 ERP is preliminary; historical estimated change, not a forecast.",limited,Sample area-weighted raw index over covered land only. Weighting and minimum coverage are unapproved; no approved benchmark or percentile. Layer observation date unverified.,limited,Sample public-open-space filter includes sports grounds and natural open space that can include river land/water. Not confirmed vegetation or current access. Inventory completeness/date unverified. Denominator is preliminary 2025 ERP.
213051580,Point Cook - North East,1,390,14973,14746,-1.5160622453750083,4.729141621036125,1.0,595902.7297349542,40.41114402108736,,sample_only_not_approved_for_publication,available,Historical reported rent; not current advertised rent.,available,"2025 ERP is preliminary; historical estimated change, not a forecast.",limited,Sample area-weighted raw index over covered land only. Weighting and minimum coverage are unapproved; no approved benchmark or percentile. Layer observation date unverified.,limited,Sample public-open-space filter includes sports grounds and natural open space that can include river land/water. Not confirmed vegetation or current access. Inventory completeness/date unverified. Denominator is preliminary 2025 ERP.
213051581,Point Cook - North West,1,400,9798,10151,3.602776076750357,3.0508765429932776,0.9999999999999999,337687.80799773516,33.266457294624686,,sample_only_not_approved_for_publication,available,Historical reported rent; not current advertised rent.,available,"2025 ERP is preliminary; historical estimated change, not a forecast.",limited,Sample area-weighted raw index over covered land only. Weighting and minimum coverage are unapproved; no approved benchmark or percentile. Layer observation date unverified.,limited,Sample public-open-space filter includes sports grounds and natural open space that can include river land/water. Not confirmed vegetation or current access. Inventory completeness/date unverified. Denominator is preliminary 2025 ERP.
213051582,Tarneit (West) - Mount Cottrell,1,385,7364,19169,160.30689842476914,0.2823194583091271,0.9999999999999992,24787.95068316227,1.2931269593177668,,sample_only_not_approved_for_publication,available,Historical reported rent; not current advertised rent.,available,"2025 ERP is preliminary; historical estimated change, not a forecast.",limited,Sample area-weighted raw index over covered land only. Weighting and minimum coverage are unapproved; no approved benchmark or percentile. Layer observation date unverified.,limited,Sample public-open-space filter includes sports grounds and natural open space that can include river land/water. Not confirmed vegetation or current access. Inventory completeness/date unverified. Denominator is preliminary 2025 ERP.
213051583,Tarneit - Central,1,380,28306,29246,3.3208507030311596,6.07488505482341,0.9999999999999963,803129.5622500808,27.461176306164287,,sample_only_not_approved_for_publication,available,Historical reported rent; not current advertised rent.,available,"2025 ERP is preliminary; historical estimated change, not a forecast.",limited,Sample area-weighted raw index over covered land only. Weighting and minimum coverage are unapproved; no approved benchmark or percentile. Layer observation date unverified.,limited,Sample public-open-space filter includes sports grounds and natural open space that can include river land/water. Not confirmed vegetation or current access. Inventory completeness/date unverified. Denominator is preliminary 2025 ERP.
213051584,Tarneit - North,1,391,5655,15880,180.8134394341291,0.6444472345742565,1.0,3298.6974930694187,0.2077265423847241,,sample_only_not_approved_for_publication,available,Historical reported rent; not current advertised rent.,available,"2025 ERP is preliminary; historical estimated change, not a forecast.",limited,Sample area-weighted raw index over covered land only. Weighting and minimum coverage are unapproved; no approved benchmark or percentile. Layer observation date unverified.,limited,Sample public-open-space filter includes sports grounds and natural open space that can include river land/water. Not confirmed vegetation or current access. Inventory completeness/date unverified. Denominator is preliminary 2025 ERP.
213051585,Tarneit - South,1,369,11515,11864,3.0308293530178028,5.956586033956285,1.0,300983.38288205606,25.369469224718145,,sample_only_not_approved_for_publication,available,Historical reported rent; not current advertised rent.,available,"2025 ERP is preliminary; historical estimated change, not a forecast.",limited,Sample area-weighted raw index over covered land only. Weighting and minimum coverage are unapproved; no approved benchmark or percentile. Layer observation date unverified.,limited,Sample public-open-space filter includes sports grounds and natural open space that can include river land/water. Not confirmed vegetation or current access. Inventory completeness/date unverified. Denominator is preliminary 2025 ERP.
213051586,Truganina - North,1,402,7904,15384,94.63562753036437,0.34498327250209593,0.9999999999999963,505204.26120311953,32.83959056182524,,sample_only_not_approved_for_publication,available,Historical reported rent; not current advertised rent.,available,"2025 ERP is preliminary; historical estimated change, not a forecast.",limited,Sample area-weighted raw index over covered land only. Weighting and minimum coverage are unapproved; no approved benchmark or percentile. Layer observation date unverified.,limited,Sample public-open-space filter includes sports grounds and natural open space that can include river land/water. Not confirmed vegetation or current access. Inventory completeness/date unverified. Denominator is preliminary 2025 ERP.
213051587,Truganina - South East,1,395,9090,10846,19.31793179317932,2.451210280470562,0.999999999999943,242279.84684520843,22.33817507331813,,sample_only_not_approved_for_publication,available,Historical reported rent; not current advertised rent.,available,"2025 ERP is preliminary; historical estimated change, not a forecast.",limited,Sample area-weighted raw index over covered land only. Weighting and minimum coverage are unapproved; no approved benchmark or percentile. Layer observation date unverified.,limited,Sample public-open-space filter includes sports grounds and natural open space that can include river land/water. Not confirmed vegetation or current access. Inventory completeness/date unverified. Denominator is preliminary 2025 ERP.
213051588,Truganina - South West,1,377,19407,20395,5.09094656567218,3.078313081578469,0.9999999999999825,673011.1141329117,32.99882883711261,,sample_only_not_approved_for_publication,available,Historical reported rent; not current advertised rent.,available,"2025 ERP is preliminary; historical estimated change, not a forecast.",limited,Sample area-weighted raw index over covered land only. Weighting and minimum coverage are unapproved; no approved benchmark or percentile. Layer observation date unverified.,limited,Sample public-open-space filter includes sports grounds and natural open space that can include river land/water. Not confirmed vegetation or current access. Inventory completeness/date unverified. Denominator is preliminary 2025 ERP.
213051589,Wyndham Vale - North,1,350,7852,14515,84.85736118186449,0.26524293651629244,1.0,961945.104467189,66.27248394537989,,sample_only_not_approved_for_publication,available,Historical reported rent; not current advertised rent.,available,"2025 ERP is preliminary; historical estimated change, not a forecast.",limited,Sample area-weighted raw index over covered land only. Weighting and minimum coverage are unapproved; no approved benchmark or percentile. Layer observation date unverified.,limited,Sample public-open-space filter includes sports grounds and natural open space that can include river land/water. Not confirmed vegetation or current access. Inventory completeness/date unverified. Denominator is preliminary 2025 ERP.
213051590,Wyndham Vale - South,1,336,13913,14135,1.5956299863437073,5.11513825864388,0.9999999999999788,602602.5548291287,42.631945866935176,,sample_only_not_approved_for_publication,available,Historical reported rent; not current advertised rent.,available,"2025 ERP is preliminary; historical estimated change, not a forecast.",limited,Sample area-weighted raw index over covered land only. Weighting and minimum coverage are unapproved; no approved benchmark or percentile. Layer observation date unverified.,limited,Sample public-open-space filter includes sports grounds and natural open space that can include river land/water. Not confirmed vegetation or current access. Inventory completeness/date unverified. Denominator is preliminary 2025 ERP.
214011370,Carrum Downs,1,370,22391,23464,4.792103970345228,1.999212046587305,1.0,720129.456968154,30.690822407439224,,sample_only_not_approved_for_publication,available,Historical reported rent; not current advertised rent.,available,"2025 ERP is preliminary; historical estimated change, not a forecast.",limited,Sample area-weighted raw index over covered land only. Weighting and minimum coverage are unapproved; no approved benchmark or percentile. Layer observation date unverified.,limited,Sample public-open-space filter includes sports grounds and natural open space that can include river land/water. Not confirmed vegetation or current access. Inventory completeness/date unverified. Denominator is preliminary 2025 ERP.
214011371,Frankston,1,335,24264,25043,3.210517639301022,4.837637969574329,1.0,1424732.5198237237,56.89144750324337,,sample_only_not_approved_for_publication,available,Historical reported rent; not current advertised rent.,available,"2025 ERP is preliminary; historical estimated change, not a forecast.",limited,Sample area-weighted raw index over covered land only. Weighting and minimum coverage are unapproved; no approved benchmark or percentile. Layer observation date unverified.,limited,Sample public-open-space filter includes sports grounds and natural open space that can include river land/water. Not confirmed vegetation or current access. Inventory completeness/date unverified. Denominator is preliminary 2025 ERP.
214011372,Frankston North,1,341,19973,19794,-0.8962098833425124,2.5054654621287673,1.0,875304.2939869479,44.220687783517626,,sample_only_not_approved_for_publication,available,Historical reported rent; not current advertised rent.,available,"2025 ERP is preliminary; historical estimated change, not a forecast.",limited,Sample area-weighted raw index over covered land only. Weighting and minimum coverage are unapproved; no approved benchmark or percentile. Layer observation date unverified.,limited,Sample public-open-space filter includes sports grounds and natural open space that can include river land/water. Not confirmed vegetation or current access. Inventory completeness/date unverified. Denominator is preliminary 2025 ERP.
214011373,Frankston South,1,420,19182,19374,1.0009383797309979,1.2516569171068952,0.9999999999999966,1336862.159148488,69.00289868630577,,sample_only_not_approved_for_publication,available,Historical reported rent; not current advertised rent.,available,"2025 ERP is preliminary; historical estimated change, not a forecast.",limited,Sample area-weighted raw index over covered land only. Weighting and minimum coverage are unapproved; no approved benchmark or percentile. Layer observation date unverified.,limited,Sample public-open-space filter includes sports grounds and natural open space that can include river land/water. Not confirmed vegetation or current access. Inventory completeness/date unverified. Denominator is preliminary 2025 ERP.
214011374,Langwarrin,1,365,25259,25788,2.094303020705491,0.6229788191034811,0.9999999999999987,1705061.6926393774,66.1184152566844,,sample_only_not_approved_for_publication,available,Historical reported rent; not current advertised rent.,available,"2025 ERP is preliminary; historical estimated change, not a forecast.",limited,Sample area-weighted raw index over covered land only. Weighting and minimum coverage are unapproved; no approved benchmark or percentile. Layer observation date unverified.,limited,Sample public-open-space filter includes sports grounds and natural open space that can include river land/water. Not confirmed vegetation or current access. Inventory completeness/date unverified. Denominator is preliminary 2025 ERP.
214011375,Seaford (Vic.),1,351,17443,18305,4.941810468382732,3.642465222062007,0.9999889638326216,3443472.1505213105,188.11647913254905,,sample_only_not_approved_for_publication,available,Historical reported rent; not current advertised rent.,available,"2025 ERP is preliminary; historical estimated change, not a forecast.",limited,Sample area-weighted raw index over covered land only. Weighting and minimum coverage are unapproved; no approved benchmark or percentile. Layer observation date unverified.,limited,Sample public-open-space filter includes sports grounds and natural open space that can include river land/water. Not confirmed vegetation or current access. Inventory completeness/date unverified. Denominator is preliminary 2025 ERP.
214011376,Skye - Sandhurst,1,450,13679,13601,-0.5702171211345859,0.3032734262540321,0.999999999999993,192474.87308912465,14.151523644520598,,sample_only_not_approved_for_publication,available,Historical reported rent; not current advertised rent.,available,"2025 ERP is preliminary; historical estimated change, not a forecast.",limited,Sample area-weighted raw index over covered land only. Weighting and minimum coverage are unapproved; no approved benchmark or percentile. Layer observation date unverified.,limited,Sample public-open-space filter includes sports grounds and natural open space that can include river land/water. Not confirmed vegetation or current access. Inventory completeness/date unverified. Denominator is preliminary 2025 ERP.
214021377,Dromana,1,405,13175,13925,5.692599620493358,0.27541003192928465,0.9999966177064806,1320245.6068357308,94.81117463811353,,sample_only_not_approved_for_publication,available,Historical reported rent; not current advertised rent.,available,"2025 ERP is preliminary; historical estimated change, not a forecast.",limited,Sample area-weighted raw index over covered land only. Weighting and minimum coverage are unapproved; no approved benchmark or percentile. Layer observation date unverified.,limited,Sample public-open-space filter includes sports grounds and natural open space that can include river land/water. Not confirmed vegetation or current access. Inventory completeness/date unverified. Denominator is preliminary 2025 ERP.
214021378,Flinders,1,424,5957,6064,1.796206144032231,0.007727637898640015,0.9998874185182183,3874408.438046904,638.9195973032494,,sample_only_not_approved_for_publication,available,Historical reported rent; not current advertised rent.,available,"2025 ERP is preliminary; historical estimated change, not a forecast.",limited,Sample area-weighted raw index over covered land only. Weighting and minimum coverage are unapproved; no approved benchmark or percentile. Layer observation date unverified.,limited,Sample public-open-space filter includes sports grounds and natural open space that can include river land/water. Not confirmed vegetation or current access. Inventory completeness/date unverified. Denominator is preliminary 2025 ERP.
214021379,Hastings - Somers,1,330,24194,23795,-1.6491692155079771,0.15430228480569116,0.9956456672046876,6169027.905928561,259.25731901359785,,sample_only_not_approved_for_publication,available,Historical reported rent; not current advertised rent.,available,"2025 ERP is preliminary; historical estimated change, not a forecast.",limited,Sample area-weighted raw index over covered land only. Weighting and minimum coverage are unapproved; no approved benchmark or percentile. Layer observation date unverified.,limited,Sample public-open-space filter includes sports grounds and natural open space that can include river land/water. Not confirmed vegetation or current access. Inventory completeness/date unverified. Denominator is preliminary 2025 ERP.
214021381,Mount Eliza,1,512,19139,19110,-0.15152306808088198,0.7695005936323671,0.9999999999999928,2056993.516277981,107.63963978430041,,sample_only_not_approved_for_publication,available,Historical reported rent; not current advertised rent.,available,"2025 ERP is preliminary; historical estimated change, not a forecast.",limited,Sample area-weighted raw index over covered land only. Weighting and minimum coverage are unapproved; no approved benchmark or percentile. Layer observation date unverified.,limited,Sample public-open-space filter includes sports grounds and natural open space that can include river land/water. Not confirmed vegetation or current access. Inventory completeness/date unverified. Denominator is preliminary 2025 ERP.
214021382,Mount Martha,1,496,20076,20161,0.4233911137676828,0.5059670003877994,0.9999997268521905,2145153.12814681,106.40112733231535,,sample_only_not_approved_for_publication,available,Historical reported rent; not current advertised rent.,available,"2025 ERP is preliminary; historical estimated change, not a forecast.",limited,Sample area-weighted raw index over covered land only. Weighting and minimum coverage are unapproved; no approved benchmark or percentile. Layer observation date unverified.,limited,Sample public-open-space filter includes sports grounds and natural open space that can include river land/water. Not confirmed vegetation or current access. Inventory completeness/date unverified. Denominator is preliminary 2025 ERP.
214021383,Point Nepean,1,376,19649,20574,4.707618708331212,0.5514335486108912,0.9995145039187877,1657466.9826253522,80.56124150021154,,sample_only_not_approved_for_publication,available,Historical reported rent; not current advertised rent.,available,"2025 ERP is preliminary; historical estimated change, not a forecast.",limited,Sample area-weighted raw index over covered land only. Weighting and minimum coverage are unapproved; no approved benchmark or percentile. Layer observation date unverified.,limited,Sample public-open-space filter includes sports grounds and natural open space that can include river land/water. Not confirmed vegetation or current access. Inventory completeness/date unverified. Denominator is preliminary 2025 ERP.
214021384,Rosebud - McCrae,1,350,22938,23508,2.4849594559246664,0.8086315864171083,0.9998080386363746,2719484.4294409836,115.68336010894093,,sample_only_not_approved_for_publication,available,Historical reported rent; not current advertised rent.,available,"2025 ERP is preliminary; historical estimated change, not a forecast.",limited,Sample area-weighted raw index over covered land only. Weighting and minimum coverage are unapproved; no approved benchmark or percentile. Layer observation date unverified.,limited,Sample public-open-space filter includes sports grounds and natural open space that can include river land/water. Not confirmed vegetation or current access. Inventory completeness/date unverified. Denominator is preliminary 2025 ERP.
214021385,Somerville,1,380,18795,19098,1.6121308858739027,0.10369664226092833,0.9999718597078434,1883203.9445121335,98.60739053891159,,sample_only_not_approved_for_publication,available,Historical reported rent; not current advertised rent.,available,"2025 ERP is preliminary; historical estimated change, not a forecast.",limited,Sample area-weighted raw index over covered land only. Weighting and minimum coverage are unapproved; no approved benchmark or percentile. Layer observation date unverified.,limited,Sample public-open-space filter includes sports grounds and natural open space that can include river land/water. Not confirmed vegetation or current access. Inventory completeness/date unverified. Denominator is preliminary 2025 ERP.
214021591,Mornington - East,1,400,15544,15082,-2.9722079258878025,0.943980045897431,1.0,1147965.9308427218,76.11496690377416,,sample_only_not_approved_for_publication,available,Historical reported rent; not current advertised rent.,available,"2025 ERP is preliminary; historical estimated change, not a forecast.",limited,Sample area-weighted raw index over covered land only. Weighting and minimum coverage are unapproved; no approved benchmark or percentile. Layer observation date unverified.,limited,Sample public-open-space filter includes sports grounds and natural open space that can include river land/water. Not confirmed vegetation or current access. Inventory completeness/date unverified. Denominator is preliminary 2025 ERP.
214021592,Mornington - West,1,410,10719,10900,1.688590353577759,2.788838288682556,0.9999447485423044,626358.2645716924,57.46406096988004,,sample_only_not_approved_for_publication,available,Historical reported rent; not current advertised rent.,available,"2025 ERP is preliminary; historical estimated change, not a forecast.",limited,Sample area-weighted raw index over covered land only. Weighting and minimum coverage are unapproved; no approved benchmark or percentile. Layer observation date unverified.,limited,Sample public-open-space filter includes sports grounds and natural open space that can include river land/water. Not confirmed vegetation or current access. Inventory completeness/date unverified. Denominator is preliminary 2025 ERP.
