sa2_code,name,is_comparable,indicator_key,raw_value,quality_status,coverage_fraction,quality_note
206011106,Brunswick East,1,green_space_per_resident,19.876546226470808,limited,,Sample public-open-space filter includes sports grounds and natural open space that can include river land/water. Not confirmed vegetation or current access. Inventory completeness/date unverified. Denominator is preliminary 2025 ERP.
206011106,Brunswick East,1,population_growth,12.469381506429883,available,,"2025 ERP is preliminary; historical estimated change, not a forecast."
206011106,Brunswick East,1,rent_weekly,421.0,available,,Historical reported rent; not current advertised rent.
206011106,Brunswick East,1,transport_access,23.32583585734804,limited,1.0,Sample area-weighted raw index over covered land only. Weighting and minimum coverage are unapproved; no approved benchmark or percentile. Layer observation date unverified.
206011107,Brunswick West,1,green_space_per_resident,14.536485487833195,limited,,Sample public-open-space filter includes sports grounds and natural open space that can include river land/water. Not confirmed vegetation or current access. Inventory completeness/date unverified. Denominator is preliminary 2025 ERP.
206011107,Brunswick West,1,population_growth,6.515656229180546,available,,"2025 ERP is preliminary; historical estimated change, not a forecast."
206011107,Brunswick West,1,rent_weekly,365.0,available,,Historical reported rent; not current advertised rent.
206011107,Brunswick West,1,transport_access,18.998719242961883,limited,1.0,Sample area-weighted raw index over covered land only. Weighting and minimum coverage are unapproved; no approved benchmark or percentile. Layer observation date unverified.
206011109,Pascoe Vale South,1,green_space_per_resident,18.642690311162855,limited,,Sample public-open-space filter includes sports grounds and natural open space that can include river land/water. Not confirmed vegetation or current access. Inventory completeness/date unverified. Denominator is preliminary 2025 ERP.
206011109,Pascoe Vale South,1,population_growth,0.6552233296419343,available,,"2025 ERP is preliminary; historical estimated change, not a forecast."
206011109,Pascoe Vale South,1,rent_weekly,421.0,available,,Historical reported rent; not current advertised rent.
206011109,Pascoe Vale South,1,transport_access,13.80456184549326,limited,0.9999999999999962,Sample area-weighted raw index over covered land only. Weighting and minimum coverage are unapproved; no approved benchmark or percentile. Layer observation date unverified.
206011495,Brunswick - North,1,green_space_per_resident,0.6969967673707034,limited,,Sample public-open-space filter includes sports grounds and natural open space that can include river land/water. Not confirmed vegetation or current access. Inventory completeness/date unverified. Denominator is preliminary 2025 ERP.
206011495,Brunswick - North,1,population_growth,8.007646559048428,available,,"2025 ERP is preliminary; historical estimated change, not a forecast."
206011495,Brunswick - North,1,rent_weekly,431.0,available,,Historical reported rent; not current advertised rent.
206011495,Brunswick - North,1,transport_access,27.457832526367234,limited,1.0,Sample area-weighted raw index over covered land only. Weighting and minimum coverage are unapproved; no approved benchmark or percentile. Layer observation date unverified.
206011496,Brunswick - South,1,green_space_per_resident,14.924636602331452,limited,,Sample public-open-space filter includes sports grounds and natural open space that can include river land/water. Not confirmed vegetation or current access. Inventory completeness/date unverified. Denominator is preliminary 2025 ERP.
206011496,Brunswick - South,1,population_growth,7.945205479452055,available,,"2025 ERP is preliminary; historical estimated change, not a forecast."
206011496,Brunswick - South,1,rent_weekly,450.0,available,,Historical reported rent; not current advertised rent.
206011496,Brunswick - South,1,transport_access,25.521286678536,limited,0.999999999999992,Sample area-weighted raw index over covered land only. Weighting and minimum coverage are unapproved; no approved benchmark or percentile. Layer observation date unverified.
206011497,Coburg - East,1,green_space_per_resident,28.96185735644653,limited,,Sample public-open-space filter includes sports grounds and natural open space that can include river land/water. Not confirmed vegetation or current access. Inventory completeness/date unverified. Denominator is preliminary 2025 ERP.
206011497,Coburg - East,1,population_growth,8.9860535243121,available,,"2025 ERP is preliminary; historical estimated change, not a forecast."
206011497,Coburg - East,1,rent_weekly,416.0,available,,Historical reported rent; not current advertised rent.
206011497,Coburg - East,1,transport_access,24.0634440653019,limited,0.9999999999999939,Sample area-weighted raw index over covered land only. Weighting and minimum coverage are unapproved; no approved benchmark or percentile. Layer observation date unverified.
206011498,Coburg - West,1,green_space_per_resident,4.674822273005356,limited,,Sample public-open-space filter includes sports grounds and natural open space that can include river land/water. Not confirmed vegetation or current access. Inventory completeness/date unverified. Denominator is preliminary 2025 ERP.
206011498,Coburg - West,1,population_growth,3.2087034359292157,available,,"2025 ERP is preliminary; historical estimated change, not a forecast."
206011498,Coburg - West,1,rent_weekly,450.0,available,,Historical reported rent; not current advertised rent.
206011498,Coburg - West,1,transport_access,17.61378988658595,limited,1.0,Sample area-weighted raw index over covered land only. Weighting and minimum coverage are unapproved; no approved benchmark or percentile. Layer observation date unverified.
206021110,Alphington - Fairfield,1,green_space_per_resident,26.16086811768025,limited,,Sample public-open-space filter includes sports grounds and natural open space that can include river land/water. Not confirmed vegetation or current access. Inventory completeness/date unverified. Denominator is preliminary 2025 ERP.
206021110,Alphington - Fairfield,1,population_growth,2.212203816313693,available,,"2025 ERP is preliminary; historical estimated change, not a forecast."
206021110,Alphington - Fairfield,1,rent_weekly,381.0,available,,Historical reported rent; not current advertised rent.
206021110,Alphington - Fairfield,1,transport_access,16.19408623229504,limited,0.9999999999999777,Sample area-weighted raw index over covered land only. Weighting and minimum coverage are unapproved; no approved benchmark or percentile. Layer observation date unverified.
206021112,Thornbury,1,green_space_per_resident,22.873052847237055,limited,,Sample public-open-space filter includes sports grounds and natural open space that can include river land/water. Not confirmed vegetation or current access. Inventory completeness/date unverified. Denominator is preliminary 2025 ERP.
206021112,Thornbury,1,population_growth,2.238391187913698,available,,"2025 ERP is preliminary; historical estimated change, not a forecast."
206021112,Thornbury,1,rent_weekly,396.0,available,,Historical reported rent; not current advertised rent.
206021112,Thornbury,1,transport_access,17.993895979569764,limited,1.0,Sample area-weighted raw index over covered land only. Weighting and minimum coverage are unapproved; no approved benchmark or percentile. Layer observation date unverified.
206021499,Northcote - East,1,green_space_per_resident,21.90431378577722,limited,,Sample public-open-space filter includes sports grounds and natural open space that can include river land/water. Not confirmed vegetation or current access. Inventory completeness/date unverified. Denominator is preliminary 2025 ERP.
206021499,Northcote - East,1,population_growth,-1.322375332138664,available,,"2025 ERP is preliminary; historical estimated change, not a forecast."
206021499,Northcote - East,1,rent_weekly,461.0,available,,Historical reported rent; not current advertised rent.
206021499,Northcote - East,1,transport_access,23.918121563814257,limited,0.999999999999992,Sample area-weighted raw index over covered land only. Weighting and minimum coverage are unapproved; no approved benchmark or percentile. Layer observation date unverified.
206021500,Northcote - West,1,green_space_per_resident,21.766452389268753,limited,,Sample public-open-space filter includes sports grounds and natural open space that can include river land/water. Not confirmed vegetation or current access. Inventory completeness/date unverified. Denominator is preliminary 2025 ERP.
206021500,Northcote - West,1,population_growth,1.2767520896482043,available,,"2025 ERP is preliminary; historical estimated change, not a forecast."
206021500,Northcote - West,1,rent_weekly,490.0,available,,Historical reported rent; not current advertised rent.
206021500,Northcote - West,1,transport_access,24.28781855388002,limited,1.0,Sample area-weighted raw index over covered land only. Weighting and minimum coverage are unapproved; no approved benchmark or percentile. Layer observation date unverified.
206031113,Ascot Vale,1,green_space_per_resident,27.397088783962786,limited,,Sample public-open-space filter includes sports grounds and natural open space that can include river land/water. Not confirmed vegetation or current access. Inventory completeness/date unverified. Denominator is preliminary 2025 ERP.
206031113,Ascot Vale,1,population_growth,3.8900152052711605,available,,"2025 ERP is preliminary; historical estimated change, not a forecast."
206031113,Ascot Vale,1,rent_weekly,370.0,available,,Historical reported rent; not current advertised rent.
206031113,Ascot Vale,1,transport_access,17.13865140169057,limited,0.999999999999984,Sample area-weighted raw index over covered land only. Weighting and minimum coverage are unapproved; no approved benchmark or percentile. Layer observation date unverified.
206031115,Flemington,1,green_space_per_resident,16.468456133668756,limited,,Sample public-open-space filter includes sports grounds and natural open space that can include river land/water. Not confirmed vegetation or current access. Inventory completeness/date unverified. Denominator is preliminary 2025 ERP.
206031115,Flemington,1,population_growth,-3.2619279454722494,available,,"2025 ERP is preliminary; historical estimated change, not a forecast."
206031115,Flemington,1,rent_weekly,324.0,available,,Historical reported rent; not current advertised rent.
206031115,Flemington,1,transport_access,21.561626225225535,limited,0.9999999999999868,Sample area-weighted raw index over covered land only. Weighting and minimum coverage are unapproved; no approved benchmark or percentile. Layer observation date unverified.
206031116,Moonee Ponds,1,green_space_per_resident,18.227535108075507,limited,,Sample public-open-space filter includes sports grounds and natural open space that can include river land/water. Not confirmed vegetation or current access. Inventory completeness/date unverified. Denominator is preliminary 2025 ERP.
206031116,Moonee Ponds,1,population_growth,7.969228920007212,available,,"2025 ERP is preliminary; historical estimated change, not a forecast."
206031116,Moonee Ponds,1,rent_weekly,400.0,available,,Historical reported rent; not current advertised rent.
206031116,Moonee Ponds,1,transport_access,21.753944913918613,limited,0.9999999999999966,Sample area-weighted raw index over covered land only. Weighting and minimum coverage are unapproved; no approved benchmark or percentile. Layer observation date unverified.
206031501,Essendon (West) - Aberfeldie,1,green_space_per_resident,23.971812654217178,limited,,Sample public-open-space filter includes sports grounds and natural open space that can include river land/water. Not confirmed vegetation or current access. Inventory completeness/date unverified. Denominator is preliminary 2025 ERP.
206031501,Essendon (West) - Aberfeldie,1,population_growth,1.1761229314420805,available,,"2025 ERP is preliminary; historical estimated change, not a forecast."
206031501,Essendon (West) - Aberfeldie,1,rent_weekly,382.0,available,,Historical reported rent; not current advertised rent.
206031501,Essendon (West) - Aberfeldie,1,transport_access,13.215318818074609,limited,0.9999999999999939,Sample area-weighted raw index over covered land only. Weighting and minimum coverage are unapproved; no approved benchmark or percentile. Layer observation date unverified.
206031502,Essendon - East,1,green_space_per_resident,24.54344479549969,limited,,Sample public-open-space filter includes sports grounds and natural open space that can include river land/water. Not confirmed vegetation or current access. Inventory completeness/date unverified. Denominator is preliminary 2025 ERP.
206031502,Essendon - East,1,population_growth,3.392619290135548,available,,"2025 ERP is preliminary; historical estimated change, not a forecast."
206031502,Essendon - East,1,rent_weekly,371.0,available,,Historical reported rent; not current advertised rent.
206031502,Essendon - East,1,transport_access,25.609821663670097,limited,1.0,Sample area-weighted raw index over covered land only. Weighting and minimum coverage are unapproved; no approved benchmark or percentile. Layer observation date unverified.
206041117,Carlton,1,green_space_per_resident,11.089526501894259,limited,,Sample public-open-space filter includes sports grounds and natural open space that can include river land/water. Not confirmed vegetation or current access. Inventory completeness/date unverified. Denominator is preliminary 2025 ERP.
206041117,Carlton,1,population_growth,21.09753175173736,available,,"2025 ERP is preliminary; historical estimated change, not a forecast."
206041117,Carlton,1,rent_weekly,365.0,available,,Historical reported rent; not current advertised rent.
206041117,Carlton,1,transport_access,41.81820604886178,limited,0.999999999999953,Sample area-weighted raw index over covered land only. Weighting and minimum coverage are unapproved; no approved benchmark or percentile. Layer observation date unverified.
206041118,Docklands,1,green_space_per_resident,33.9485250477835,limited,,Sample public-open-space filter includes sports grounds and natural open space that can include river land/water. Not confirmed vegetation or current access. Inventory completeness/date unverified. Denominator is preliminary 2025 ERP.
206041118,Docklands,1,population_growth,14.804150920760602,available,,"2025 ERP is preliminary; historical estimated change, not a forecast."
206041118,Docklands,1,rent_weekly,411.0,available,,Historical reported rent; not current advertised rent.
206041118,Docklands,1,transport_access,32.60727261929982,limited,0.9999999999999601,Sample area-weighted raw index over covered land only. Weighting and minimum coverage are unapproved; no approved benchmark or percentile. Layer observation date unverified.
206041119,East Melbourne,1,green_space_per_resident,185.78943741236824,limited,,Sample public-open-space filter includes sports grounds and natural open space that can include river land/water. Not confirmed vegetation or current access. Inventory completeness/date unverified. Denominator is preliminary 2025 ERP.
206041119,East Melbourne,1,population_growth,-2.563626230726361,available,,"2025 ERP is preliminary; historical estimated change, not a forecast."
206041119,East Melbourne,1,rent_weekly,480.0,available,,Historical reported rent; not current advertised rent.
206041119,East Melbourne,1,transport_access,42.48085568290869,limited,1.0,Sample area-weighted raw index over covered land only. Weighting and minimum coverage are unapproved; no approved benchmark or percentile. Layer observation date unverified.
206041120,Flemington Racecourse,1,green_space_per_resident,489.3391759680928,limited,,Sample public-open-space filter includes sports grounds and natural open space that can include river land/water. Not confirmed vegetation or current access. Inventory completeness/date unverified. Denominator is preliminary 2025 ERP.
206041120,Flemington Racecourse,1,population_growth,-3.7037037037037037,available,,"2025 ERP is preliminary; historical estimated change, not a forecast."
206041120,Flemington Racecourse,1,rent_weekly,401.0,available,,Historical reported rent; not current advertised rent.
206041120,Flemington Racecourse,1,transport_access,4.910271136261231,limited,1.0,Sample area-weighted raw index over covered land only. Weighting and minimum coverage are unapproved; no approved benchmark or percentile. Layer observation date unverified.
206041121,Kensington (Vic.),1,green_space_per_resident,24.6913831138809,limited,,Sample public-open-space filter includes sports grounds and natural open space that can include river land/water. Not confirmed vegetation or current access. Inventory completeness/date unverified. Denominator is preliminary 2025 ERP.
206041121,Kensington (Vic.),1,population_growth,8.82095304835319,available,,"2025 ERP is preliminary; historical estimated change, not a forecast."
206041121,Kensington (Vic.),1,rent_weekly,416.0,available,,Historical reported rent; not current advertised rent.
206041121,Kensington (Vic.),1,transport_access,17.64861447359336,limited,0.999999999999902,Sample area-weighted raw index over covered land only. Weighting and minimum coverage are unapproved; no approved benchmark or percentile. Layer observation date unverified.
206041124,Parkville,1,green_space_per_resident,167.16781956637462,limited,,Sample public-open-space filter includes sports grounds and natural open space that can include river land/water. Not confirmed vegetation or current access. Inventory completeness/date unverified. Denominator is preliminary 2025 ERP.
206041124,Parkville,1,population_growth,-0.45684058667949023,available,,"2025 ERP is preliminary; historical estimated change, not a forecast."
206041124,Parkville,1,rent_weekly,396.0,available,,Historical reported rent; not current advertised rent.
206041124,Parkville,1,transport_access,15.652085339737202,limited,1.0,Sample area-weighted raw index over covered land only. Weighting and minimum coverage are unapproved; no approved benchmark or percentile. Layer observation date unverified.
206041125,South Yarra - West,1,green_space_per_resident,59.85505176591415,limited,,Sample public-open-space filter includes sports grounds and natural open space that can include river land/water. Not confirmed vegetation or current access. Inventory completeness/date unverified. Denominator is preliminary 2025 ERP.
206041125,South Yarra - West,1,population_growth,-0.9482758620689655,available,,"2025 ERP is preliminary; historical estimated change, not a forecast."
206041125,South Yarra - West,1,rent_weekly,457.0,available,,Historical reported rent; not current advertised rent.
206041125,South Yarra - West,1,transport_access,27.43831068206197,limited,0.9999999999999523,Sample area-weighted raw index over covered land only. Weighting and minimum coverage are unapproved; no approved benchmark or percentile. Layer observation date unverified.
206041127,West Melbourne - Industrial,0,green_space_per_resident,,unavailable,,Zero/missing 2025 population; per-resident value undefined. Sample public-open-space filter includes sports grounds and natural open space that can include river land/water. Not confirmed vegetation or current access. Inventory completeness/date unverified. Denominator is preliminary 2025 ERP.
206041127,West Melbourne - Industrial,0,population_growth,,unavailable,,2020 population is zero/missing or 2025 population is missing; percentage change is undefined.
206041127,West Melbourne - Industrial,0,rent_weekly,,unavailable,,Source G02 token is 0; median withheld. 2021 RNTD excludes zero rent and the area QuickStats reports no/very low population. This does not mean free rent.
206041127,West Melbourne - Industrial,0,transport_access,3.7075396536068586,limited,1.0,Sample area-weighted raw index over covered land only. Weighting and minimum coverage are unapproved; no approved benchmark or percentile. Layer observation date unverified.
206041503,Melbourne CBD - East,1,green_space_per_resident,0.3902916689314321,limited,,Sample public-open-space filter includes sports grounds and natural open space that can include river land/water. Not confirmed vegetation or current access. Inventory completeness/date unverified. Denominator is preliminary 2025 ERP.
206041503,Melbourne CBD - East,1,population_growth,15.551595658512879,available,,"2025 ERP is preliminary; historical estimated change, not a forecast."
206041503,Melbourne CBD - East,1,rent_weekly,375.0,available,,Historical reported rent; not current advertised rent.
206041503,Melbourne CBD - East,1,transport_access,97.50737049466859,limited,0.9999999999998901,Sample area-weighted raw index over covered land only. Weighting and minimum coverage are unapproved; no approved benchmark or percentile. Layer observation date unverified.
206041504,Melbourne CBD - North,1,green_space_per_resident,0.276312979208413,limited,,Sample public-open-space filter includes sports grounds and natural open space that can include river land/water. Not confirmed vegetation or current access. Inventory completeness/date unverified. Denominator is preliminary 2025 ERP.
206041504,Melbourne CBD - North,1,population_growth,26.83894544505351,available,,"2025 ERP is preliminary; historical estimated change, not a forecast."
206041504,Melbourne CBD - North,1,rent_weekly,361.0,available,,Historical reported rent; not current advertised rent.
206041504,Melbourne CBD - North,1,transport_access,88.32066947352932,limited,1.0,Sample area-weighted raw index over covered land only. Weighting and minimum coverage are unapproved; no approved benchmark or percentile. Layer observation date unverified.
206041505,Melbourne CBD - West,1,green_space_per_resident,3.3763371601835006,limited,,Sample public-open-space filter includes sports grounds and natural open space that can include river land/water. Not confirmed vegetation or current access. Inventory completeness/date unverified. Denominator is preliminary 2025 ERP.
206041505,Melbourne CBD - West,1,population_growth,17.913385826771652,available,,"2025 ERP is preliminary; historical estimated change, not a forecast."
206041505,Melbourne CBD - West,1,rent_weekly,376.0,available,,Historical reported rent; not current advertised rent.
206041505,Melbourne CBD - West,1,transport_access,109.45587499920539,limited,1.0,Sample area-weighted raw index over covered land only. Weighting and minimum coverage are unapproved; no approved benchmark or percentile. Layer observation date unverified.
206041506,North Melbourne,1,green_space_per_resident,5.924202042379773,limited,,Sample public-open-space filter includes sports grounds and natural open space that can include river land/water. Not confirmed vegetation or current access. Inventory completeness/date unverified. Denominator is preliminary 2025 ERP.
206041506,North Melbourne,1,population_growth,6.235540376776468,available,,"2025 ERP is preliminary; historical estimated change, not a forecast."
206041506,North Melbourne,1,rent_weekly,381.0,available,,Historical reported rent; not current advertised rent.
206041506,North Melbourne,1,transport_access,28.848999873941732,limited,1.0,Sample area-weighted raw index over covered land only. Weighting and minimum coverage are unapproved; no approved benchmark or percentile. Layer observation date unverified.
206041507,Royal Botanic Gardens Victoria,0,green_space_per_resident,,unavailable,,Zero/missing 2025 population; per-resident value undefined. Sample public-open-space filter includes sports grounds and natural open space that can include river land/water. Not confirmed vegetation or current access. Inventory completeness/date unverified. Denominator is preliminary 2025 ERP.
206041507,Royal Botanic Gardens Victoria,0,population_growth,,unavailable,,2020 population is zero/missing or 2025 population is missing; percentage change is undefined.
206041507,Royal Botanic Gardens Victoria,0,rent_weekly,,unavailable,,Source G02 token is 0; median withheld. 2021 RNTD excludes zero rent and the area QuickStats reports no/very low population. This does not mean free rent.
206041507,Royal Botanic Gardens Victoria,0,transport_access,17.29259832285856,limited,1.0,Sample area-weighted raw index over covered land only. Weighting and minimum coverage are unapproved; no approved benchmark or percentile. Layer observation date unverified.
206041508,Southbank (West) - South Wharf,1,green_space_per_resident,11.302679007225963,limited,,Sample public-open-space filter includes sports grounds and natural open space that can include river land/water. Not confirmed vegetation or current access. Inventory completeness/date unverified. Denominator is preliminary 2025 ERP.
206041508,Southbank (West) - South Wharf,1,population_growth,7.561912329492783,available,,"2025 ERP is preliminary; historical estimated change, not a forecast."
206041508,Southbank (West) - South Wharf,1,rent_weekly,430.0,available,,Historical reported rent; not current advertised rent.
206041508,Southbank (West) - South Wharf,1,transport_access,40.7155285285586,limited,1.0,Sample area-weighted raw index over covered land only. Weighting and minimum coverage are unapproved; no approved benchmark or percentile. Layer observation date unverified.
206041509,Southbank - East,1,green_space_per_resident,0.4366494440654355,limited,,Sample public-open-space filter includes sports grounds and natural open space that can include river land/water. Not confirmed vegetation or current access. Inventory completeness/date unverified. Denominator is preliminary 2025 ERP.
206041509,Southbank - East,1,population_growth,12.984686506789945,available,,"2025 ERP is preliminary; historical estimated change, not a forecast."
206041509,Southbank - East,1,rent_weekly,408.0,available,,Historical reported rent; not current advertised rent.
206041509,Southbank - East,1,transport_access,36.52209934369204,limited,1.0,Sample area-weighted raw index over covered land only. Weighting and minimum coverage are unapproved; no approved benchmark or percentile. Layer observation date unverified.
206041510,West Melbourne - Residential,1,green_space_per_resident,8.939099372274068,limited,,Sample public-open-space filter includes sports grounds and natural open space that can include river land/water. Not confirmed vegetation or current access. Inventory completeness/date unverified. Denominator is preliminary 2025 ERP.
206041510,West Melbourne - Residential,1,population_growth,28.174970265627064,available,,"2025 ERP is preliminary; historical estimated change, not a forecast."
206041510,West Melbourne - Residential,1,rent_weekly,390.0,available,,Historical reported rent; not current advertised rent.
206041510,West Melbourne - Residential,1,transport_access,50.26302689593093,limited,0.9999999999998945,Sample area-weighted raw index over covered land only. Weighting and minimum coverage are unapproved; no approved benchmark or percentile. Layer observation date unverified.
206051128,Albert Park,1,green_space_per_resident,91.26879811830818,limited,,Sample public-open-space filter includes sports grounds and natural open space that can include river land/water. Not confirmed vegetation or current access. Inventory completeness/date unverified. Denominator is preliminary 2025 ERP.
206051128,Albert Park,1,population_growth,1.7575936301975819,available,,"2025 ERP is preliminary; historical estimated change, not a forecast."
206051128,Albert Park,1,rent_weekly,493.0,available,,Historical reported rent; not current advertised rent.
206051128,Albert Park,1,transport_access,15.730563347618837,limited,0.9999976806589284,Sample area-weighted raw index over covered land only. Weighting and minimum coverage are unapproved; no approved benchmark or percentile. Layer observation date unverified.
206051129,Elwood,1,green_space_per_resident,22.754007234494562,limited,,Sample public-open-space filter includes sports grounds and natural open space that can include river land/water. Not confirmed vegetation or current access. Inventory completeness/date unverified. Denominator is preliminary 2025 ERP.
206051129,Elwood,1,population_growth,0.8226059654631083,available,,"2025 ERP is preliminary; historical estimated change, not a forecast."
206051129,Elwood,1,rent_weekly,415.0,available,,Historical reported rent; not current advertised rent.
206051129,Elwood,1,transport_access,18.262744398108172,limited,0.9999999999999958,Sample area-weighted raw index over covered land only. Weighting and minimum coverage are unapproved; no approved benchmark or percentile. Layer observation date unverified.
206051130,Port Melbourne,1,green_space_per_resident,29.432393104717455,limited,,Sample public-open-space filter includes sports grounds and natural open space that can include river land/water. Not confirmed vegetation or current access. Inventory completeness/date unverified. Denominator is preliminary 2025 ERP.
206051130,Port Melbourne,1,population_growth,-0.41769619955288856,available,,"2025 ERP is preliminary; historical estimated change, not a forecast."
206051130,Port Melbourne,1,rent_weekly,522.0,available,,Historical reported rent; not current advertised rent.
206051130,Port Melbourne,1,transport_access,15.232733394223612,limited,0.9688294008545675,Sample area-weighted raw index over covered land only. Weighting and minimum coverage are unapproved; no approved benchmark or percentile. Layer observation date unverified.
206051134,St Kilda East,1,green_space_per_resident,6.133339931782874,limited,,Sample public-open-space filter includes sports grounds and natural open space that can include river land/water. Not confirmed vegetation or current access. Inventory completeness/date unverified. Denominator is preliminary 2025 ERP.
206051134,St Kilda East,1,population_growth,0.7010834926704907,available,,"2025 ERP is preliminary; historical estimated change, not a forecast."
206051134,St Kilda East,1,rent_weekly,384.0,available,,Historical reported rent; not current advertised rent.
206051134,St Kilda East,1,transport_access,23.228686988356806,limited,1.0,Sample area-weighted raw index over covered land only. Weighting and minimum coverage are unapproved; no approved benchmark or percentile. Layer observation date unverified.
206051511,Port Melbourne Industrial,1,green_space_per_resident,248.30559813337138,limited,,Sample public-open-space filter includes sports grounds and natural open space that can include river land/water. Not confirmed vegetation or current access. Inventory completeness/date unverified. Denominator is preliminary 2025 ERP.
206051511,Port Melbourne Industrial,1,population_growth,84.20128730251609,available,,"2025 ERP is preliminary; historical estimated change, not a forecast."
206051511,Port Melbourne Industrial,1,rent_weekly,585.0,available,,Historical reported rent; not current advertised rent.
206051511,Port Melbourne Industrial,1,transport_access,6.58293287988317,limited,0.9916477821786811,Sample area-weighted raw index over covered land only. Weighting and minimum coverage are unapproved; no approved benchmark or percentile. Layer observation date unverified.
206051512,South Melbourne,1,green_space_per_resident,2.9499695334456932,limited,,Sample public-open-space filter includes sports grounds and natural open space that can include river land/water. Not confirmed vegetation or current access. Inventory completeness/date unverified. Denominator is preliminary 2025 ERP.
206051512,South Melbourne,1,population_growth,3.230878075622986,available,,"2025 ERP is preliminary; historical estimated change, not a forecast."
206051512,South Melbourne,1,rent_weekly,421.0,available,,Historical reported rent; not current advertised rent.
206051512,South Melbourne,1,transport_access,27.900259021561677,limited,0.9999999999999192,Sample area-weighted raw index over covered land only. Weighting and minimum coverage are unapproved; no approved benchmark or percentile. Layer observation date unverified.
206051513,St Kilda - Central,1,green_space_per_resident,5.4052461345021365,limited,,Sample public-open-space filter includes sports grounds and natural open space that can include river land/water. Not confirmed vegetation or current access. Inventory completeness/date unverified. Denominator is preliminary 2025 ERP.
206051513,St Kilda - Central,1,population_growth,4.723467862481315,available,,"2025 ERP is preliminary; historical estimated change, not a forecast."
206051513,St Kilda - Central,1,rent_weekly,381.0,available,,Historical reported rent; not current advertised rent.
206051513,St Kilda - Central,1,transport_access,34.59974780766686,limited,0.9999999999999837,Sample area-weighted raw index over covered land only. Weighting and minimum coverage are unapproved; no approved benchmark or percentile. Layer observation date unverified.
206051514,St Kilda - West,1,green_space_per_resident,39.26185488972298,limited,,Sample public-open-space filter includes sports grounds and natural open space that can include river land/water. Not confirmed vegetation or current access. Inventory completeness/date unverified. Denominator is preliminary 2025 ERP.
206051514,St Kilda - West,1,population_growth,4.1538854805725975,available,,"2025 ERP is preliminary; historical estimated change, not a forecast."
206051514,St Kilda - West,1,rent_weekly,392.0,available,,Historical reported rent; not current advertised rent.
206051514,St Kilda - West,1,transport_access,26.299277658568133,limited,0.9999811030769293,Sample area-weighted raw index over covered land only. Weighting and minimum coverage are unapproved; no approved benchmark or percentile. Layer observation date unverified.
206061135,Armadale,1,green_space_per_resident,5.198976616745643,limited,,Sample public-open-space filter includes sports grounds and natural open space that can include river land/water. Not confirmed vegetation or current access. Inventory completeness/date unverified. Denominator is preliminary 2025 ERP.
206061135,Armadale,1,population_growth,-0.4267990074441687,available,,"2025 ERP is preliminary; historical estimated change, not a forecast."
206061135,Armadale,1,rent_weekly,421.0,available,,Historical reported rent; not current advertised rent.
206061135,Armadale,1,transport_access,33.370942061034945,limited,0.9999999999999878,Sample area-weighted raw index over covered land only. Weighting and minimum coverage are unapproved; no approved benchmark or percentile. Layer observation date unverified.
206061136,Prahran - Windsor,1,green_space_per_resident,6.681935505361052,limited,,Sample public-open-space filter includes sports grounds and natural open space that can include river land/water. Not confirmed vegetation or current access. Inventory completeness/date unverified. Denominator is preliminary 2025 ERP.
206061136,Prahran - Windsor,1,population_growth,1.2711661150285414,available,,"2025 ERP is preliminary; historical estimated change, not a forecast."
206061136,Prahran - Windsor,1,rent_weekly,421.0,available,,Historical reported rent; not current advertised rent.
206061136,Prahran - Windsor,1,transport_access,33.039198144622674,limited,0.9999999999999755,Sample area-weighted raw index over covered land only. Weighting and minimum coverage are unapproved; no approved benchmark or percentile. Layer observation date unverified.
206061138,Toorak,1,green_space_per_resident,7.409024216682447,limited,,Sample public-open-space filter includes sports grounds and natural open space that can include river land/water. Not confirmed vegetation or current access. Inventory completeness/date unverified. Denominator is preliminary 2025 ERP.
206061138,Toorak,1,population_growth,-0.24919378481383758,available,,"2025 ERP is preliminary; historical estimated change, not a forecast."
206061138,Toorak,1,rent_weekly,490.0,available,,Historical reported rent; not current advertised rent.
206061138,Toorak,1,transport_access,18.081832778377134,limited,1.0,Sample area-weighted raw index over covered land only. Weighting and minimum coverage are unapproved; no approved benchmark or percentile. Layer observation date unverified.
206061515,South Yarra - North,1,green_space_per_resident,16.389522730028816,limited,,Sample public-open-space filter includes sports grounds and natural open space that can include river land/water. Not confirmed vegetation or current access. Inventory completeness/date unverified. Denominator is preliminary 2025 ERP.
206061515,South Yarra - North,1,population_growth,12.7300989937004,available,,"2025 ERP is preliminary; historical estimated change, not a forecast."
206061515,South Yarra - North,1,rent_weekly,426.0,available,,Historical reported rent; not current advertised rent.
206061515,South Yarra - North,1,transport_access,26.161577338950195,limited,0.9999999999999383,Sample area-weighted raw index over covered land only. Weighting and minimum coverage are unapproved; no approved benchmark or percentile. Layer observation date unverified.
206061516,South Yarra - South,1,green_space_per_resident,2.758637179770662,limited,,Sample public-open-space filter includes sports grounds and natural open space that can include river land/water. Not confirmed vegetation or current access. Inventory completeness/date unverified. Denominator is preliminary 2025 ERP.
206061516,South Yarra - South,1,population_growth,-7.487815684536996,available,,"2025 ERP is preliminary; historical estimated change, not a forecast."
206061516,South Yarra - South,1,rent_weekly,395.0,available,,Historical reported rent; not current advertised rent.
206061516,South Yarra - South,1,transport_access,34.01250811375153,limited,1.0,Sample area-weighted raw index over covered land only. Weighting and minimum coverage are unapproved; no approved benchmark or percentile. Layer observation date unverified.
206071139,Abbotsford,1,green_space_per_resident,26.31116019604818,limited,,Sample public-open-space filter includes sports grounds and natural open space that can include river land/water. Not confirmed vegetation or current access. Inventory completeness/date unverified. Denominator is preliminary 2025 ERP.
206071139,Abbotsford,1,population_growth,6.658395368072788,available,,"2025 ERP is preliminary; historical estimated change, not a forecast."
206071139,Abbotsford,1,rent_weekly,425.0,available,,Historical reported rent; not current advertised rent.
206071139,Abbotsford,1,transport_access,22.88920528406035,limited,1.0,Sample area-weighted raw index over covered land only. Weighting and minimum coverage are unapproved; no approved benchmark or percentile. Layer observation date unverified.
206071140,Carlton North - Princes Hill,1,green_space_per_resident,42.743189754937674,limited,,Sample public-open-space filter includes sports grounds and natural open space that can include river land/water. Not confirmed vegetation or current access. Inventory completeness/date unverified. Denominator is preliminary 2025 ERP.
206071140,Carlton North - Princes Hill,1,population_growth,-0.797842454208338,available,,"2025 ERP is preliminary; historical estimated change, not a forecast."
206071140,Carlton North - Princes Hill,1,rent_weekly,541.0,available,,Historical reported rent; not current advertised rent.
206071140,Carlton North - Princes Hill,1,transport_access,20.417980963950995,limited,1.0,Sample area-weighted raw index over covered land only. Weighting and minimum coverage are unapproved; no approved benchmark or percentile. Layer observation date unverified.
206071141,Collingwood,1,green_space_per_resident,0.30411491818234454,limited,,Sample public-open-space filter includes sports grounds and natural open space that can include river land/water. Not confirmed vegetation or current access. Inventory completeness/date unverified. Denominator is preliminary 2025 ERP.
206071141,Collingwood,1,population_growth,14.18397030795466,available,,"2025 ERP is preliminary; historical estimated change, not a forecast."
206071141,Collingwood,1,rent_weekly,425.0,available,,Historical reported rent; not current advertised rent.
206071141,Collingwood,1,transport_access,29.36626101321773,limited,1.0,Sample area-weighted raw index over covered land only. Weighting and minimum coverage are unapproved; no approved benchmark or percentile. Layer observation date unverified.
206071142,Fitzroy,1,green_space_per_resident,1.7412561807068168,limited,,Sample public-open-space filter includes sports grounds and natural open space that can include river land/water. Not confirmed vegetation or current access. Inventory completeness/date unverified. Denominator is preliminary 2025 ERP.
206071142,Fitzroy,1,population_growth,7.398884857066997,available,,"2025 ERP is preliminary; historical estimated change, not a forecast."
206071142,Fitzroy,1,rent_weekly,451.0,available,,Historical reported rent; not current advertised rent.
206071142,Fitzroy,1,transport_access,38.58783482146541,limited,0.9999999999999841,Sample area-weighted raw index over covered land only. Weighting and minimum coverage are unapproved; no approved benchmark or percentile. Layer observation date unverified.
206071143,Fitzroy North,1,green_space_per_resident,22.051808866400176,limited,,Sample public-open-space filter includes sports grounds and natural open space that can include river land/water. Not confirmed vegetation or current access. Inventory completeness/date unverified. Denominator is preliminary 2025 ERP.
206071143,Fitzroy North,1,population_growth,0.6589062156819679,available,,"2025 ERP is preliminary; historical estimated change, not a forecast."
206071143,Fitzroy North,1,rent_weekly,481.0,available,,Historical reported rent; not current advertised rent.
206071143,Fitzroy North,1,transport_access,30.59085722502047,limited,0.9999999999999725,Sample area-weighted raw index over covered land only. Weighting and minimum coverage are unapproved; no approved benchmark or percentile. Layer observation date unverified.
206071145,Clifton Hill - Alphington,1,green_space_per_resident,144.10609993988817,limited,,Sample public-open-space filter includes sports grounds and natural open space that can include river land/water. Not confirmed vegetation or current access. Inventory completeness/date unverified. Denominator is preliminary 2025 ERP.
206071145,Clifton Hill - Alphington,1,population_growth,12.35855554462265,available,,"2025 ERP is preliminary; historical estimated change, not a forecast."
206071145,Clifton Hill - Alphington,1,rent_weekly,500.0,available,,Historical reported rent; not current advertised rent.
206071145,Clifton Hill - Alphington,1,transport_access,8.774623948284592,limited,1.0,Sample area-weighted raw index over covered land only. Weighting and minimum coverage are unapproved; no approved benchmark or percentile. Layer observation date unverified.
206071517,Richmond (South) - Cremorne,1,green_space_per_resident,33.27386361813152,limited,,Sample public-open-space filter includes sports grounds and natural open space that can include river land/water. Not confirmed vegetation or current access. Inventory completeness/date unverified. Denominator is preliminary 2025 ERP.
206071517,Richmond (South) - Cremorne,1,population_growth,1.5637381795129166,available,,"2025 ERP is preliminary; historical estimated change, not a forecast."
206071517,Richmond (South) - Cremorne,1,rent_weekly,508.0,available,,Historical reported rent; not current advertised rent.
206071517,Richmond (South) - Cremorne,1,transport_access,24.747701260031587,limited,0.99999999999999,Sample area-weighted raw index over covered land only. Weighting and minimum coverage are unapproved; no approved benchmark or percentile. Layer observation date unverified.
206071518,Richmond - North,1,green_space_per_resident,4.772975533925614,limited,,Sample public-open-space filter includes sports grounds and natural open space that can include river land/water. Not confirmed vegetation or current access. Inventory completeness/date unverified. Denominator is preliminary 2025 ERP.
206071518,Richmond - North,1,population_growth,1.8502495840266222,available,,"2025 ERP is preliminary; historical estimated change, not a forecast."
206071518,Richmond - North,1,rent_weekly,400.0,available,,Historical reported rent; not current advertised rent.
206071518,Richmond - North,1,transport_access,24.596219424610663,limited,0.9999999999999968,Sample area-weighted raw index over covered land only. Weighting and minimum coverage are unapproved; no approved benchmark or percentile. Layer observation date unverified.
207011146,Ashburton (Vic.),1,green_space_per_resident,32.002154469630575,limited,,Sample public-open-space filter includes sports grounds and natural open space that can include river land/water. Not confirmed vegetation or current access. Inventory completeness/date unverified. Denominator is preliminary 2025 ERP.
207011146,Ashburton (Vic.),1,population_growth,1.9496931038632808,available,,"2025 ERP is preliminary; historical estimated change, not a forecast."
207011146,Ashburton (Vic.),1,rent_weekly,455.0,available,,Historical reported rent; not current advertised rent.
207011146,Ashburton (Vic.),1,transport_access,10.911468929349097,limited,0.9999999999999979,Sample area-weighted raw index over covered land only. Weighting and minimum coverage are unapproved; no approved benchmark or percentile. Layer observation date unverified.
207011147,Balwyn,1,green_space_per_resident,18.024282577925682,limited,,Sample public-open-space filter includes sports grounds and natural open space that can include river land/water. Not confirmed vegetation or current access. Inventory completeness/date unverified. Denominator is preliminary 2025 ERP.
207011147,Balwyn,1,population_growth,-0.9570782690388115,available,,"2025 ERP is preliminary; historical estimated change, not a forecast."
207011147,Balwyn,1,rent_weekly,461.0,available,,Historical reported rent; not current advertised rent.
207011147,Balwyn,1,transport_access,10.433389279466223,limited,0.9999999999999881,Sample area-weighted raw index over covered land only. Weighting and minimum coverage are unapproved; no approved benchmark or percentile. Layer observation date unverified.
207011148,Balwyn North,1,green_space_per_resident,46.43272760998745,limited,,Sample public-open-space filter includes sports grounds and natural open space that can include river land/water. Not confirmed vegetation or current access. Inventory completeness/date unverified. Denominator is preliminary 2025 ERP.
207011148,Balwyn North,1,population_growth,2.389420884632923,available,,"2025 ERP is preliminary; historical estimated change, not a forecast."
207011148,Balwyn North,1,rent_weekly,554.0,available,,Historical reported rent; not current advertised rent.
207011148,Balwyn North,1,transport_access,10.50171959387267,limited,0.9999999999999977,Sample area-weighted raw index over covered land only. Weighting and minimum coverage are unapproved; no approved benchmark or percentile. Layer observation date unverified.
207011149,Camberwell,1,green_space_per_resident,19.761269254604443,limited,,Sample public-open-space filter includes sports grounds and natural open space that can include river land/water. Not confirmed vegetation or current access. Inventory completeness/date unverified. Denominator is preliminary 2025 ERP.
207011149,Camberwell,1,population_growth,-2.4420456556361705,available,,"2025 ERP is preliminary; historical estimated change, not a forecast."
207011149,Camberwell,1,rent_weekly,490.0,available,,Historical reported rent; not current advertised rent.
207011149,Camberwell,1,transport_access,16.54781056916362,limited,1.0,Sample area-weighted raw index over covered land only. Weighting and minimum coverage are unapproved; no approved benchmark or percentile. Layer observation date unverified.
207011150,Glen Iris - East,1,green_space_per_resident,32.08593755553522,limited,,Sample public-open-space filter includes sports grounds and natural open space that can include river land/water. Not confirmed vegetation or current access. Inventory completeness/date unverified. Denominator is preliminary 2025 ERP.
207011150,Glen Iris - East,1,population_growth,1.5827338129496402,available,,"2025 ERP is preliminary; historical estimated change, not a forecast."
207011150,Glen Iris - East,1,rent_weekly,522.0,available,,Historical reported rent; not current advertised rent.
207011150,Glen Iris - East,1,transport_access,10.382860841340714,limited,1.0,Sample area-weighted raw index over covered land only. Weighting and minimum coverage are unapproved; no approved benchmark or percentile. Layer observation date unverified.
207011152,Hawthorn East,1,green_space_per_resident,16.46313049837658,limited,,Sample public-open-space filter includes sports grounds and natural open space that can include river land/water. Not confirmed vegetation or current access. Inventory completeness/date unverified. Denominator is preliminary 2025 ERP.
207011152,Hawthorn East,1,population_growth,5.048508803449515,available,,"2025 ERP is preliminary; historical estimated change, not a forecast."
207011152,Hawthorn East,1,rent_weekly,411.0,available,,Historical reported rent; not current advertised rent.
207011152,Hawthorn East,1,transport_access,14.449015369389443,limited,1.0,Sample area-weighted raw index over covered land only. Weighting and minimum coverage are unapproved; no approved benchmark or percentile. Layer observation date unverified.
207011154,Kew East,1,green_space_per_resident,79.94999762218023,limited,,Sample public-open-space filter includes sports grounds and natural open space that can include river land/water. Not confirmed vegetation or current access. Inventory completeness/date unverified. Denominator is preliminary 2025 ERP.
207011154,Kew East,1,population_growth,-0.35382574082264484,available,,"2025 ERP is preliminary; historical estimated change, not a forecast."
207011154,Kew East,1,rent_weekly,466.0,available,,Historical reported rent; not current advertised rent.
207011154,Kew East,1,transport_access,10.279340136971749,limited,1.0,Sample area-weighted raw index over covered land only. Weighting and minimum coverage are unapproved; no approved benchmark or percentile. Layer observation date unverified.
207011155,Surrey Hills (West) - Canterbury,1,green_space_per_resident,15.900490514211338,limited,,Sample public-open-space filter includes sports grounds and natural open space that can include river land/water. Not confirmed vegetation or current access. Inventory completeness/date unverified. Denominator is preliminary 2025 ERP.
207011155,Surrey Hills (West) - Canterbury,1,population_growth,-3.318241391635887,available,,"2025 ERP is preliminary; historical estimated change, not a forecast."
207011155,Surrey Hills (West) - Canterbury,1,rent_weekly,475.0,available,,Historical reported rent; not current advertised rent.
207011155,Surrey Hills (West) - Canterbury,1,transport_access,13.719043549178517,limited,1.0,Sample area-weighted raw index over covered land only. Weighting and minimum coverage are unapproved; no approved benchmark or percentile. Layer observation date unverified.
207011519,Hawthorn - North,1,green_space_per_resident,23.998320667566446,limited,,Sample public-open-space filter includes sports grounds and natural open space that can include river land/water. Not confirmed vegetation or current access. Inventory completeness/date unverified. Denominator is preliminary 2025 ERP.
207011519,Hawthorn - North,1,population_growth,0.4419075676670963,available,,"2025 ERP is preliminary; historical estimated change, not a forecast."
207011519,Hawthorn - North,1,rent_weekly,401.0,available,,Historical reported rent; not current advertised rent.
207011519,Hawthorn - North,1,transport_access,15.471163438431187,limited,0.9999999999999452,Sample area-weighted raw index over covered land only. Weighting and minimum coverage are unapproved; no approved benchmark or percentile. Layer observation date unverified.
207011520,Hawthorn - South,1,green_space_per_resident,18.519424073777557,limited,,Sample public-open-space filter includes sports grounds and natural open space that can include river land/water. Not confirmed vegetation or current access. Inventory completeness/date unverified. Denominator is preliminary 2025 ERP.
207011520,Hawthorn - South,1,population_growth,1.5119760479041917,available,,"2025 ERP is preliminary; historical estimated change, not a forecast."
207011520,Hawthorn - South,1,rent_weekly,400.0,available,,Historical reported rent; not current advertised rent.
207011520,Hawthorn - South,1,transport_access,19.148793493191153,limited,1.0,Sample area-weighted raw index over covered land only. Weighting and minimum coverage are unapproved; no approved benchmark or percentile. Layer observation date unverified.
207011521,Kew - South,1,green_space_per_resident,16.137767344353826,limited,,Sample public-open-space filter includes sports grounds and natural open space that can include river land/water. Not confirmed vegetation or current access. Inventory completeness/date unverified. Denominator is preliminary 2025 ERP.
207011521,Kew - South,1,population_growth,-0.6378683891804602,available,,"2025 ERP is preliminary; historical estimated change, not a forecast."
207011521,Kew - South,1,rent_weekly,501.0,available,,Historical reported rent; not current advertised rent.
207011521,Kew - South,1,transport_access,14.911777688034032,limited,0.9999999999999793,Sample area-weighted raw index over covered land only. Weighting and minimum coverage are unapproved; no approved benchmark or percentile. Layer observation date unverified.
207011522,Kew - West,1,green_space_per_resident,121.41376173532187,limited,,Sample public-open-space filter includes sports grounds and natural open space that can include river land/water. Not confirmed vegetation or current access. Inventory completeness/date unverified. Denominator is preliminary 2025 ERP.
207011522,Kew - West,1,population_growth,0.34176847004072136,available,,"2025 ERP is preliminary; historical estimated change, not a forecast."
207011522,Kew - West,1,rent_weekly,456.0,available,,Historical reported rent; not current advertised rent.
207011522,Kew - West,1,transport_access,8.140808500780356,limited,1.0,Sample area-weighted raw index over covered land only. Weighting and minimum coverage are unapproved; no approved benchmark or percentile. Layer observation date unverified.
207021156,Bulleen,1,green_space_per_resident,118.54390790463967,limited,,Sample public-open-space filter includes sports grounds and natural open space that can include river land/water. Not confirmed vegetation or current access. Inventory completeness/date unverified. Denominator is preliminary 2025 ERP.
207021156,Bulleen,1,population_growth,1.3125160847559407,available,,"2025 ERP is preliminary; historical estimated change, not a forecast."
207021156,Bulleen,1,rent_weekly,460.0,available,,Historical reported rent; not current advertised rent.
207021156,Bulleen,1,transport_access,5.295285938213054,limited,1.0,Sample area-weighted raw index over covered land only. Weighting and minimum coverage are unapproved; no approved benchmark or percentile. Layer observation date unverified.
207021157,Doncaster,1,green_space_per_resident,33.27050513964348,limited,,Sample public-open-space filter includes sports grounds and natural open space that can include river land/water. Not confirmed vegetation or current access. Inventory completeness/date unverified. Denominator is preliminary 2025 ERP.
207021157,Doncaster,1,population_growth,12.87921012819492,available,,"2025 ERP is preliminary; historical estimated change, not a forecast."
207021157,Doncaster,1,rent_weekly,450.0,available,,Historical reported rent; not current advertised rent.
207021157,Doncaster,1,transport_access,9.381599126664554,limited,0.9999999999999979,Sample area-weighted raw index over covered land only. Weighting and minimum coverage are unapproved; no approved benchmark or percentile. Layer observation date unverified.
207021159,Templestowe,1,green_space_per_resident,311.4891760222722,limited,,Sample public-open-space filter includes sports grounds and natural open space that can include river land/water. Not confirmed vegetation or current access. Inventory completeness/date unverified. Denominator is preliminary 2025 ERP.
207021159,Templestowe,1,population_growth,-0.6040574424435833,available,,"2025 ERP is preliminary; historical estimated change, not a forecast."
207021159,Templestowe,1,rent_weekly,513.0,available,,Historical reported rent; not current advertised rent.
207021159,Templestowe,1,transport_access,4.487357531041087,limited,0.9999999999999977,Sample area-weighted raw index over covered land only. Weighting and minimum coverage are unapproved; no approved benchmark or percentile. Layer observation date unverified.
207021160,Templestowe Lower,1,green_space_per_resident,61.95587063188101,limited,,Sample public-open-space filter includes sports grounds and natural open space that can include river land/water. Not confirmed vegetation or current access. Inventory completeness/date unverified. Denominator is preliminary 2025 ERP.
207021160,Templestowe Lower,1,population_growth,0.7818393800150881,available,,"2025 ERP is preliminary; historical estimated change, not a forecast."
207021160,Templestowe Lower,1,rent_weekly,475.0,available,,Historical reported rent; not current advertised rent.
207021160,Templestowe Lower,1,transport_access,7.870961377855042,limited,1.0,Sample area-weighted raw index over covered land only. Weighting and minimum coverage are unapproved; no approved benchmark or percentile. Layer observation date unverified.
207021424,Doncaster East - North,1,green_space_per_resident,40.6814114617274,limited,,Sample public-open-space filter includes sports grounds and natural open space that can include river land/water. Not confirmed vegetation or current access. Inventory completeness/date unverified. Denominator is preliminary 2025 ERP.
207021424,Doncaster East - North,1,population_growth,3.084737363726462,available,,"2025 ERP is preliminary; historical estimated change, not a forecast."
207021424,Doncaster East - North,1,rent_weekly,497.0,available,,Historical reported rent; not current advertised rent.
207021424,Doncaster East - North,1,transport_access,7.335021633532893,limited,0.9999999999999967,Sample area-weighted raw index over covered land only. Weighting and minimum coverage are unapproved; no approved benchmark or percentile. Layer observation date unverified.
207021425,Doncaster East - South,1,green_space_per_resident,15.697852025978914,limited,,Sample public-open-space filter includes sports grounds and natural open space that can include river land/water. Not confirmed vegetation or current access. Inventory completeness/date unverified. Denominator is preliminary 2025 ERP.
207021425,Doncaster East - South,1,population_growth,6.5299209634926605,available,,"2025 ERP is preliminary; historical estimated change, not a forecast."
207021425,Doncaster East - South,1,rent_weekly,460.0,available,,Historical reported rent; not current advertised rent.
207021425,Doncaster East - South,1,transport_access,10.46627034120912,limited,1.0,Sample area-weighted raw index over covered land only. Weighting and minimum coverage are unapproved; no approved benchmark or percentile. Layer observation date unverified.
207031161,Blackburn,1,green_space_per_resident,40.003245138887316,limited,,Sample public-open-space filter includes sports grounds and natural open space that can include river land/water. Not confirmed vegetation or current access. Inventory completeness/date unverified. Denominator is preliminary 2025 ERP.
207031161,Blackburn,1,population_growth,3.0392497394928797,available,,"2025 ERP is preliminary; historical estimated change, not a forecast."
207031161,Blackburn,1,rent_weekly,420.0,available,,Historical reported rent; not current advertised rent.
207031161,Blackburn,1,transport_access,13.24388518841079,limited,0.9999999999999961,Sample area-weighted raw index over covered land only. Weighting and minimum coverage are unapproved; no approved benchmark or percentile. Layer observation date unverified.
207031162,Blackburn South,1,green_space_per_resident,29.14345756824672,limited,,Sample public-open-space filter includes sports grounds and natural open space that can include river land/water. Not confirmed vegetation or current access. Inventory completeness/date unverified. Denominator is preliminary 2025 ERP.
207031162,Blackburn South,1,population_growth,-2.3805325339446304,available,,"2025 ERP is preliminary; historical estimated change, not a forecast."
207031162,Blackburn South,1,rent_weekly,410.0,available,,Historical reported rent; not current advertised rent.
207031162,Blackburn South,1,transport_access,7.8831504320180255,limited,1.0,Sample area-weighted raw index over covered land only. Weighting and minimum coverage are unapproved; no approved benchmark or percentile. Layer observation date unverified.
207031163,Box Hill,1,green_space_per_resident,21.433428829124658,limited,,Sample public-open-space filter includes sports grounds and natural open space that can include river land/water. Not confirmed vegetation or current access. Inventory completeness/date unverified. Denominator is preliminary 2025 ERP.
207031163,Box Hill,1,population_growth,12.803715067584378,available,,"2025 ERP is preliminary; historical estimated change, not a forecast."
207031163,Box Hill,1,rent_weekly,391.0,available,,Historical reported rent; not current advertised rent.
207031163,Box Hill,1,transport_access,17.33984700232881,limited,1.0,Sample area-weighted raw index over covered land only. Weighting and minimum coverage are unapproved; no approved benchmark or percentile. Layer observation date unverified.
207031164,Box Hill North,1,green_space_per_resident,31.00390141919527,limited,,Sample public-open-space filter includes sports grounds and natural open space that can include river land/water. Not confirmed vegetation or current access. Inventory completeness/date unverified. Denominator is preliminary 2025 ERP.
207031164,Box Hill North,1,population_growth,4.533671903930593,available,,"2025 ERP is preliminary; historical estimated change, not a forecast."
207031164,Box Hill North,1,rent_weekly,438.0,available,,Historical reported rent; not current advertised rent.
207031164,Box Hill North,1,transport_access,11.902899279893196,limited,0.9999999999999862,Sample area-weighted raw index over covered land only. Weighting and minimum coverage are unapproved; no approved benchmark or percentile. Layer observation date unverified.
207031165,Burwood (Vic.),1,green_space_per_resident,45.84448691768621,limited,,Sample public-open-space filter includes sports grounds and natural open space that can include river land/water. Not confirmed vegetation or current access. Inventory completeness/date unverified. Denominator is preliminary 2025 ERP.
207031165,Burwood (Vic.),1,population_growth,14.939114939114939,available,,"2025 ERP is preliminary; historical estimated change, not a forecast."
207031165,Burwood (Vic.),1,rent_weekly,401.0,available,,Historical reported rent; not current advertised rent.
207031165,Burwood (Vic.),1,transport_access,11.718004329401593,limited,1.0,Sample area-weighted raw index over covered land only. Weighting and minimum coverage are unapproved; no approved benchmark or percentile. Layer observation date unverified.
207031166,Burwood East,1,green_space_per_resident,28.07729503198867,limited,,Sample public-open-space filter includes sports grounds and natural open space that can include river land/water. Not confirmed vegetation or current access. Inventory completeness/date unverified. Denominator is preliminary 2025 ERP.
207031166,Burwood East,1,population_growth,12.72957568081064,available,,"2025 ERP is preliminary; historical estimated change, not a forecast."
207031166,Burwood East,1,rent_weekly,439.0,available,,Historical reported rent; not current advertised rent.
207031166,Burwood East,1,transport_access,10.816788672502796,limited,1.0,Sample area-weighted raw index over covered land only. Weighting and minimum coverage are unapproved; no approved benchmark or percentile. Layer observation date unverified.
207031167,Surrey Hills (East) - Mont Albert,1,green_space_per_resident,5.738941574626525,limited,,Sample public-open-space filter includes sports grounds and natural open space that can include river land/water. Not confirmed vegetation or current access. Inventory completeness/date unverified. Denominator is preliminary 2025 ERP.
207031167,Surrey Hills (East) - Mont Albert,1,population_growth,1.0313144571535722,available,,"2025 ERP is preliminary; historical estimated change, not a forecast."
207031167,Surrey Hills (East) - Mont Albert,1,rent_weekly,462.0,available,,Historical reported rent; not current advertised rent.
207031167,Surrey Hills (East) - Mont Albert,1,transport_access,10.783235219562064,limited,0.9999999999999925,Sample area-weighted raw index over covered land only. Weighting and minimum coverage are unapproved; no approved benchmark or percentile. Layer observation date unverified.
208011168,Beaumaris,1,green_space_per_resident,30.806883585120225,limited,,Sample public-open-space filter includes sports grounds and natural open space that can include river land/water. Not confirmed vegetation or current access. Inventory completeness/date unverified. Denominator is preliminary 2025 ERP.
208011168,Beaumaris,1,population_growth,0.8633895000696282,available,,"2025 ERP is preliminary; historical estimated change, not a forecast."
208011168,Beaumaris,1,rent_weekly,612.0,available,,Historical reported rent; not current advertised rent.
208011168,Beaumaris,1,transport_access,6.729846330655234,limited,0.9998674060400601,Sample area-weighted raw index over covered land only. Weighting and minimum coverage are unapproved; no approved benchmark or percentile. Layer observation date unverified.
208011169,Brighton (Vic.),1,green_space_per_resident,26.147935125577114,limited,,Sample public-open-space filter includes sports grounds and natural open space that can include river land/water. Not confirmed vegetation or current access. Inventory completeness/date unverified. Denominator is preliminary 2025 ERP.
208011169,Brighton (Vic.),1,population_growth,0.8452104739807756,available,,"2025 ERP is preliminary; historical estimated change, not a forecast."
208011169,Brighton (Vic.),1,rent_weekly,600.0,available,,Historical reported rent; not current advertised rent.
208011169,Brighton (Vic.),1,transport_access,13.688475702074141,limited,0.9999715090632872,Sample area-weighted raw index over covered land only. Weighting and minimum coverage are unapproved; no approved benchmark or percentile. Layer observation date unverified.
208011170,Brighton East,1,green_space_per_resident,22.400475447856955,limited,,Sample public-open-space filter includes sports grounds and natural open space that can include river land/water. Not confirmed vegetation or current access. Inventory completeness/date unverified. Denominator is preliminary 2025 ERP.
208011170,Brighton East,1,population_growth,2.7983539094650207,available,,"2025 ERP is preliminary; historical estimated change, not a forecast."
208011170,Brighton East,1,rent_weekly,602.0,available,,Historical reported rent; not current advertised rent.
208011170,Brighton East,1,transport_access,7.264435081590204,limited,0.9999999999999887,Sample area-weighted raw index over covered land only. Weighting and minimum coverage are unapproved; no approved benchmark or percentile. Layer observation date unverified.
208011171,Highett (West) - Cheltenham,1,green_space_per_resident,13.027740787887351,limited,,Sample public-open-space filter includes sports grounds and natural open space that can include river land/water. Not confirmed vegetation or current access. Inventory completeness/date unverified. Denominator is preliminary 2025 ERP.
208011171,Highett (West) - Cheltenham,1,population_growth,5.205936036822474,available,,"2025 ERP is preliminary; historical estimated change, not a forecast."
208011171,Highett (West) - Cheltenham,1,rent_weekly,450.0,available,,Historical reported rent; not current advertised rent.
208011171,Highett (West) - Cheltenham,1,transport_access,7.138713620778004,limited,1.0,Sample area-weighted raw index over covered land only. Weighting and minimum coverage are unapproved; no approved benchmark or percentile. Layer observation date unverified.
208011172,Hampton,1,green_space_per_resident,26.96115427431192,limited,,Sample public-open-space filter includes sports grounds and natural open space that can include river land/water. Not confirmed vegetation or current access. Inventory completeness/date unverified. Denominator is preliminary 2025 ERP.
208011172,Hampton,1,population_growth,2.774122229825762,available,,"2025 ERP is preliminary; historical estimated change, not a forecast."
208011172,Hampton,1,rent_weekly,471.0,available,,Historical reported rent; not current advertised rent.
208011172,Hampton,1,transport_access,9.397140702354141,limited,0.971254783217642,Sample area-weighted raw index over covered land only. Weighting and minimum coverage are unapproved; no approved benchmark or percentile. Layer observation date unverified.
208011173,Sandringham - Black Rock,1,green_space_per_resident,42.12456867229415,limited,,Sample public-open-space filter includes sports grounds and natural open space that can include river land/water. Not confirmed vegetation or current access. Inventory completeness/date unverified. Denominator is preliminary 2025 ERP.
208011173,Sandringham - Black Rock,1,population_growth,0.8876730683340777,available,,"2025 ERP is preliminary; historical estimated change, not a forecast."
208011173,Sandringham - Black Rock,1,rent_weekly,486.0,available,,Historical reported rent; not current advertised rent.
208011173,Sandringham - Black Rock,1,transport_access,7.941298503502384,limited,0.9994443244480857,Sample area-weighted raw index over covered land only. Weighting and minimum coverage are unapproved; no approved benchmark or percentile. Layer observation date unverified.
208021174,Bentleigh - McKinnon,1,green_space_per_resident,10.155682614579058,limited,,Sample public-open-space filter includes sports grounds and natural open space that can include river land/water. Not confirmed vegetation or current access. Inventory completeness/date unverified. Denominator is preliminary 2025 ERP.
208021174,Bentleigh - McKinnon,1,population_growth,5.969269462019098,available,,"2025 ERP is preliminary; historical estimated change, not a forecast."
208021174,Bentleigh - McKinnon,1,rent_weekly,491.0,available,,Historical reported rent; not current advertised rent.
208021174,Bentleigh - McKinnon,1,transport_access,11.470566495013632,limited,1.0,Sample area-weighted raw index over covered land only. Weighting and minimum coverage are unapproved; no approved benchmark or percentile. Layer observation date unverified.
208021176,Carnegie,1,green_space_per_resident,8.89564379941244,limited,,Sample public-open-space filter includes sports grounds and natural open space that can include river land/water. Not confirmed vegetation or current access. Inventory completeness/date unverified. Denominator is preliminary 2025 ERP.
208021176,Carnegie,1,population_growth,8.080910754218337,available,,"2025 ERP is preliminary; historical estimated change, not a forecast."
208021176,Carnegie,1,rent_weekly,395.0,available,,Historical reported rent; not current advertised rent.
208021176,Carnegie,1,transport_access,18.93142270291558,limited,1.0,Sample area-weighted raw index over covered land only. Weighting and minimum coverage are unapproved; no approved benchmark or percentile. Layer observation date unverified.
208021177,Caulfield - North,1,green_space_per_resident,14.629964467487278,limited,,Sample public-open-space filter includes sports grounds and natural open space that can include river land/water. Not confirmed vegetation or current access. Inventory completeness/date unverified. Denominator is preliminary 2025 ERP.
208021177,Caulfield - North,1,population_growth,5.282277020385487,available,,"2025 ERP is preliminary; historical estimated change, not a forecast."
208021177,Caulfield - North,1,rent_weekly,426.0,available,,Historical reported rent; not current advertised rent.
208021177,Caulfield - North,1,transport_access,19.496701203011582,limited,0.9999999999999863,Sample area-weighted raw index over covered land only. Weighting and minimum coverage are unapproved; no approved benchmark or percentile. Layer observation date unverified.
208021178,Caulfield - South,1,green_space_per_resident,7.5475028939814655,limited,,Sample public-open-space filter includes sports grounds and natural open space that can include river land/water. Not confirmed vegetation or current access. Inventory completeness/date unverified. Denominator is preliminary 2025 ERP.
208021178,Caulfield - South,1,population_growth,2.7359196323607993,available,,"2025 ERP is preliminary; historical estimated change, not a forecast."
208021178,Caulfield - South,1,rent_weekly,483.0,available,,Historical reported rent; not current advertised rent.
208021178,Caulfield - South,1,transport_access,16.531429348441755,limited,1.0,Sample area-weighted raw index over covered land only. Weighting and minimum coverage are unapproved; no approved benchmark or percentile. Layer observation date unverified.
208021179,Elsternwick,1,green_space_per_resident,3.013528083305443,limited,,Sample public-open-space filter includes sports grounds and natural open space that can include river land/water. Not confirmed vegetation or current access. Inventory completeness/date unverified. Denominator is preliminary 2025 ERP.
208021179,Elsternwick,1,population_growth,2.54216963786074,available,,"2025 ERP is preliminary; historical estimated change, not a forecast."
208021179,Elsternwick,1,rent_weekly,426.0,available,,Historical reported rent; not current advertised rent.
208021179,Elsternwick,1,transport_access,20.786940583426038,limited,1.0,Sample area-weighted raw index over covered land only. Weighting and minimum coverage are unapproved; no approved benchmark or percentile. Layer observation date unverified.
208021180,Hughesdale,1,green_space_per_resident,4.320142147657502,limited,,Sample public-open-space filter includes sports grounds and natural open space that can include river land/water. Not confirmed vegetation or current access. Inventory completeness/date unverified. Denominator is preliminary 2025 ERP.
208021180,Hughesdale,1,population_growth,2.1993213522684427,available,,"2025 ERP is preliminary; historical estimated change, not a forecast."
208021180,Hughesdale,1,rent_weekly,416.0,available,,Historical reported rent; not current advertised rent.
208021180,Hughesdale,1,transport_access,16.58886369296383,limited,0.999999999999997,Sample area-weighted raw index over covered land only. Weighting and minimum coverage are unapproved; no approved benchmark or percentile. Layer observation date unverified.
208021181,Murrumbeena,1,green_space_per_resident,21.269165099007036,limited,,Sample public-open-space filter includes sports grounds and natural open space that can include river land/water. Not confirmed vegetation or current access. Inventory completeness/date unverified. Denominator is preliminary 2025 ERP.
208021181,Murrumbeena,1,population_growth,3.633200286562276,available,,"2025 ERP is preliminary; historical estimated change, not a forecast."
208021181,Murrumbeena,1,rent_weekly,390.0,available,,Historical reported rent; not current advertised rent.
208021181,Murrumbeena,1,transport_access,15.254562078687837,limited,0.9999999999999953,Sample area-weighted raw index over covered land only. Weighting and minimum coverage are unapproved; no approved benchmark or percentile. Layer observation date unverified.
208021182,Ormond - Glen Huntly,1,green_space_per_resident,6.488548106220704,limited,,Sample public-open-space filter includes sports grounds and natural open space that can include river land/water. Not confirmed vegetation or current access. Inventory completeness/date unverified. Denominator is preliminary 2025 ERP.
208021182,Ormond - Glen Huntly,1,population_growth,6.754472460909987,available,,"2025 ERP is preliminary; historical estimated change, not a forecast."
208021182,Ormond - Glen Huntly,1,rent_weekly,391.0,available,,Historical reported rent; not current advertised rent.
208021182,Ormond - Glen Huntly,1,transport_access,17.52576458962263,limited,1.0,Sample area-weighted raw index over covered land only. Weighting and minimum coverage are unapproved; no approved benchmark or percentile. Layer observation date unverified.
208021426,Bentleigh East - North,1,green_space_per_resident,8.466997079749817,limited,,Sample public-open-space filter includes sports grounds and natural open space that can include river land/water. Not confirmed vegetation or current access. Inventory completeness/date unverified. Denominator is preliminary 2025 ERP.
208021426,Bentleigh East - North,1,population_growth,6.292001189414213,available,,"2025 ERP is preliminary; historical estimated change, not a forecast."
208021426,Bentleigh East - North,1,rent_weekly,508.0,available,,Historical reported rent; not current advertised rent.
208021426,Bentleigh East - North,1,transport_access,8.898080040938801,limited,1.0,Sample area-weighted raw index over covered land only. Weighting and minimum coverage are unapproved; no approved benchmark or percentile. Layer observation date unverified.
208021427,Bentleigh East - South,1,green_space_per_resident,12.595379316459889,limited,,Sample public-open-space filter includes sports grounds and natural open space that can include river land/water. Not confirmed vegetation or current access. Inventory completeness/date unverified. Denominator is preliminary 2025 ERP.
208021427,Bentleigh East - South,1,population_growth,5.818645147589722,available,,"2025 ERP is preliminary; historical estimated change, not a forecast."
208021427,Bentleigh East - South,1,rent_weekly,490.0,available,,Historical reported rent; not current advertised rent.
208021427,Bentleigh East - South,1,transport_access,7.812848208324401,limited,0.9999999999999872,Sample area-weighted raw index over covered land only. Weighting and minimum coverage are unapproved; no approved benchmark or percentile. Layer observation date unverified.
208031183,Aspendale Gardens - Waterways,1,green_space_per_resident,213.63086626023758,limited,,Sample public-open-space filter includes sports grounds and natural open space that can include river land/water. Not confirmed vegetation or current access. Inventory completeness/date unverified. Denominator is preliminary 2025 ERP.
208031183,Aspendale Gardens - Waterways,1,population_growth,-1.3604701784936875,available,,"2025 ERP is preliminary; historical estimated change, not a forecast."
208031183,Aspendale Gardens - Waterways,1,rent_weekly,510.0,available,,Historical reported rent; not current advertised rent.
208031183,Aspendale Gardens - Waterways,1,transport_access,1.9948937469600392,limited,1.0,Sample area-weighted raw index over covered land only. Weighting and minimum coverage are unapproved; no approved benchmark or percentile. Layer observation date unverified.
208031184,Braeside,1,green_space_per_resident,118881.04993376974,limited,,Sample public-open-space filter includes sports grounds and natural open space that can include river land/water. Not confirmed vegetation or current access. Inventory completeness/date unverified. Denominator is preliminary 2025 ERP.
208031184,Braeside,1,population_growth,-17.647058823529413,available,,"2025 ERP is preliminary; historical estimated change, not a forecast."
208031184,Braeside,1,rent_weekly,504.0,available,,Historical reported rent; not current advertised rent.
208031184,Braeside,1,transport_access,1.504529118775514,limited,0.9999999999999795,Sample area-weighted raw index over covered land only. Weighting and minimum coverage are unapproved; no approved benchmark or percentile. Layer observation date unverified.
208031185,Carrum - Patterson Lakes,1,green_space_per_resident,99.41874536114334,limited,,Sample public-open-space filter includes sports grounds and natural open space that can include river land/water. Not confirmed vegetation or current access. Inventory completeness/date unverified. Denominator is preliminary 2025 ERP.
208031185,Carrum - Patterson Lakes,1,population_growth,1.7034803162441927,available,,"2025 ERP is preliminary; historical estimated change, not a forecast."
208031185,Carrum - Patterson Lakes,1,rent_weekly,420.0,available,,Historical reported rent; not current advertised rent.
208031185,Carrum - Patterson Lakes,1,transport_access,3.395946478049789,limited,0.9999325484576653,Sample area-weighted raw index over covered land only. Weighting and minimum coverage are unapproved; no approved benchmark or percentile. Layer observation date unverified.
208031186,Chelsea - Bonbeach,1,green_space_per_resident,56.54020807523505,limited,,Sample public-open-space filter includes sports grounds and natural open space that can include river land/water. Not confirmed vegetation or current access. Inventory completeness/date unverified. Denominator is preliminary 2025 ERP.
208031186,Chelsea - Bonbeach,1,population_growth,4.0969791261506545,available,,"2025 ERP is preliminary; historical estimated change, not a forecast."
208031186,Chelsea - Bonbeach,1,rent_weekly,381.0,available,,Historical reported rent; not current advertised rent.
208031186,Chelsea - Bonbeach,1,transport_access,5.2389628402716175,limited,1.0,Sample area-weighted raw index over covered land only. Weighting and minimum coverage are unapproved; no approved benchmark or percentile. Layer observation date unverified.
208031187,Chelsea Heights,1,green_space_per_resident,153.54307670903137,limited,,Sample public-open-space filter includes sports grounds and natural open space that can include river land/water. Not confirmed vegetation or current access. Inventory completeness/date unverified. Denominator is preliminary 2025 ERP.
208031187,Chelsea Heights,1,population_growth,-2.103559870550162,available,,"2025 ERP is preliminary; historical estimated change, not a forecast."
208031187,Chelsea Heights,1,rent_weekly,412.0,available,,Historical reported rent; not current advertised rent.
208031187,Chelsea Heights,1,transport_access,4.155572312568627,limited,0.9999999999999882,Sample area-weighted raw index over covered land only. Weighting and minimum coverage are unapproved; no approved benchmark or percentile. Layer observation date unverified.
208031188,Highett (East) - Cheltenham,1,green_space_per_resident,25.59254120819462,limited,,Sample public-open-space filter includes sports grounds and natural open space that can include river land/water. Not confirmed vegetation or current access. Inventory completeness/date unverified. Denominator is preliminary 2025 ERP.
208031188,Highett (East) - Cheltenham,1,population_growth,6.094808126410835,available,,"2025 ERP is preliminary; historical estimated change, not a forecast."
208031188,Highett (East) - Cheltenham,1,rent_weekly,421.0,available,,Historical reported rent; not current advertised rent.
208031188,Highett (East) - Cheltenham,1,transport_access,7.611379595623379,limited,1.0,Sample area-weighted raw index over covered land only. Weighting and minimum coverage are unapproved; no approved benchmark or percentile. Layer observation date unverified.
208031189,Edithvale - Aspendale,1,green_space_per_resident,49.07559099308313,limited,,Sample public-open-space filter includes sports grounds and natural open space that can include river land/water. Not confirmed vegetation or current access. Inventory completeness/date unverified. Denominator is preliminary 2025 ERP.
208031189,Edithvale - Aspendale,1,population_growth,4.2604151545942806,available,,"2025 ERP is preliminary; historical estimated change, not a forecast."
208031189,Edithvale - Aspendale,1,rent_weekly,440.0,available,,Historical reported rent; not current advertised rent.
208031189,Edithvale - Aspendale,1,transport_access,5.121897093738634,limited,0.99983716254873,Sample area-weighted raw index over covered land only. Weighting and minimum coverage are unapproved; no approved benchmark or percentile. Layer observation date unverified.
208031190,Mentone,1,green_space_per_resident,19.51082363619807,limited,,Sample public-open-space filter includes sports grounds and natural open space that can include river land/water. Not confirmed vegetation or current access. Inventory completeness/date unverified. Denominator is preliminary 2025 ERP.
208031190,Mentone,1,population_growth,2.1579099307159355,available,,"2025 ERP is preliminary; historical estimated change, not a forecast."
208031190,Mentone,1,rent_weekly,392.0,available,,Historical reported rent; not current advertised rent.
208031190,Mentone,1,transport_access,10.197958115922768,limited,0.9999999999999531,Sample area-weighted raw index over covered land only. Weighting and minimum coverage are unapproved; no approved benchmark or percentile. Layer observation date unverified.
208031191,Moorabbin - Heatherton,1,green_space_per_resident,75.58437754520313,limited,,Sample public-open-space filter includes sports grounds and natural open space that can include river land/water. Not confirmed vegetation or current access. Inventory completeness/date unverified. Denominator is preliminary 2025 ERP.
208031191,Moorabbin - Heatherton,1,population_growth,3.9788359788359786,available,,"2025 ERP is preliminary; historical estimated change, not a forecast."
208031191,Moorabbin - Heatherton,1,rent_weekly,440.0,available,,Historical reported rent; not current advertised rent.
208031191,Moorabbin - Heatherton,1,transport_access,3.585351187994423,limited,0.9999999999999937,Sample area-weighted raw index over covered land only. Weighting and minimum coverage are unapproved; no approved benchmark or percentile. Layer observation date unverified.
208031192,Moorabbin Airport,1,green_space_per_resident,,unavailable,,"No selected open-space polygon intersects this SA2; inventory coverage is unknown, so no zero is asserted. Sample public-open-space filter includes sports grounds and natural open space that can include river land/water. Not confirmed vegetation or current access. Inventory completeness/date unverified. Denominator is preliminary 2025 ERP."
208031192,Moorabbin Airport,1,population_growth,23.80952380952381,available,,"2025 ERP is preliminary; historical estimated change, not a forecast."
208031192,Moorabbin Airport,1,rent_weekly,486.0,available,,Historical reported rent; not current advertised rent.
208031192,Moorabbin Airport,1,transport_access,1.1740305100163637,limited,1.0,Sample area-weighted raw index over covered land only. Weighting and minimum coverage are unapproved; no approved benchmark or percentile. Layer observation date unverified.
208031193,Mordialloc - Parkdale,1,green_space_per_resident,31.102830702634368,limited,,Sample public-open-space filter includes sports grounds and natural open space that can include river land/water. Not confirmed vegetation or current access. Inventory completeness/date unverified. Denominator is preliminary 2025 ERP.
208031193,Mordialloc - Parkdale,1,population_growth,3.0070700578459277,available,,"2025 ERP is preliminary; historical estimated change, not a forecast."
208031193,Mordialloc - Parkdale,1,rent_weekly,400.0,available,,Historical reported rent; not current advertised rent.
208031193,Mordialloc - Parkdale,1,transport_access,6.565238602786969,limited,0.9999999999999712,Sample area-weighted raw index over covered land only. Weighting and minimum coverage are unapproved; no approved benchmark or percentile. Layer observation date unverified.
208041194,Malvern - Glen Iris,1,green_space_per_resident,20.605337345795117,limited,,Sample public-open-space filter includes sports grounds and natural open space that can include river land/water. Not confirmed vegetation or current access. Inventory completeness/date unverified. Denominator is preliminary 2025 ERP.
208041194,Malvern - Glen Iris,1,population_growth,1.6917556042317192,available,,"2025 ERP is preliminary; historical estimated change, not a forecast."
208041194,Malvern - Glen Iris,1,rent_weekly,410.0,available,,Historical reported rent; not current advertised rent.
208041194,Malvern - Glen Iris,1,transport_access,17.866004948994174,limited,0.9999999999999968,Sample area-weighted raw index over covered land only. Weighting and minimum coverage are unapproved; no approved benchmark or percentile. Layer observation date unverified.
208041195,Malvern East,1,green_space_per_resident,22.39965967508302,limited,,Sample public-open-space filter includes sports grounds and natural open space that can include river land/water. Not confirmed vegetation or current access. Inventory completeness/date unverified. Denominator is preliminary 2025 ERP.
208041195,Malvern East,1,population_growth,3.97330906885047,available,,"2025 ERP is preliminary; historical estimated change, not a forecast."
208041195,Malvern East,1,rent_weekly,421.0,available,,Historical reported rent; not current advertised rent.
208041195,Malvern East,1,transport_access,12.617256448720148,limited,0.9999999999999896,Sample area-weighted raw index over covered land only. Weighting and minimum coverage are unapproved; no approved benchmark or percentile. Layer observation date unverified.
209011196,Bundoora - East,1,green_space_per_resident,33.59526741180164,limited,,Sample public-open-space filter includes sports grounds and natural open space that can include river land/water. Not confirmed vegetation or current access. Inventory completeness/date unverified. Denominator is preliminary 2025 ERP.
209011196,Bundoora - East,1,population_growth,0.42739193783389995,available,,"2025 ERP is preliminary; historical estimated change, not a forecast."
209011196,Bundoora - East,1,rent_weekly,385.0,available,,Historical reported rent; not current advertised rent.
209011196,Bundoora - East,1,transport_access,6.1882477995788285,limited,0.9999999999999253,Sample area-weighted raw index over covered land only. Weighting and minimum coverage are unapproved; no approved benchmark or percentile. Layer observation date unverified.
209011197,Greensborough,1,green_space_per_resident,58.551320240128895,limited,,Sample public-open-space filter includes sports grounds and natural open space that can include river land/water. Not confirmed vegetation or current access. Inventory completeness/date unverified. Denominator is preliminary 2025 ERP.
209011197,Greensborough,1,population_growth,0.06082440462265475,available,,"2025 ERP is preliminary; historical estimated change, not a forecast."
209011197,Greensborough,1,rent_weekly,400.0,available,,Historical reported rent; not current advertised rent.
209011197,Greensborough,1,transport_access,6.353244736584975,limited,0.9999999999999744,Sample area-weighted raw index over covered land only. Weighting and minimum coverage are unapproved; no approved benchmark or percentile. Layer observation date unverified.
209011198,Heidelberg - Rosanna,1,green_space_per_resident,54.83170830861137,limited,,Sample public-open-space filter includes sports grounds and natural open space that can include river land/water. Not confirmed vegetation or current access. Inventory completeness/date unverified. Denominator is preliminary 2025 ERP.
209011198,Heidelberg - Rosanna,1,population_growth,1.6516516516516517,available,,"2025 ERP is preliminary; historical estimated change, not a forecast."
209011198,Heidelberg - Rosanna,1,rent_weekly,401.0,available,,Historical reported rent; not current advertised rent.
209011198,Heidelberg - Rosanna,1,transport_access,9.449927718715863,limited,1.0,Sample area-weighted raw index over covered land only. Weighting and minimum coverage are unapproved; no approved benchmark or percentile. Layer observation date unverified.
209011199,Heidelberg West,1,green_space_per_resident,43.9896598768,limited,,Sample public-open-space filter includes sports grounds and natural open space that can include river land/water. Not confirmed vegetation or current access. Inventory completeness/date unverified. Denominator is preliminary 2025 ERP.
209011199,Heidelberg West,1,population_growth,10.836550836550837,available,,"2025 ERP is preliminary; historical estimated change, not a forecast."
209011199,Heidelberg West,1,rent_weekly,353.0,available,,Historical reported rent; not current advertised rent.
209011199,Heidelberg West,1,transport_access,10.765244022694793,limited,0.9999999999999908,Sample area-weighted raw index over covered land only. Weighting and minimum coverage are unapproved; no approved benchmark or percentile. Layer observation date unverified.
209011200,Ivanhoe,1,green_space_per_resident,52.85723631563855,limited,,Sample public-open-space filter includes sports grounds and natural open space that can include river land/water. Not confirmed vegetation or current access. Inventory completeness/date unverified. Denominator is preliminary 2025 ERP.
209011200,Ivanhoe,1,population_growth,2.367460995109835,available,,"2025 ERP is preliminary; historical estimated change, not a forecast."
209011200,Ivanhoe,1,rent_weekly,440.0,available,,Historical reported rent; not current advertised rent.
209011200,Ivanhoe,1,transport_access,11.11807811626488,limited,0.9999999999999716,Sample area-weighted raw index over covered land only. Weighting and minimum coverage are unapproved; no approved benchmark or percentile. Layer observation date unverified.
209011201,Ivanhoe East - Eaglemont,1,green_space_per_resident,117.28445200463453,limited,,Sample public-open-space filter includes sports grounds and natural open space that can include river land/water. Not confirmed vegetation or current access. Inventory completeness/date unverified. Denominator is preliminary 2025 ERP.
209011201,Ivanhoe East - Eaglemont,1,population_growth,2.317134268537074,available,,"2025 ERP is preliminary; historical estimated change, not a forecast."
209011201,Ivanhoe East - Eaglemont,1,rent_weekly,451.0,available,,Historical reported rent; not current advertised rent.
209011201,Ivanhoe East - Eaglemont,1,transport_access,6.551490580948878,limited,1.0,Sample area-weighted raw index over covered land only. Weighting and minimum coverage are unapproved; no approved benchmark or percentile. Layer observation date unverified.
209011202,Montmorency - Briar Hill,1,green_space_per_resident,87.00749423174864,limited,,Sample public-open-space filter includes sports grounds and natural open space that can include river land/water. Not confirmed vegetation or current access. Inventory completeness/date unverified. Denominator is preliminary 2025 ERP.
209011202,Montmorency - Briar Hill,1,population_growth,0.8104111209701271,available,,"2025 ERP is preliminary; historical estimated change, not a forecast."
209011202,Montmorency - Briar Hill,1,rent_weekly,415.0,available,,Historical reported rent; not current advertised rent.
209011202,Montmorency - Briar Hill,1,transport_access,3.8491112281313984,limited,1.0,Sample area-weighted raw index over covered land only. Weighting and minimum coverage are unapproved; no approved benchmark or percentile. Layer observation date unverified.
209011203,Viewbank - Yallambie,1,green_space_per_resident,111.45684820936683,limited,,Sample public-open-space filter includes sports grounds and natural open space that can include river land/water. Not confirmed vegetation or current access. Inventory completeness/date unverified. Denominator is preliminary 2025 ERP.
209011203,Viewbank - Yallambie,1,population_growth,-1.016260162601626,available,,"2025 ERP is preliminary; historical estimated change, not a forecast."
209011203,Viewbank - Yallambie,1,rent_weekly,400.0,available,,Historical reported rent; not current advertised rent.
209011203,Viewbank - Yallambie,1,transport_access,3.9629480721358834,limited,0.9999999999999843,Sample area-weighted raw index over covered land only. Weighting and minimum coverage are unapproved; no approved benchmark or percentile. Layer observation date unverified.
209011204,Watsonia,1,green_space_per_resident,37.75833873627999,limited,,Sample public-open-space filter includes sports grounds and natural open space that can include river land/water. Not confirmed vegetation or current access. Inventory completeness/date unverified. Denominator is preliminary 2025 ERP.
209011204,Watsonia,1,population_growth,0.29548332629801605,available,,"2025 ERP is preliminary; historical estimated change, not a forecast."
209011204,Watsonia,1,rent_weekly,390.0,available,,Historical reported rent; not current advertised rent.
209011204,Watsonia,1,transport_access,8.41199596235031,limited,1.0,Sample area-weighted raw index over covered land only. Weighting and minimum coverage are unapproved; no approved benchmark or percentile. Layer observation date unverified.
209021205,Kingsbury,1,green_space_per_resident,134.8968690807046,limited,,Sample public-open-space filter includes sports grounds and natural open space that can include river land/water. Not confirmed vegetation or current access. Inventory completeness/date unverified. Denominator is preliminary 2025 ERP.
209021205,Kingsbury,1,population_growth,12.20824295010846,available,,"2025 ERP is preliminary; historical estimated change, not a forecast."
209021205,Kingsbury,1,rent_weekly,369.0,available,,Historical reported rent; not current advertised rent.
209021205,Kingsbury,1,transport_access,4.725187306506631,limited,1.0,Sample area-weighted raw index over covered land only. Weighting and minimum coverage are unapproved; no approved benchmark or percentile. Layer observation date unverified.
209021428,Preston - East,1,green_space_per_resident,15.05041051140941,limited,,Sample public-open-space filter includes sports grounds and natural open space that can include river land/water. Not confirmed vegetation or current access. Inventory completeness/date unverified. Denominator is preliminary 2025 ERP.
209021428,Preston - East,1,population_growth,7.619792145681965,available,,"2025 ERP is preliminary; historical estimated change, not a forecast."
209021428,Preston - East,1,rent_weekly,391.0,available,,Historical reported rent; not current advertised rent.
209021428,Preston - East,1,transport_access,17.94806836419761,limited,1.0,Sample area-weighted raw index over covered land only. Weighting and minimum coverage are unapproved; no approved benchmark or percentile. Layer observation date unverified.
209021429,Preston - West,1,green_space_per_resident,12.328655635507058,limited,,Sample public-open-space filter includes sports grounds and natural open space that can include river land/water. Not confirmed vegetation or current access. Inventory completeness/date unverified. Denominator is preliminary 2025 ERP.
209021429,Preston - West,1,population_growth,2.500376562735352,available,,"2025 ERP is preliminary; historical estimated change, not a forecast."
209021429,Preston - West,1,rent_weekly,400.0,available,,Historical reported rent; not current advertised rent.
209021429,Preston - West,1,transport_access,15.710724910975244,limited,1.0,Sample area-weighted raw index over covered land only. Weighting and minimum coverage are unapproved; no approved benchmark or percentile. Layer observation date unverified.
209021523,Reservoir - North East,1,green_space_per_resident,34.659266126293275,limited,,Sample public-open-space filter includes sports grounds and natural open space that can include river land/water. Not confirmed vegetation or current access. Inventory completeness/date unverified. Denominator is preliminary 2025 ERP.
209021523,Reservoir - North East,1,population_growth,4.908448442017346,available,,"2025 ERP is preliminary; historical estimated change, not a forecast."
209021523,Reservoir - North East,1,rent_weekly,358.0,available,,Historical reported rent; not current advertised rent.
209021523,Reservoir - North East,1,transport_access,11.555511480240167,limited,0.9999999999999852,Sample area-weighted raw index over covered land only. Weighting and minimum coverage are unapproved; no approved benchmark or percentile. Layer observation date unverified.
209021524,Reservoir - North West,1,green_space_per_resident,46.37302480776697,limited,,Sample public-open-space filter includes sports grounds and natural open space that can include river land/water. Not confirmed vegetation or current access. Inventory completeness/date unverified. Denominator is preliminary 2025 ERP.
209021524,Reservoir - North West,1,population_growth,-5.7510148849797025,available,,"2025 ERP is preliminary; historical estimated change, not a forecast."
209021524,Reservoir - North West,1,rent_weekly,371.0,available,,Historical reported rent; not current advertised rent.
209021524,Reservoir - North West,1,transport_access,6.664979088350182,limited,1.0,Sample area-weighted raw index over covered land only. Weighting and minimum coverage are unapproved; no approved benchmark or percentile. Layer observation date unverified.
209021525,Reservoir - South East,1,green_space_per_resident,27.796449277317507,limited,,Sample public-open-space filter includes sports grounds and natural open space that can include river land/water. Not confirmed vegetation or current access. Inventory completeness/date unverified. Denominator is preliminary 2025 ERP.
209021525,Reservoir - South East,1,population_growth,5.552653183073364,available,,"2025 ERP is preliminary; historical estimated change, not a forecast."
209021525,Reservoir - South East,1,rent_weekly,349.0,available,,Historical reported rent; not current advertised rent.
209021525,Reservoir - South East,1,transport_access,16.075367203500022,limited,0.9999999999999758,Sample area-weighted raw index over covered land only. Weighting and minimum coverage are unapproved; no approved benchmark or percentile. Layer observation date unverified.
209021526,Reservoir - South West,1,green_space_per_resident,34.9131961901553,limited,,Sample public-open-space filter includes sports grounds and natural open space that can include river land/water. Not confirmed vegetation or current access. Inventory completeness/date unverified. Denominator is preliminary 2025 ERP.
209021526,Reservoir - South West,1,population_growth,3.7302338153804566,available,,"2025 ERP is preliminary; historical estimated change, not a forecast."
209021526,Reservoir - South West,1,rent_weekly,361.0,available,,Historical reported rent; not current advertised rent.
209021526,Reservoir - South West,1,transport_access,11.174440780681005,limited,0.9999999999999888,Sample area-weighted raw index over covered land only. Weighting and minimum coverage are unapproved; no approved benchmark or percentile. Layer observation date unverified.
209031209,Eltham,1,green_space_per_resident,131.8579664381294,limited,,Sample public-open-space filter includes sports grounds and natural open space that can include river land/water. Not confirmed vegetation or current access. Inventory completeness/date unverified. Denominator is preliminary 2025 ERP.
209031209,Eltham,1,population_growth,-1.8413304026873472,available,,"2025 ERP is preliminary; historical estimated change, not a forecast."
209031209,Eltham,1,rent_weekly,446.0,available,,Historical reported rent; not current advertised rent.
209031209,Eltham,1,transport_access,2.6642812854057505,limited,1.0,Sample area-weighted raw index over covered land only. Weighting and minimum coverage are unapproved; no approved benchmark or percentile. Layer observation date unverified.
209031210,Hurstbridge,1,green_space_per_resident,183.28543858251578,limited,,Sample public-open-space filter includes sports grounds and natural open space that can include river land/water. Not confirmed vegetation or current access. Inventory completeness/date unverified. Denominator is preliminary 2025 ERP.
209031210,Hurstbridge,1,population_growth,-3.056167400881057,available,,"2025 ERP is preliminary; historical estimated change, not a forecast."
209031210,Hurstbridge,1,rent_weekly,420.0,available,,Historical reported rent; not current advertised rent.
209031210,Hurstbridge,1,transport_access,0.38889799891268667,limited,0.9999999999999901,Sample area-weighted raw index over covered land only. Weighting and minimum coverage are unapproved; no approved benchmark or percentile. Layer observation date unverified.
209031211,Kinglake,1,green_space_per_resident,0.21671324410955722,limited,,Sample public-open-space filter includes sports grounds and natural open space that can include river land/water. Not confirmed vegetation or current access. Inventory completeness/date unverified. Denominator is preliminary 2025 ERP.
209031211,Kinglake,1,population_growth,5.920421860019175,available,,"2025 ERP is preliminary; historical estimated change, not a forecast."
209031211,Kinglake,1,rent_weekly,306.0,available,,Historical reported rent; not current advertised rent.
209031211,Kinglake,1,transport_access,0.0103746489817976,limited,0.019059147986953316,Sample area-weighted raw index over covered land only. Weighting and minimum coverage are unapproved; no approved benchmark or percentile. Layer observation date unverified.
209031212,Panton Hill - St Andrews,1,green_space_per_resident,1222.6241749391907,limited,,Sample public-open-space filter includes sports grounds and natural open space that can include river land/water. Not confirmed vegetation or current access. Inventory completeness/date unverified. Denominator is preliminary 2025 ERP.
209031212,Panton Hill - St Andrews,1,population_growth,-2.024446142093201,available,,"2025 ERP is preliminary; historical estimated change, not a forecast."
209031212,Panton Hill - St Andrews,1,rent_weekly,300.0,available,,Historical reported rent; not current advertised rent.
209031212,Panton Hill - St Andrews,1,transport_access,0.004859867346973333,limited,0.9999999999999981,Sample area-weighted raw index over covered land only. Weighting and minimum coverage are unapproved; no approved benchmark or percentile. Layer observation date unverified.
209031213,Plenty - Yarrambat,1,green_space_per_resident,495.48357898193746,limited,,Sample public-open-space filter includes sports grounds and natural open space that can include river land/water. Not confirmed vegetation or current access. Inventory completeness/date unverified. Denominator is preliminary 2025 ERP.
209031213,Plenty - Yarrambat,1,population_growth,-1.884666598381645,available,,"2025 ERP is preliminary; historical estimated change, not a forecast."
209031213,Plenty - Yarrambat,1,rent_weekly,480.0,available,,Historical reported rent; not current advertised rent.
209031213,Plenty - Yarrambat,1,transport_access,0.9924436202721011,limited,0.9999999999999987,Sample area-weighted raw index over covered land only. Weighting and minimum coverage are unapproved; no approved benchmark or percentile. Layer observation date unverified.
209031214,Research - North Warrandyte,1,green_space_per_resident,364.157755619697,limited,,Sample public-open-space filter includes sports grounds and natural open space that can include river land/water. Not confirmed vegetation or current access. Inventory completeness/date unverified. Denominator is preliminary 2025 ERP.
209031214,Research - North Warrandyte,1,population_growth,0.5715102157451064,available,,"2025 ERP is preliminary; historical estimated change, not a forecast."
209031214,Research - North Warrandyte,1,rent_weekly,462.0,available,,Historical reported rent; not current advertised rent.
209031214,Research - North Warrandyte,1,transport_access,0.5064636456886403,limited,1.0,Sample area-weighted raw index over covered land only. Weighting and minimum coverage are unapproved; no approved benchmark or percentile. Layer observation date unverified.
209031215,Wattle Glen - Diamond Creek,1,green_space_per_resident,63.69444895980026,limited,,Sample public-open-space filter includes sports grounds and natural open space that can include river land/water. Not confirmed vegetation or current access. Inventory completeness/date unverified. Denominator is preliminary 2025 ERP.
209031215,Wattle Glen - Diamond Creek,1,population_growth,1.9205706838603471,available,,"2025 ERP is preliminary; historical estimated change, not a forecast."
209031215,Wattle Glen - Diamond Creek,1,rent_weekly,429.0,available,,Historical reported rent; not current advertised rent.
209031215,Wattle Glen - Diamond Creek,1,transport_access,1.2950250966950132,limited,0.9999999999999996,Sample area-weighted raw index over covered land only. Weighting and minimum coverage are unapproved; no approved benchmark or percentile. Layer observation date unverified.
209041216,Bundoora - North,1,green_space_per_resident,191.53926748585755,limited,,Sample public-open-space filter includes sports grounds and natural open space that can include river land/water. Not confirmed vegetation or current access. Inventory completeness/date unverified. Denominator is preliminary 2025 ERP.
209041216,Bundoora - North,1,population_growth,3.2731958762886597,available,,"2025 ERP is preliminary; historical estimated change, not a forecast."
209041216,Bundoora - North,1,rent_weekly,381.0,available,,Historical reported rent; not current advertised rent.
209041216,Bundoora - North,1,transport_access,3.5399046051488194,limited,1.0,Sample area-weighted raw index over covered land only. Weighting and minimum coverage are unapproved; no approved benchmark or percentile. Layer observation date unverified.
209041217,Bundoora - West,1,green_space_per_resident,52.162040352241085,limited,,Sample public-open-space filter includes sports grounds and natural open space that can include river land/water. Not confirmed vegetation or current access. Inventory completeness/date unverified. Denominator is preliminary 2025 ERP.
209041217,Bundoora - West,1,population_growth,5.307132910413121,available,,"2025 ERP is preliminary; historical estimated change, not a forecast."
209041217,Bundoora - West,1,rent_weekly,380.0,available,,Historical reported rent; not current advertised rent.
209041217,Bundoora - West,1,transport_access,6.062603729202936,limited,1.0,Sample area-weighted raw index over covered land only. Weighting and minimum coverage are unapproved; no approved benchmark or percentile. Layer observation date unverified.
209041220,Mill Park - North,1,green_space_per_resident,80.32560342975712,limited,,Sample public-open-space filter includes sports grounds and natural open space that can include river land/water. Not confirmed vegetation or current access. Inventory completeness/date unverified. Denominator is preliminary 2025 ERP.
209041220,Mill Park - North,1,population_growth,-3.633577760752982,available,,"2025 ERP is preliminary; historical estimated change, not a forecast."
209041220,Mill Park - North,1,rent_weekly,365.0,available,,Historical reported rent; not current advertised rent.
209041220,Mill Park - North,1,transport_access,4.543214455477479,limited,0.9999999999999547,Sample area-weighted raw index over covered land only. Weighting and minimum coverage are unapproved; no approved benchmark or percentile. Layer observation date unverified.
209041221,Mill Park - South,1,green_space_per_resident,77.31883768730054,limited,,Sample public-open-space filter includes sports grounds and natural open space that can include river land/water. Not confirmed vegetation or current access. Inventory completeness/date unverified. Denominator is preliminary 2025 ERP.
209041221,Mill Park - South,1,population_growth,-3.387408590400941,available,,"2025 ERP is preliminary; historical estimated change, not a forecast."
209041221,Mill Park - South,1,rent_weekly,369.0,available,,Historical reported rent; not current advertised rent.
209041221,Mill Park - South,1,transport_access,4.115962377317908,limited,1.0,Sample area-weighted raw index over covered land only. Weighting and minimum coverage are unapproved; no approved benchmark or percentile. Layer observation date unverified.
209041223,Thomastown,1,green_space_per_resident,62.945180592477065,limited,,Sample public-open-space filter includes sports grounds and natural open space that can include river land/water. Not confirmed vegetation or current access. Inventory completeness/date unverified. Denominator is preliminary 2025 ERP.
209041223,Thomastown,1,population_growth,-2.7298918433854436,available,,"2025 ERP is preliminary; historical estimated change, not a forecast."
209041223,Thomastown,1,rent_weekly,350.0,available,,Historical reported rent; not current advertised rent.
209041223,Thomastown,1,transport_access,4.82822166710573,limited,1.0,Sample area-weighted raw index over covered land only. Weighting and minimum coverage are unapproved; no approved benchmark or percentile. Layer observation date unverified.
209041224,Wallan,1,green_space_per_resident,21.706327965464386,limited,,Sample public-open-space filter includes sports grounds and natural open space that can include river land/water. Not confirmed vegetation or current access. Inventory completeness/date unverified. Denominator is preliminary 2025 ERP.
209041224,Wallan,1,population_growth,40.843893608132575,available,,"2025 ERP is preliminary; historical estimated change, not a forecast."
209041224,Wallan,1,rent_weekly,361.0,available,,Historical reported rent; not current advertised rent.
209041224,Wallan,1,transport_access,0.02188932909761587,limited,0.17194353023729927,Sample area-weighted raw index over covered land only. Weighting and minimum coverage are unapproved; no approved benchmark or percentile. Layer observation date unverified.
209041225,Whittlesea,1,green_space_per_resident,1072.3377975485944,limited,,Sample public-open-space filter includes sports grounds and natural open space that can include river land/water. Not confirmed vegetation or current access. Inventory completeness/date unverified. Denominator is preliminary 2025 ERP.
209041225,Whittlesea,1,population_growth,85.39222686932571,available,,"2025 ERP is preliminary; historical estimated change, not a forecast."
209041225,Whittlesea,1,rent_weekly,375.0,available,,Historical reported rent; not current advertised rent.
209041225,Whittlesea,1,transport_access,0.05868976109480124,limited,0.9999981954265711,Sample area-weighted raw index over covered land only. Weighting and minimum coverage are unapproved; no approved benchmark or percentile. Layer observation date unverified.
209041431,Epping - East,1,green_space_per_resident,85.37599025200109,limited,,Sample public-open-space filter includes sports grounds and natural open space that can include river land/water. Not confirmed vegetation or current access. Inventory completeness/date unverified. Denominator is preliminary 2025 ERP.
209041431,Epping - East,1,population_growth,-1.72551294134706,available,,"2025 ERP is preliminary; historical estimated change, not a forecast."
209041431,Epping - East,1,rent_weekly,360.0,available,,Historical reported rent; not current advertised rent.
209041431,Epping - East,1,transport_access,3.393567437315575,limited,0.9999999999999867,Sample area-weighted raw index over covered land only. Weighting and minimum coverage are unapproved; no approved benchmark or percentile. Layer observation date unverified.
209041432,Epping - South,1,green_space_per_resident,57.83101850574892,limited,,Sample public-open-space filter includes sports grounds and natural open space that can include river land/water. Not confirmed vegetation or current access. Inventory completeness/date unverified. Denominator is preliminary 2025 ERP.
209041432,Epping - South,1,population_growth,-3.847487001733102,available,,"2025 ERP is preliminary; historical estimated change, not a forecast."
209041432,Epping - South,1,rent_weekly,350.0,available,,Historical reported rent; not current advertised rent.
209041432,Epping - South,1,transport_access,3.3983228903050575,limited,1.0,Sample area-weighted raw index over covered land only. Weighting and minimum coverage are unapproved; no approved benchmark or percentile. Layer observation date unverified.
209041433,Epping (Vic.) - West,1,green_space_per_resident,56.66188294768689,limited,,Sample public-open-space filter includes sports grounds and natural open space that can include river land/water. Not confirmed vegetation or current access. Inventory completeness/date unverified. Denominator is preliminary 2025 ERP.
209041433,Epping (Vic.) - West,1,population_growth,2.732632249840663,available,,"2025 ERP is preliminary; historical estimated change, not a forecast."
209041433,Epping (Vic.) - West,1,rent_weekly,381.0,available,,Historical reported rent; not current advertised rent.
209041433,Epping (Vic.) - West,1,transport_access,2.394113862548823,limited,1.0,Sample area-weighted raw index over covered land only. Weighting and minimum coverage are unapproved; no approved benchmark or percentile. Layer observation date unverified.
209041435,South Morang - North,1,green_space_per_resident,411.79912874948616,limited,,Sample public-open-space filter includes sports grounds and natural open space that can include river land/water. Not confirmed vegetation or current access. Inventory completeness/date unverified. Denominator is preliminary 2025 ERP.
209041435,South Morang - North,1,population_growth,2.449389584299181,available,,"2025 ERP is preliminary; historical estimated change, not a forecast."
209041435,South Morang - North,1,rent_weekly,400.0,available,,Historical reported rent; not current advertised rent.
209041435,South Morang - North,1,transport_access,2.4426023520616953,limited,0.9999999999999831,Sample area-weighted raw index over covered land only. Weighting and minimum coverage are unapproved; no approved benchmark or percentile. Layer observation date unverified.
209041436,South Morang - South,1,green_space_per_resident,136.54488900926523,limited,,Sample public-open-space filter includes sports grounds and natural open space that can include river land/water. Not confirmed vegetation or current access. Inventory completeness/date unverified. Denominator is preliminary 2025 ERP.
209041436,South Morang - South,1,population_growth,1.5401369010578718,available,,"2025 ERP is preliminary; historical estimated change, not a forecast."
209041436,South Morang - South,1,rent_weekly,380.0,available,,Historical reported rent; not current advertised rent.
209041436,South Morang - South,1,transport_access,3.5942867072204314,limited,1.0,Sample area-weighted raw index over covered land only. Weighting and minimum coverage are unapproved; no approved benchmark or percentile. Layer observation date unverified.
209041437,Wollert,1,green_space_per_resident,17.03812201914798,limited,,Sample public-open-space filter includes sports grounds and natural open space that can include river land/water. Not confirmed vegetation or current access. Inventory completeness/date unverified. Denominator is preliminary 2025 ERP.
209041437,Wollert,1,population_growth,74.7699642431466,available,,"2025 ERP is preliminary; historical estimated change, not a forecast."
209041437,Wollert,1,rent_weekly,391.0,available,,Historical reported rent; not current advertised rent.
209041437,Wollert,1,transport_access,0.3039251830921222,limited,0.9999999999999981,Sample area-weighted raw index over covered land only. Weighting and minimum coverage are unapproved; no approved benchmark or percentile. Layer observation date unverified.
209041527,Doreen - North,1,green_space_per_resident,61.458139221052726,limited,,Sample public-open-space filter includes sports grounds and natural open space that can include river land/water. Not confirmed vegetation or current access. Inventory completeness/date unverified. Denominator is preliminary 2025 ERP.
209041527,Doreen - North,1,population_growth,5.894246676061516,available,,"2025 ERP is preliminary; historical estimated change, not a forecast."
209041527,Doreen - North,1,rent_weekly,400.0,available,,Historical reported rent; not current advertised rent.
209041527,Doreen - North,1,transport_access,2.159156838090049,limited,1.0,Sample area-weighted raw index over covered land only. Weighting and minimum coverage are unapproved; no approved benchmark or percentile. Layer observation date unverified.
209041528,Doreen - South,1,green_space_per_resident,107.93404359625247,limited,,Sample public-open-space filter includes sports grounds and natural open space that can include river land/water. Not confirmed vegetation or current access. Inventory completeness/date unverified. Denominator is preliminary 2025 ERP.
209041528,Doreen - South,1,population_growth,17.85538127651179,available,,"2025 ERP is preliminary; historical estimated change, not a forecast."
209041528,Doreen - South,1,rent_weekly,386.0,available,,Historical reported rent; not current advertised rent.
209041528,Doreen - South,1,transport_access,2.6053038148748677,limited,0.9999999999999553,Sample area-weighted raw index over covered land only. Weighting and minimum coverage are unapproved; no approved benchmark or percentile. Layer observation date unverified.
209041529,Lalor - East,1,green_space_per_resident,23.67403395097185,limited,,Sample public-open-space filter includes sports grounds and natural open space that can include river land/water. Not confirmed vegetation or current access. Inventory completeness/date unverified. Denominator is preliminary 2025 ERP.
209041529,Lalor - East,1,population_growth,-1.6593132553232304,available,,"2025 ERP is preliminary; historical estimated change, not a forecast."
209041529,Lalor - East,1,rent_weekly,350.0,available,,Historical reported rent; not current advertised rent.
209041529,Lalor - East,1,transport_access,7.178716885856438,limited,1.0,Sample area-weighted raw index over covered land only. Weighting and minimum coverage are unapproved; no approved benchmark or percentile. Layer observation date unverified.
209041530,Lalor - West,1,green_space_per_resident,44.82777329813269,limited,,Sample public-open-space filter includes sports grounds and natural open space that can include river land/water. Not confirmed vegetation or current access. Inventory completeness/date unverified. Denominator is preliminary 2025 ERP.
209041530,Lalor - West,1,population_growth,0.17985611510791366,available,,"2025 ERP is preliminary; historical estimated change, not a forecast."
209041530,Lalor - West,1,rent_weekly,366.0,available,,Historical reported rent; not current advertised rent.
209041530,Lalor - West,1,transport_access,2.6718587923602453,limited,0.9999999999999958,Sample area-weighted raw index over covered land only. Weighting and minimum coverage are unapproved; no approved benchmark or percentile. Layer observation date unverified.
209041531,Mernda - North,1,green_space_per_resident,80.65136102666276,limited,,Sample public-open-space filter includes sports grounds and natural open space that can include river land/water. Not confirmed vegetation or current access. Inventory completeness/date unverified. Denominator is preliminary 2025 ERP.
209041531,Mernda - North,1,population_growth,5.1250762660158635,available,,"2025 ERP is preliminary; historical estimated change, not a forecast."
209041531,Mernda - North,1,rent_weekly,378.0,available,,Historical reported rent; not current advertised rent.
209041531,Mernda - North,1,transport_access,1.2907513147435352,limited,1.0,Sample area-weighted raw index over covered land only. Weighting and minimum coverage are unapproved; no approved benchmark or percentile. Layer observation date unverified.
209041532,Mernda - South,1,green_space_per_resident,83.30887204984555,limited,,Sample public-open-space filter includes sports grounds and natural open space that can include river land/water. Not confirmed vegetation or current access. Inventory completeness/date unverified. Denominator is preliminary 2025 ERP.
209041532,Mernda - South,1,population_growth,19.02061855670103,available,,"2025 ERP is preliminary; historical estimated change, not a forecast."
209041532,Mernda - South,1,rent_weekly,390.0,available,,Historical reported rent; not current advertised rent.
209041532,Mernda - South,1,transport_access,2.775515775745601,limited,0.9999999999999785,Sample area-weighted raw index over covered land only. Weighting and minimum coverage are unapproved; no approved benchmark or percentile. Layer observation date unverified.
210011226,Airport West,1,green_space_per_resident,28.72586034352561,limited,,Sample public-open-space filter includes sports grounds and natural open space that can include river land/water. Not confirmed vegetation or current access. Inventory completeness/date unverified. Denominator is preliminary 2025 ERP.
210011226,Airport West,1,population_growth,5.034680698397513,available,,"2025 ERP is preliminary; historical estimated change, not a forecast."
210011226,Airport West,1,rent_weekly,401.0,available,,Historical reported rent; not current advertised rent.
210011226,Airport West,1,transport_access,10.42988617468233,limited,1.0,Sample area-weighted raw index over covered land only. Weighting and minimum coverage are unapproved; no approved benchmark or percentile. Layer observation date unverified.
210011227,Essendon Airport,1,green_space_per_resident,,unavailable,,"No selected open-space polygon intersects this SA2; inventory coverage is unknown, so no zero is asserted. Sample public-open-space filter includes sports grounds and natural open space that can include river land/water. Not confirmed vegetation or current access. Inventory completeness/date unverified. Denominator is preliminary 2025 ERP."
210011227,Essendon Airport,1,population_growth,27.272727272727273,available,,"2025 ERP is preliminary; historical estimated change, not a forecast."
210011227,Essendon Airport,1,rent_weekly,,unavailable,,Source G02 token is 0; median withheld. 2021 RNTD excludes zero rent and the area QuickStats reports no/very low population. This does not mean free rent.
210011227,Essendon Airport,1,transport_access,2.891975454511558,limited,1.0,Sample area-weighted raw index over covered land only. Weighting and minimum coverage are unapproved; no approved benchmark or percentile. Layer observation date unverified.
210011228,Keilor,1,green_space_per_resident,531.180940497944,limited,,Sample public-open-space filter includes sports grounds and natural open space that can include river land/water. Not confirmed vegetation or current access. Inventory completeness/date unverified. Denominator is preliminary 2025 ERP.
210011228,Keilor,1,population_growth,-0.5240373661426293,available,,"2025 ERP is preliminary; historical estimated change, not a forecast."
210011228,Keilor,1,rent_weekly,396.0,available,,Historical reported rent; not current advertised rent.
210011228,Keilor,1,transport_access,2.114022120076226,limited,1.0,Sample area-weighted raw index over covered land only. Weighting and minimum coverage are unapproved; no approved benchmark or percentile. Layer observation date unverified.
210011230,Niddrie - Essendon West,1,green_space_per_resident,62.66205558761009,limited,,Sample public-open-space filter includes sports grounds and natural open space that can include river land/water. Not confirmed vegetation or current access. Inventory completeness/date unverified. Denominator is preliminary 2025 ERP.
210011230,Niddrie - Essendon West,1,population_growth,5.257651059377452,available,,"2025 ERP is preliminary; historical estimated change, not a forecast."
210011230,Niddrie - Essendon West,1,rent_weekly,435.0,available,,Historical reported rent; not current advertised rent.
210011230,Niddrie - Essendon West,1,transport_access,9.18970595726359,limited,1.0,Sample area-weighted raw index over covered land only. Weighting and minimum coverage are unapproved; no approved benchmark or percentile. Layer observation date unverified.
210011231,Strathmore,1,green_space_per_resident,60.318766374060154,limited,,Sample public-open-space filter includes sports grounds and natural open space that can include river land/water. Not confirmed vegetation or current access. Inventory completeness/date unverified. Denominator is preliminary 2025 ERP.
210011231,Strathmore,1,population_growth,2.5201907171353506,available,,"2025 ERP is preliminary; historical estimated change, not a forecast."
210011231,Strathmore,1,rent_weekly,450.0,available,,Historical reported rent; not current advertised rent.
210011231,Strathmore,1,transport_access,8.921077699451812,limited,0.999999999999952,Sample area-weighted raw index over covered land only. Weighting and minimum coverage are unapproved; no approved benchmark or percentile. Layer observation date unverified.
210011533,Avondale Heights,1,green_space_per_resident,121.81631211278456,limited,,Sample public-open-space filter includes sports grounds and natural open space that can include river land/water. Not confirmed vegetation or current access. Inventory completeness/date unverified. Denominator is preliminary 2025 ERP.
210011533,Avondale Heights,1,population_growth,1.7323208353108686,available,,"2025 ERP is preliminary; historical estimated change, not a forecast."
210011533,Avondale Heights,1,rent_weekly,400.0,available,,Historical reported rent; not current advertised rent.
210011533,Avondale Heights,1,transport_access,5.034001057779156,limited,0.9999999999999688,Sample area-weighted raw index over covered land only. Weighting and minimum coverage are unapproved; no approved benchmark or percentile. Layer observation date unverified.
210011534,Keilor East,1,green_space_per_resident,39.20968891306092,limited,,Sample public-open-space filter includes sports grounds and natural open space that can include river land/water. Not confirmed vegetation or current access. Inventory completeness/date unverified. Denominator is preliminary 2025 ERP.
210011534,Keilor East,1,population_growth,1.1246848943184022,available,,"2025 ERP is preliminary; historical estimated change, not a forecast."
210011534,Keilor East,1,rent_weekly,408.0,available,,Historical reported rent; not current advertised rent.
210011534,Keilor East,1,transport_access,7.900362956801667,limited,1.0,Sample area-weighted raw index over covered land only. Weighting and minimum coverage are unapproved; no approved benchmark or percentile. Layer observation date unverified.
210021232,Gisborne,1,green_space_per_resident,,unavailable,,"No selected open-space polygon intersects this SA2; inventory coverage is unknown, so no zero is asserted. Sample public-open-space filter includes sports grounds and natural open space that can include river land/water. Not confirmed vegetation or current access. Inventory completeness/date unverified. Denominator is preliminary 2025 ERP."
210021232,Gisborne,1,population_growth,12.032292032292032,available,,"2025 ERP is preliminary; historical estimated change, not a forecast."
210021232,Gisborne,1,rent_weekly,430.0,available,,Historical reported rent; not current advertised rent.
210021232,Gisborne,1,transport_access,0.0,limited,0.009356102340830301,Sample area-weighted raw index over covered land only. Weighting and minimum coverage are unapproved; no approved benchmark or percentile. Layer observation date unverified.
210021233,Macedon,1,green_space_per_resident,,unavailable,,"No selected open-space polygon intersects this SA2; inventory coverage is unknown, so no zero is asserted. Sample public-open-space filter includes sports grounds and natural open space that can include river land/water. Not confirmed vegetation or current access. Inventory completeness/date unverified. Denominator is preliminary 2025 ERP."
210021233,Macedon,1,population_growth,2.234162895927602,available,,"2025 ERP is preliminary; historical estimated change, not a forecast."
210021233,Macedon,1,rent_weekly,361.0,available,,Historical reported rent; not current advertised rent.
210021233,Macedon,1,transport_access,,unavailable,0.0,"No valid PTAL polygon area intersects this SA2. Outside coverage is unknown, not zero access."
210021234,Riddells Creek,1,green_space_per_resident,,unavailable,,"No selected open-space polygon intersects this SA2; inventory coverage is unknown, so no zero is asserted. Sample public-open-space filter includes sports grounds and natural open space that can include river land/water. Not confirmed vegetation or current access. Inventory completeness/date unverified. Denominator is preliminary 2025 ERP."
210021234,Riddells Creek,1,population_growth,3.309320126069338,available,,"2025 ERP is preliminary; historical estimated change, not a forecast."
210021234,Riddells Creek,1,rent_weekly,400.0,available,,Historical reported rent; not current advertised rent.
210021234,Riddells Creek,1,transport_access,0.0,limited,0.012517002576921163,Sample area-weighted raw index over covered land only. Weighting and minimum coverage are unapproved; no approved benchmark or percentile. Layer observation date unverified.
210021235,Romsey,1,green_space_per_resident,0.6955593902807171,limited,,Sample public-open-space filter includes sports grounds and natural open space that can include river land/water. Not confirmed vegetation or current access. Inventory completeness/date unverified. Denominator is preliminary 2025 ERP.
210021235,Romsey,1,population_growth,8.999246136449303,available,,"2025 ERP is preliminary; historical estimated change, not a forecast."
210021235,Romsey,1,rent_weekly,365.0,available,,Historical reported rent; not current advertised rent.
210021235,Romsey,1,transport_access,0.0,limited,0.0032031623828693272,Sample area-weighted raw index over covered land only. Weighting and minimum coverage are unapproved; no approved benchmark or percentile. Layer observation date unverified.
210031236,Coburg North,1,green_space_per_resident,106.55576644892615,limited,,Sample public-open-space filter includes sports grounds and natural open space that can include river land/water. Not confirmed vegetation or current access. Inventory completeness/date unverified. Denominator is preliminary 2025 ERP.
210031236,Coburg North,1,population_growth,1.789173789173789,available,,"2025 ERP is preliminary; historical estimated change, not a forecast."
210031236,Coburg North,1,rent_weekly,401.0,available,,Historical reported rent; not current advertised rent.
210031236,Coburg North,1,transport_access,9.377804936133463,limited,1.0,Sample area-weighted raw index over covered land only. Weighting and minimum coverage are unapproved; no approved benchmark or percentile. Layer observation date unverified.
210031237,Fawkner,1,green_space_per_resident,56.9644607832034,limited,,Sample public-open-space filter includes sports grounds and natural open space that can include river land/water. Not confirmed vegetation or current access. Inventory completeness/date unverified. Denominator is preliminary 2025 ERP.
210031237,Fawkner,1,population_growth,2.1311142683174347,available,,"2025 ERP is preliminary; historical estimated change, not a forecast."
210031237,Fawkner,1,rent_weekly,380.0,available,,Historical reported rent; not current advertised rent.
210031237,Fawkner,1,transport_access,9.420624986001847,limited,1.0,Sample area-weighted raw index over covered land only. Weighting and minimum coverage are unapproved; no approved benchmark or percentile. Layer observation date unverified.
210031439,Gowanbrae,1,green_space_per_resident,122.22139963975373,limited,,Sample public-open-space filter includes sports grounds and natural open space that can include river land/water. Not confirmed vegetation or current access. Inventory completeness/date unverified. Denominator is preliminary 2025 ERP.
210031439,Gowanbrae,1,population_growth,1.8694550063371356,available,,"2025 ERP is preliminary; historical estimated change, not a forecast."
210031439,Gowanbrae,1,rent_weekly,423.0,available,,Historical reported rent; not current advertised rent.
210031439,Gowanbrae,1,transport_access,3.27018723922004,limited,0.9999999999999235,Sample area-weighted raw index over covered land only. Weighting and minimum coverage are unapproved; no approved benchmark or percentile. Layer observation date unverified.
210031440,Hadfield,1,green_space_per_resident,12.063536435859252,limited,,Sample public-open-space filter includes sports grounds and natural open space that can include river land/water. Not confirmed vegetation or current access. Inventory completeness/date unverified. Denominator is preliminary 2025 ERP.
210031440,Hadfield,1,population_growth,4.0037535189239915,available,,"2025 ERP is preliminary; historical estimated change, not a forecast."
210031440,Hadfield,1,rent_weekly,376.0,available,,Historical reported rent; not current advertised rent.
210031440,Hadfield,1,transport_access,6.696815275519535,limited,0.9999999999999707,Sample area-weighted raw index over covered land only. Weighting and minimum coverage are unapproved; no approved benchmark or percentile. Layer observation date unverified.
210031535,Glenroy - East,1,green_space_per_resident,27.660200708030874,limited,,Sample public-open-space filter includes sports grounds and natural open space that can include river land/water. Not confirmed vegetation or current access. Inventory completeness/date unverified. Denominator is preliminary 2025 ERP.
210031535,Glenroy - East,1,population_growth,1.2656601349180854,available,,"2025 ERP is preliminary; historical estimated change, not a forecast."
210031535,Glenroy - East,1,rent_weekly,369.0,available,,Historical reported rent; not current advertised rent.
210031535,Glenroy - East,1,transport_access,5.769289850955763,limited,1.0,Sample area-weighted raw index over covered land only. Weighting and minimum coverage are unapproved; no approved benchmark or percentile. Layer observation date unverified.
210031536,Glenroy - West,1,green_space_per_resident,38.93353329666124,limited,,Sample public-open-space filter includes sports grounds and natural open space that can include river land/water. Not confirmed vegetation or current access. Inventory completeness/date unverified. Denominator is preliminary 2025 ERP.
210031536,Glenroy - West,1,population_growth,3.4285096257841228,available,,"2025 ERP is preliminary; historical estimated change, not a forecast."
210031536,Glenroy - West,1,rent_weekly,369.0,available,,Historical reported rent; not current advertised rent.
210031536,Glenroy - West,1,transport_access,6.102589904331313,limited,0.9999999999999991,Sample area-weighted raw index over covered land only. Weighting and minimum coverage are unapproved; no approved benchmark or percentile. Layer observation date unverified.
210031537,Oak Park,1,green_space_per_resident,35.102269436947964,limited,,Sample public-open-space filter includes sports grounds and natural open space that can include river land/water. Not confirmed vegetation or current access. Inventory completeness/date unverified. Denominator is preliminary 2025 ERP.
210031537,Oak Park,1,population_growth,4.979762050778854,available,,"2025 ERP is preliminary; historical estimated change, not a forecast."
210031537,Oak Park,1,rent_weekly,401.0,available,,Historical reported rent; not current advertised rent.
210031537,Oak Park,1,transport_access,6.6817223477829435,limited,0.9999999999999974,Sample area-weighted raw index over covered land only. Weighting and minimum coverage are unapproved; no approved benchmark or percentile. Layer observation date unverified.
210031538,Pascoe Vale,1,green_space_per_resident,16.208907208904456,limited,,Sample public-open-space filter includes sports grounds and natural open space that can include river land/water. Not confirmed vegetation or current access. Inventory completeness/date unverified. Denominator is preliminary 2025 ERP.
210031538,Pascoe Vale,1,population_growth,4.027630772658905,available,,"2025 ERP is preliminary; historical estimated change, not a forecast."
210031538,Pascoe Vale,1,rent_weekly,400.0,available,,Historical reported rent; not current advertised rent.
210031538,Pascoe Vale,1,transport_access,9.711967562345578,limited,1.0,Sample area-weighted raw index over covered land only. Weighting and minimum coverage are unapproved; no approved benchmark or percentile. Layer observation date unverified.
210041240,Sunbury,1,green_space_per_resident,174.58461637488273,limited,,Sample public-open-space filter includes sports grounds and natural open space that can include river land/water. Not confirmed vegetation or current access. Inventory completeness/date unverified. Denominator is preliminary 2025 ERP.
210041240,Sunbury,1,population_growth,10.867369028719873,available,,"2025 ERP is preliminary; historical estimated change, not a forecast."
210041240,Sunbury,1,rent_weekly,371.0,available,,Historical reported rent; not current advertised rent.
210041240,Sunbury,1,transport_access,0.2542167386096371,limited,0.9999755367168608,Sample area-weighted raw index over covered land only. Weighting and minimum coverage are unapproved; no approved benchmark or percentile. Layer observation date unverified.
210041539,Diggers Rest,1,green_space_per_resident,18.03136193177144,limited,,Sample public-open-space filter includes sports grounds and natural open space that can include river land/water. Not confirmed vegetation or current access. Inventory completeness/date unverified. Denominator is preliminary 2025 ERP.
210041539,Diggers Rest,1,population_growth,59.83659428079983,available,,"2025 ERP is preliminary; historical estimated change, not a forecast."
210041539,Diggers Rest,1,rent_weekly,396.0,available,,Historical reported rent; not current advertised rent.
210041539,Diggers Rest,1,transport_access,0.35523976694548326,limited,0.9999999999999869,Sample area-weighted raw index over covered land only. Weighting and minimum coverage are unapproved; no approved benchmark or percentile. Layer observation date unverified.
210041540,Sunbury - South,1,green_space_per_resident,74.86442072917933,limited,,Sample public-open-space filter includes sports grounds and natural open space that can include river land/water. Not confirmed vegetation or current access. Inventory completeness/date unverified. Denominator is preliminary 2025 ERP.
210041540,Sunbury - South,1,population_growth,17.52625282467101,available,,"2025 ERP is preliminary; historical estimated change, not a forecast."
210041540,Sunbury - South,1,rent_weekly,351.0,available,,Historical reported rent; not current advertised rent.
210041540,Sunbury - South,1,transport_access,1.553248614493154,limited,0.9999999999999971,Sample area-weighted raw index over covered land only. Weighting and minimum coverage are unapproved; no approved benchmark or percentile. Layer observation date unverified.
210041541,Sunbury - West,1,green_space_per_resident,94.68677375586924,limited,,Sample public-open-space filter includes sports grounds and natural open space that can include river land/water. Not confirmed vegetation or current access. Inventory completeness/date unverified. Denominator is preliminary 2025 ERP.
210041541,Sunbury - West,1,population_growth,-0.4330129037845328,available,,"2025 ERP is preliminary; historical estimated change, not a forecast."
210041541,Sunbury - West,1,rent_weekly,376.0,available,,Historical reported rent; not current advertised rent.
210041541,Sunbury - West,1,transport_access,0.9847401641939194,limited,0.9995405165764706,Sample area-weighted raw index over covered land only. Weighting and minimum coverage are unapproved; no approved benchmark or percentile. Layer observation date unverified.
210051242,Broadmeadows,1,green_space_per_resident,75.71480534067493,limited,,Sample public-open-space filter includes sports grounds and natural open space that can include river land/water. Not confirmed vegetation or current access. Inventory completeness/date unverified. Denominator is preliminary 2025 ERP.
210051242,Broadmeadows,1,population_growth,1.5257340476029022,available,,"2025 ERP is preliminary; historical estimated change, not a forecast."
210051242,Broadmeadows,1,rent_weekly,331.0,available,,Historical reported rent; not current advertised rent.
210051242,Broadmeadows,1,transport_access,7.361878893068492,limited,0.999999999999977,Sample area-weighted raw index over covered land only. Weighting and minimum coverage are unapproved; no approved benchmark or percentile. Layer observation date unverified.
210051243,Campbellfield - Coolaroo,1,green_space_per_resident,70.61801682786324,limited,,Sample public-open-space filter includes sports grounds and natural open space that can include river land/water. Not confirmed vegetation or current access. Inventory completeness/date unverified. Denominator is preliminary 2025 ERP.
210051243,Campbellfield - Coolaroo,1,population_growth,-2.955285756588688,available,,"2025 ERP is preliminary; historical estimated change, not a forecast."
210051243,Campbellfield - Coolaroo,1,rent_weekly,330.0,available,,Historical reported rent; not current advertised rent.
210051243,Campbellfield - Coolaroo,1,transport_access,3.4445128304925143,limited,0.9999999999999857,Sample area-weighted raw index over covered land only. Weighting and minimum coverage are unapproved; no approved benchmark or percentile. Layer observation date unverified.
210051245,Gladstone Park - Westmeadows,1,green_space_per_resident,178.42541040147066,limited,,Sample public-open-space filter includes sports grounds and natural open space that can include river land/water. Not confirmed vegetation or current access. Inventory completeness/date unverified. Denominator is preliminary 2025 ERP.
210051245,Gladstone Park - Westmeadows,1,population_growth,-1.6829766641574362,available,,"2025 ERP is preliminary; historical estimated change, not a forecast."
210051245,Gladstone Park - Westmeadows,1,rent_weekly,371.0,available,,Historical reported rent; not current advertised rent.
210051245,Gladstone Park - Westmeadows,1,transport_access,2.465817913382036,limited,1.0,Sample area-weighted raw index over covered land only. Weighting and minimum coverage are unapproved; no approved benchmark or percentile. Layer observation date unverified.
210051246,Greenvale - Bulla,1,green_space_per_resident,410.8688851377115,limited,,Sample public-open-space filter includes sports grounds and natural open space that can include river land/water. Not confirmed vegetation or current access. Inventory completeness/date unverified. Denominator is preliminary 2025 ERP.
210051246,Greenvale - Bulla,1,population_growth,25.74369096292119,available,,"2025 ERP is preliminary; historical estimated change, not a forecast."
210051246,Greenvale - Bulla,1,rent_weekly,430.0,available,,Historical reported rent; not current advertised rent.
210051246,Greenvale - Bulla,1,transport_access,0.22830819845994388,limited,1.0,Sample area-weighted raw index over covered land only. Weighting and minimum coverage are unapproved; no approved benchmark or percentile. Layer observation date unverified.
210051247,Meadow Heights,1,green_space_per_resident,54.900337287403126,limited,,Sample public-open-space filter includes sports grounds and natural open space that can include river land/water. Not confirmed vegetation or current access. Inventory completeness/date unverified. Denominator is preliminary 2025 ERP.
210051247,Meadow Heights,1,population_growth,-6.306818181818182,available,,"2025 ERP is preliminary; historical estimated change, not a forecast."
210051247,Meadow Heights,1,rent_weekly,346.0,available,,Historical reported rent; not current advertised rent.
210051247,Meadow Heights,1,transport_access,5.0899937262968065,limited,0.999999999999972,Sample area-weighted raw index over covered land only. Weighting and minimum coverage are unapproved; no approved benchmark or percentile. Layer observation date unverified.
210051248,Melbourne Airport,1,green_space_per_resident,3541.6158619705793,limited,,Sample public-open-space filter includes sports grounds and natural open space that can include river land/water. Not confirmed vegetation or current access. Inventory completeness/date unverified. Denominator is preliminary 2025 ERP.
210051248,Melbourne Airport,1,population_growth,-9.090909090909092,available,,"2025 ERP is preliminary; historical estimated change, not a forecast."
210051248,Melbourne Airport,1,rent_weekly,250.0,available,,Historical reported rent; not current advertised rent.
210051248,Melbourne Airport,1,transport_access,0.17036964989078504,limited,1.0,Sample area-weighted raw index over covered land only. Weighting and minimum coverage are unapproved; no approved benchmark or percentile. Layer observation date unverified.
210051250,Tullamarine,1,green_space_per_resident,27.76310135130026,limited,,Sample public-open-space filter includes sports grounds and natural open space that can include river land/water. Not confirmed vegetation or current access. Inventory completeness/date unverified. Denominator is preliminary 2025 ERP.
210051250,Tullamarine,1,population_growth,-1.421453692848769,available,,"2025 ERP is preliminary; historical estimated change, not a forecast."
210051250,Tullamarine,1,rent_weekly,351.0,available,,Historical reported rent; not current advertised rent.
210051250,Tullamarine,1,transport_access,4.300755235310818,limited,0.9999999999999892,Sample area-weighted raw index over covered land only. Weighting and minimum coverage are unapproved; no approved benchmark or percentile. Layer observation date unverified.
210051441,Craigieburn - Central,1,green_space_per_resident,33.74012721565642,limited,,Sample public-open-space filter includes sports grounds and natural open space that can include river land/water. Not confirmed vegetation or current access. Inventory completeness/date unverified. Denominator is preliminary 2025 ERP.
210051441,Craigieburn - Central,1,population_growth,-6.230636833046471,available,,"2025 ERP is preliminary; historical estimated change, not a forecast."
210051441,Craigieburn - Central,1,rent_weekly,350.0,available,,Historical reported rent; not current advertised rent.
210051441,Craigieburn - Central,1,transport_access,4.543012384757943,limited,0.9999999999999936,Sample area-weighted raw index over covered land only. Weighting and minimum coverage are unapproved; no approved benchmark or percentile. Layer observation date unverified.
210051442,Craigieburn - North,1,green_space_per_resident,105.77160860526196,limited,,Sample public-open-space filter includes sports grounds and natural open space that can include river land/water. Not confirmed vegetation or current access. Inventory completeness/date unverified. Denominator is preliminary 2025 ERP.
210051442,Craigieburn - North,1,population_growth,-0.3645388970759327,available,,"2025 ERP is preliminary; historical estimated change, not a forecast."
210051442,Craigieburn - North,1,rent_weekly,371.0,available,,Historical reported rent; not current advertised rent.
210051442,Craigieburn - North,1,transport_access,1.4184148343404448,limited,1.0,Sample area-weighted raw index over covered land only. Weighting and minimum coverage are unapproved; no approved benchmark or percentile. Layer observation date unverified.
210051443,Craigieburn - South,1,green_space_per_resident,36.5133884931054,limited,,Sample public-open-space filter includes sports grounds and natural open space that can include river land/water. Not confirmed vegetation or current access. Inventory completeness/date unverified. Denominator is preliminary 2025 ERP.
210051443,Craigieburn - South,1,population_growth,12.939164201183432,available,,"2025 ERP is preliminary; historical estimated change, not a forecast."
210051443,Craigieburn - South,1,rent_weekly,375.0,available,,Historical reported rent; not current advertised rent.
210051443,Craigieburn - South,1,transport_access,4.545129680594897,limited,0.9999999999999966,Sample area-weighted raw index over covered land only. Weighting and minimum coverage are unapproved; no approved benchmark or percentile. Layer observation date unverified.
210051445,Mickleham - Yuroke,1,green_space_per_resident,11.297133021407015,limited,,Sample public-open-space filter includes sports grounds and natural open space that can include river land/water. Not confirmed vegetation or current access. Inventory completeness/date unverified. Denominator is preliminary 2025 ERP.
210051445,Mickleham - Yuroke,1,population_growth,111.12183094816959,available,,"2025 ERP is preliminary; historical estimated change, not a forecast."
210051445,Mickleham - Yuroke,1,rent_weekly,400.0,available,,Historical reported rent; not current advertised rent.
210051445,Mickleham - Yuroke,1,transport_access,0.3203478353252849,limited,1.0,Sample area-weighted raw index over covered land only. Weighting and minimum coverage are unapproved; no approved benchmark or percentile. Layer observation date unverified.
210051542,Craigieburn - North West,1,green_space_per_resident,1.9995990106067014,limited,,Sample public-open-space filter includes sports grounds and natural open space that can include river land/water. Not confirmed vegetation or current access. Inventory completeness/date unverified. Denominator is preliminary 2025 ERP.
210051542,Craigieburn - North West,1,population_growth,22.04690370690587,available,,"2025 ERP is preliminary; historical estimated change, not a forecast."
210051542,Craigieburn - North West,1,rent_weekly,396.0,available,,Historical reported rent; not current advertised rent.
210051542,Craigieburn - North West,1,transport_access,5.435043252556632,limited,0.9999999999999596,Sample area-weighted raw index over covered land only. Weighting and minimum coverage are unapproved; no approved benchmark or percentile. Layer observation date unverified.
210051543,Craigieburn - West,1,green_space_per_resident,22.97222231327508,limited,,Sample public-open-space filter includes sports grounds and natural open space that can include river land/water. Not confirmed vegetation or current access. Inventory completeness/date unverified. Denominator is preliminary 2025 ERP.
210051543,Craigieburn - West,1,population_growth,17.99479782454481,available,,"2025 ERP is preliminary; historical estimated change, not a forecast."
210051543,Craigieburn - West,1,rent_weekly,381.0,available,,Historical reported rent; not current advertised rent.
210051543,Craigieburn - West,1,transport_access,6.120773896292554,limited,1.0,Sample area-weighted raw index over covered land only. Weighting and minimum coverage are unapproved; no approved benchmark or percentile. Layer observation date unverified.
210051544,Roxburgh Park (South) - Somerton,1,green_space_per_resident,90.88849141225603,limited,,Sample public-open-space filter includes sports grounds and natural open space that can include river land/water. Not confirmed vegetation or current access. Inventory completeness/date unverified. Denominator is preliminary 2025 ERP.
210051544,Roxburgh Park (South) - Somerton,1,population_growth,-3.425271333266952,available,,"2025 ERP is preliminary; historical estimated change, not a forecast."
210051544,Roxburgh Park (South) - Somerton,1,rent_weekly,375.0,available,,Historical reported rent; not current advertised rent.
210051544,Roxburgh Park (South) - Somerton,1,transport_access,3.1758725231892773,limited,1.0,Sample area-weighted raw index over covered land only. Weighting and minimum coverage are unapproved; no approved benchmark or percentile. Layer observation date unverified.
210051545,Roxburgh Park - North,1,green_space_per_resident,23.018095132620946,limited,,Sample public-open-space filter includes sports grounds and natural open space that can include river land/water. Not confirmed vegetation or current access. Inventory completeness/date unverified. Denominator is preliminary 2025 ERP.
210051545,Roxburgh Park - North,1,population_growth,2.9813913159474423,available,,"2025 ERP is preliminary; historical estimated change, not a forecast."
210051545,Roxburgh Park - North,1,rent_weekly,395.0,available,,Historical reported rent; not current advertised rent.
210051545,Roxburgh Park - North,1,transport_access,3.1074744523686326,limited,0.9999999999999982,Sample area-weighted raw index over covered land only. Weighting and minimum coverage are unapproved; no approved benchmark or percentile. Layer observation date unverified.
211011251,Bayswater,1,green_space_per_resident,28.25578947013408,limited,,Sample public-open-space filter includes sports grounds and natural open space that can include river land/water. Not confirmed vegetation or current access. Inventory completeness/date unverified. Denominator is preliminary 2025 ERP.
211011251,Bayswater,1,population_growth,3.0480295566502464,available,,"2025 ERP is preliminary; historical estimated change, not a forecast."
211011251,Bayswater,1,rent_weekly,376.0,available,,Historical reported rent; not current advertised rent.
211011251,Bayswater,1,transport_access,4.46906776287187,limited,1.0,Sample area-weighted raw index over covered land only. Weighting and minimum coverage are unapproved; no approved benchmark or percentile. Layer observation date unverified.
211011254,Knoxfield - Scoresby,1,green_space_per_resident,94.3525575582768,limited,,Sample public-open-space filter includes sports grounds and natural open space that can include river land/water. Not confirmed vegetation or current access. Inventory completeness/date unverified. Denominator is preliminary 2025 ERP.
211011254,Knoxfield - Scoresby,1,population_growth,1.2693935119887165,available,,"2025 ERP is preliminary; historical estimated change, not a forecast."
211011254,Knoxfield - Scoresby,1,rent_weekly,425.0,available,,Historical reported rent; not current advertised rent.
211011254,Knoxfield - Scoresby,1,transport_access,3.9397376973233142,limited,0.9999999999999979,Sample area-weighted raw index over covered land only. Weighting and minimum coverage are unapproved; no approved benchmark or percentile. Layer observation date unverified.
211011255,Lysterfield,1,green_space_per_resident,859.4913911590476,limited,,Sample public-open-space filter includes sports grounds and natural open space that can include river land/water. Not confirmed vegetation or current access. Inventory completeness/date unverified. Denominator is preliminary 2025 ERP.
211011255,Lysterfield,1,population_growth,-2.646280505733608,available,,"2025 ERP is preliminary; historical estimated change, not a forecast."
211011255,Lysterfield,1,rent_weekly,435.0,available,,Historical reported rent; not current advertised rent.
211011255,Lysterfield,1,transport_access,0.3139853374913919,limited,1.0,Sample area-weighted raw index over covered land only. Weighting and minimum coverage are unapproved; no approved benchmark or percentile. Layer observation date unverified.
211011256,Rowville - Central,1,green_space_per_resident,44.8362050282258,limited,,Sample public-open-space filter includes sports grounds and natural open space that can include river land/water. Not confirmed vegetation or current access. Inventory completeness/date unverified. Denominator is preliminary 2025 ERP.
211011256,Rowville - Central,1,population_growth,-0.34752938202957157,available,,"2025 ERP is preliminary; historical estimated change, not a forecast."
211011256,Rowville - Central,1,rent_weekly,425.0,available,,Historical reported rent; not current advertised rent.
211011256,Rowville - Central,1,transport_access,4.436470307451118,limited,1.0,Sample area-weighted raw index over covered land only. Weighting and minimum coverage are unapproved; no approved benchmark or percentile. Layer observation date unverified.
211011257,Rowville - North,1,green_space_per_resident,71.40373779624733,limited,,Sample public-open-space filter includes sports grounds and natural open space that can include river land/water. Not confirmed vegetation or current access. Inventory completeness/date unverified. Denominator is preliminary 2025 ERP.
211011257,Rowville - North,1,population_growth,-3.6321103176557497,available,,"2025 ERP is preliminary; historical estimated change, not a forecast."
211011257,Rowville - North,1,rent_weekly,450.0,available,,Historical reported rent; not current advertised rent.
211011257,Rowville - North,1,transport_access,2.278018729034202,limited,1.0,Sample area-weighted raw index over covered land only. Weighting and minimum coverage are unapproved; no approved benchmark or percentile. Layer observation date unverified.
211011258,Rowville - South,1,green_space_per_resident,114.50607378599365,limited,,Sample public-open-space filter includes sports grounds and natural open space that can include river land/water. Not confirmed vegetation or current access. Inventory completeness/date unverified. Denominator is preliminary 2025 ERP.
211011258,Rowville - South,1,population_growth,-1.6366003347591593,available,,"2025 ERP is preliminary; historical estimated change, not a forecast."
211011258,Rowville - South,1,rent_weekly,471.0,available,,Historical reported rent; not current advertised rent.
211011258,Rowville - South,1,transport_access,1.3691650430300437,limited,0.9999999999999792,Sample area-weighted raw index over covered land only. Weighting and minimum coverage are unapproved; no approved benchmark or percentile. Layer observation date unverified.
211011259,Wantirna,1,green_space_per_resident,94.79842788850208,limited,,Sample public-open-space filter includes sports grounds and natural open space that can include river land/water. Not confirmed vegetation or current access. Inventory completeness/date unverified. Denominator is preliminary 2025 ERP.
211011259,Wantirna,1,population_growth,-1.5606080990178932,available,,"2025 ERP is preliminary; historical estimated change, not a forecast."
211011259,Wantirna,1,rent_weekly,427.0,available,,Historical reported rent; not current advertised rent.
211011259,Wantirna,1,transport_access,3.64713195365328,limited,0.9999999999999877,Sample area-weighted raw index over covered land only. Weighting and minimum coverage are unapproved; no approved benchmark or percentile. Layer observation date unverified.
211011260,Wantirna South,1,green_space_per_resident,220.7733547270796,limited,,Sample public-open-space filter includes sports grounds and natural open space that can include river land/water. Not confirmed vegetation or current access. Inventory completeness/date unverified. Denominator is preliminary 2025 ERP.
211011260,Wantirna South,1,population_growth,-0.6827222879260295,available,,"2025 ERP is preliminary; historical estimated change, not a forecast."
211011260,Wantirna South,1,rent_weekly,426.0,available,,Historical reported rent; not current advertised rent.
211011260,Wantirna South,1,transport_access,4.421718381254872,limited,1.0,Sample area-weighted raw index over covered land only. Weighting and minimum coverage are unapproved; no approved benchmark or percentile. Layer observation date unverified.
211011446,Boronia,1,green_space_per_resident,36.1287153839073,limited,,Sample public-open-space filter includes sports grounds and natural open space that can include river land/water. Not confirmed vegetation or current access. Inventory completeness/date unverified. Denominator is preliminary 2025 ERP.
211011446,Boronia,1,population_growth,3.506938639023575,available,,"2025 ERP is preliminary; historical estimated change, not a forecast."
211011446,Boronia,1,rent_weekly,376.0,available,,Historical reported rent; not current advertised rent.
211011446,Boronia,1,transport_access,6.268508911349196,limited,1.0,Sample area-weighted raw index over covered land only. Weighting and minimum coverage are unapproved; no approved benchmark or percentile. Layer observation date unverified.
211011447,Ferntree Gully - North,1,green_space_per_resident,35.30433505949625,limited,,Sample public-open-space filter includes sports grounds and natural open space that can include river land/water. Not confirmed vegetation or current access. Inventory completeness/date unverified. Denominator is preliminary 2025 ERP.
211011447,Ferntree Gully - North,1,population_growth,0.6368544925931053,available,,"2025 ERP is preliminary; historical estimated change, not a forecast."
211011447,Ferntree Gully - North,1,rent_weekly,370.0,available,,Historical reported rent; not current advertised rent.
211011447,Ferntree Gully - North,1,transport_access,5.895603081552881,limited,0.9999999999999918,Sample area-weighted raw index over covered land only. Weighting and minimum coverage are unapproved; no approved benchmark or percentile. Layer observation date unverified.
211011448,Ferntree Gully (South) - Upper Ferntree Gully,1,green_space_per_resident,62.27242942264453,limited,,Sample public-open-space filter includes sports grounds and natural open space that can include river land/water. Not confirmed vegetation or current access. Inventory completeness/date unverified. Denominator is preliminary 2025 ERP.
211011448,Ferntree Gully (South) - Upper Ferntree Gully,1,population_growth,0.7282335502996713,available,,"2025 ERP is preliminary; historical estimated change, not a forecast."
211011448,Ferntree Gully (South) - Upper Ferntree Gully,1,rent_weekly,405.0,available,,Historical reported rent; not current advertised rent.
211011448,Ferntree Gully (South) - Upper Ferntree Gully,1,transport_access,5.589786959064229,limited,0.9999999999999876,Sample area-weighted raw index over covered land only. Weighting and minimum coverage are unapproved; no approved benchmark or percentile. Layer observation date unverified.
211011449,The Basin,1,green_space_per_resident,40.36272885924846,limited,,Sample public-open-space filter includes sports grounds and natural open space that can include river land/water. Not confirmed vegetation or current access. Inventory completeness/date unverified. Denominator is preliminary 2025 ERP.
211011449,The Basin,1,population_growth,-1.7893544733861835,available,,"2025 ERP is preliminary; historical estimated change, not a forecast."
211011449,The Basin,1,rent_weekly,366.0,available,,Historical reported rent; not current advertised rent.
211011449,The Basin,1,transport_access,1.5137228431939949,limited,0.9999999999999568,Sample area-weighted raw index over covered land only. Weighting and minimum coverage are unapproved; no approved benchmark or percentile. Layer observation date unverified.
211021261,Donvale - Park Orchards,1,green_space_per_resident,111.35915185291476,limited,,Sample public-open-space filter includes sports grounds and natural open space that can include river land/water. Not confirmed vegetation or current access. Inventory completeness/date unverified. Denominator is preliminary 2025 ERP.
211021261,Donvale - Park Orchards,1,population_growth,1.3558915286777058,available,,"2025 ERP is preliminary; historical estimated change, not a forecast."
211021261,Donvale - Park Orchards,1,rent_weekly,451.0,available,,Historical reported rent; not current advertised rent.
211021261,Donvale - Park Orchards,1,transport_access,2.6306072040632813,limited,0.9999999999999939,Sample area-weighted raw index over covered land only. Weighting and minimum coverage are unapproved; no approved benchmark or percentile. Layer observation date unverified.
211021262,Warrandyte - Wonga Park,1,green_space_per_resident,272.37994898712657,limited,,Sample public-open-space filter includes sports grounds and natural open space that can include river land/water. Not confirmed vegetation or current access. Inventory completeness/date unverified. Denominator is preliminary 2025 ERP.
211021262,Warrandyte - Wonga Park,1,population_growth,-1.6820453671664743,available,,"2025 ERP is preliminary; historical estimated change, not a forecast."
211021262,Warrandyte - Wonga Park,1,rent_weekly,481.0,available,,Historical reported rent; not current advertised rent.
211021262,Warrandyte - Wonga Park,1,transport_access,1.0245919650147355,limited,1.0,Sample area-weighted raw index over covered land only. Weighting and minimum coverage are unapproved; no approved benchmark or percentile. Layer observation date unverified.
211031263,Bayswater North,1,green_space_per_resident,53.23087334314565,limited,,Sample public-open-space filter includes sports grounds and natural open space that can include river land/water. Not confirmed vegetation or current access. Inventory completeness/date unverified. Denominator is preliminary 2025 ERP.
211031263,Bayswater North,1,population_growth,-1.9056114174505352,available,,"2025 ERP is preliminary; historical estimated change, not a forecast."
211031263,Bayswater North,1,rent_weekly,361.0,available,,Historical reported rent; not current advertised rent.
211031263,Bayswater North,1,transport_access,2.9780937884530476,limited,0.9999999999999902,Sample area-weighted raw index over covered land only. Weighting and minimum coverage are unapproved; no approved benchmark or percentile. Layer observation date unverified.
211031265,Croydon Hills - Warranwood,1,green_space_per_resident,46.425764350585,limited,,Sample public-open-space filter includes sports grounds and natural open space that can include river land/water. Not confirmed vegetation or current access. Inventory completeness/date unverified. Denominator is preliminary 2025 ERP.
211031265,Croydon Hills - Warranwood,1,population_growth,-0.9817596566523605,available,,"2025 ERP is preliminary; historical estimated change, not a forecast."
211031265,Croydon Hills - Warranwood,1,rent_weekly,431.0,available,,Historical reported rent; not current advertised rent.
211031265,Croydon Hills - Warranwood,1,transport_access,3.4948916447363114,limited,0.9999999999999819,Sample area-weighted raw index over covered land only. Weighting and minimum coverage are unapproved; no approved benchmark or percentile. Layer observation date unverified.
211031266,Ringwood,1,green_space_per_resident,64.01255220633115,limited,,Sample public-open-space filter includes sports grounds and natural open space that can include river land/water. Not confirmed vegetation or current access. Inventory completeness/date unverified. Denominator is preliminary 2025 ERP.
211031266,Ringwood,1,population_growth,3.2414657062323835,available,,"2025 ERP is preliminary; historical estimated change, not a forecast."
211031266,Ringwood,1,rent_weekly,381.0,available,,Historical reported rent; not current advertised rent.
211031266,Ringwood,1,transport_access,9.128342113664383,limited,1.0,Sample area-weighted raw index over covered land only. Weighting and minimum coverage are unapproved; no approved benchmark or percentile. Layer observation date unverified.
211031267,Ringwood East,1,green_space_per_resident,34.24618926073727,limited,,Sample public-open-space filter includes sports grounds and natural open space that can include river land/water. Not confirmed vegetation or current access. Inventory completeness/date unverified. Denominator is preliminary 2025 ERP.
211031267,Ringwood East,1,population_growth,1.7397291714482441,available,,"2025 ERP is preliminary; historical estimated change, not a forecast."
211031267,Ringwood East,1,rent_weekly,385.0,available,,Historical reported rent; not current advertised rent.
211031267,Ringwood East,1,transport_access,5.149698082540353,limited,0.999999999999997,Sample area-weighted raw index over covered land only. Weighting and minimum coverage are unapproved; no approved benchmark or percentile. Layer observation date unverified.
211031268,Ringwood North,1,green_space_per_resident,59.4400378416537,limited,,Sample public-open-space filter includes sports grounds and natural open space that can include river land/water. Not confirmed vegetation or current access. Inventory completeness/date unverified. Denominator is preliminary 2025 ERP.
211031268,Ringwood North,1,population_growth,-0.9263921055281442,available,,"2025 ERP is preliminary; historical estimated change, not a forecast."
211031268,Ringwood North,1,rent_weekly,436.0,available,,Historical reported rent; not current advertised rent.
211031268,Ringwood North,1,transport_access,6.806645996052215,limited,1.0,Sample area-weighted raw index over covered land only. Weighting and minimum coverage are unapproved; no approved benchmark or percentile. Layer observation date unverified.
211031450,Croydon - East,1,green_space_per_resident,79.38991653750234,limited,,Sample public-open-space filter includes sports grounds and natural open space that can include river land/water. Not confirmed vegetation or current access. Inventory completeness/date unverified. Denominator is preliminary 2025 ERP.
211031450,Croydon - East,1,population_growth,5.742851917332195,available,,"2025 ERP is preliminary; historical estimated change, not a forecast."
211031450,Croydon - East,1,rent_weekly,371.0,available,,Historical reported rent; not current advertised rent.
211031450,Croydon - East,1,transport_access,5.488998127491817,limited,1.0,Sample area-weighted raw index over covered land only. Weighting and minimum coverage are unapproved; no approved benchmark or percentile. Layer observation date unverified.
211031451,Croydon - West,1,green_space_per_resident,33.746990741685515,limited,,Sample public-open-space filter includes sports grounds and natural open space that can include river land/water. Not confirmed vegetation or current access. Inventory completeness/date unverified. Denominator is preliminary 2025 ERP.
211031451,Croydon - West,1,population_growth,2.602843211317904,available,,"2025 ERP is preliminary; historical estimated change, not a forecast."
211031451,Croydon - West,1,rent_weekly,399.0,available,,Historical reported rent; not current advertised rent.
211031451,Croydon - West,1,transport_access,6.37006512013821,limited,0.9999999999999906,Sample area-weighted raw index over covered land only. Weighting and minimum coverage are unapproved; no approved benchmark or percentile. Layer observation date unverified.
211031452,Croydon South,1,green_space_per_resident,18.986895479378465,limited,,Sample public-open-space filter includes sports grounds and natural open space that can include river land/water. Not confirmed vegetation or current access. Inventory completeness/date unverified. Denominator is preliminary 2025 ERP.
211031452,Croydon South,1,population_growth,2.6321036889332006,available,,"2025 ERP is preliminary; historical estimated change, not a forecast."
211031452,Croydon South,1,rent_weekly,410.0,available,,Historical reported rent; not current advertised rent.
211031452,Croydon South,1,transport_access,2.5551488934791746,limited,0.9999999999999636,Sample area-weighted raw index over covered land only. Weighting and minimum coverage are unapproved; no approved benchmark or percentile. Layer observation date unverified.
211041269,Forest Hill,1,green_space_per_resident,27.10430737530086,limited,,Sample public-open-space filter includes sports grounds and natural open space that can include river land/water. Not confirmed vegetation or current access. Inventory completeness/date unverified. Denominator is preliminary 2025 ERP.
211041269,Forest Hill,1,population_growth,0.8060182697474476,available,,"2025 ERP is preliminary; historical estimated change, not a forecast."
211041269,Forest Hill,1,rent_weekly,396.0,available,,Historical reported rent; not current advertised rent.
211041269,Forest Hill,1,transport_access,7.762103739938062,limited,0.9999999999999947,Sample area-weighted raw index over covered land only. Weighting and minimum coverage are unapproved; no approved benchmark or percentile. Layer observation date unverified.
211041270,Mitcham (Vic.),1,green_space_per_resident,35.302657844346676,limited,,Sample public-open-space filter includes sports grounds and natural open space that can include river land/water. Not confirmed vegetation or current access. Inventory completeness/date unverified. Denominator is preliminary 2025 ERP.
211041270,Mitcham (Vic.),1,population_growth,0.9112931133925481,available,,"2025 ERP is preliminary; historical estimated change, not a forecast."
211041270,Mitcham (Vic.),1,rent_weekly,406.0,available,,Historical reported rent; not current advertised rent.
211041270,Mitcham (Vic.),1,transport_access,9.23169833022054,limited,1.0,Sample area-weighted raw index over covered land only. Weighting and minimum coverage are unapproved; no approved benchmark or percentile. Layer observation date unverified.
211041271,Nunawading,1,green_space_per_resident,30.872639725607534,limited,,Sample public-open-space filter includes sports grounds and natural open space that can include river land/water. Not confirmed vegetation or current access. Inventory completeness/date unverified. Denominator is preliminary 2025 ERP.
211041271,Nunawading,1,population_growth,3.0013218256745198,available,,"2025 ERP is preliminary; historical estimated change, not a forecast."
211041271,Nunawading,1,rent_weekly,391.0,available,,Historical reported rent; not current advertised rent.
211041271,Nunawading,1,transport_access,10.996353984302452,limited,0.9999999999999938,Sample area-weighted raw index over covered land only. Weighting and minimum coverage are unapproved; no approved benchmark or percentile. Layer observation date unverified.
211041272,Vermont,1,green_space_per_resident,39.56679152533088,limited,,Sample public-open-space filter includes sports grounds and natural open space that can include river land/water. Not confirmed vegetation or current access. Inventory completeness/date unverified. Denominator is preliminary 2025 ERP.
211041272,Vermont,1,population_growth,0.8644262150480727,available,,"2025 ERP is preliminary; historical estimated change, not a forecast."
211041272,Vermont,1,rent_weekly,426.0,available,,Historical reported rent; not current advertised rent.
211041272,Vermont,1,transport_access,6.311506847913879,limited,0.999999999999983,Sample area-weighted raw index over covered land only. Weighting and minimum coverage are unapproved; no approved benchmark or percentile. Layer observation date unverified.
211041273,Vermont South,1,green_space_per_resident,59.18596594545458,limited,,Sample public-open-space filter includes sports grounds and natural open space that can include river land/water. Not confirmed vegetation or current access. Inventory completeness/date unverified. Denominator is preliminary 2025 ERP.
211041273,Vermont South,1,population_growth,-0.4307892383971389,available,,"2025 ERP is preliminary; historical estimated change, not a forecast."
211041273,Vermont South,1,rent_weekly,496.0,available,,Historical reported rent; not current advertised rent.
211041273,Vermont South,1,transport_access,5.328663986826618,limited,0.9999999999999966,Sample area-weighted raw index over covered land only. Weighting and minimum coverage are unapproved; no approved benchmark or percentile. Layer observation date unverified.
211051274,Belgrave - Selby,1,green_space_per_resident,1029.3659409007214,limited,,Sample public-open-space filter includes sports grounds and natural open space that can include river land/water. Not confirmed vegetation or current access. Inventory completeness/date unverified. Denominator is preliminary 2025 ERP.
211051274,Belgrave - Selby,1,population_growth,-3.6270432343553534,available,,"2025 ERP is preliminary; historical estimated change, not a forecast."
211051274,Belgrave - Selby,1,rent_weekly,400.0,available,,Historical reported rent; not current advertised rent.
211051274,Belgrave - Selby,1,transport_access,0.6621283968999301,limited,1.0,Sample area-weighted raw index over covered land only. Weighting and minimum coverage are unapproved; no approved benchmark or percentile. Layer observation date unverified.
211051275,Chirnside Park,1,green_space_per_resident,31.81889933287628,limited,,Sample public-open-space filter includes sports grounds and natural open space that can include river land/water. Not confirmed vegetation or current access. Inventory completeness/date unverified. Denominator is preliminary 2025 ERP.
211051275,Chirnside Park,1,population_growth,7.10461460015297,available,,"2025 ERP is preliminary; historical estimated change, not a forecast."
211051275,Chirnside Park,1,rent_weekly,443.0,available,,Historical reported rent; not current advertised rent.
211051275,Chirnside Park,1,transport_access,1.0124681052794517,limited,0.9999999999999981,Sample area-weighted raw index over covered land only. Weighting and minimum coverage are unapproved; no approved benchmark or percentile. Layer observation date unverified.
211051276,Healesville - Yarra Glen,1,green_space_per_resident,3049.5520702485132,limited,,Sample public-open-space filter includes sports grounds and natural open space that can include river land/water. Not confirmed vegetation or current access. Inventory completeness/date unverified. Denominator is preliminary 2025 ERP.
211051276,Healesville - Yarra Glen,1,population_growth,-1.5277293337983955,available,,"2025 ERP is preliminary; historical estimated change, not a forecast."
211051276,Healesville - Yarra Glen,1,rent_weekly,350.0,available,,Historical reported rent; not current advertised rent.
211051276,Healesville - Yarra Glen,1,transport_access,0.05013045367713815,limited,0.9995659205257073,Sample area-weighted raw index over covered land only. Weighting and minimum coverage are unapproved; no approved benchmark or percentile. Layer observation date unverified.
211051277,Kilsyth,1,green_space_per_resident,33.52571524677046,limited,,Sample public-open-space filter includes sports grounds and natural open space that can include river land/water. Not confirmed vegetation or current access. Inventory completeness/date unverified. Denominator is preliminary 2025 ERP.
211051277,Kilsyth,1,population_growth,7.327845814093555,available,,"2025 ERP is preliminary; historical estimated change, not a forecast."
211051277,Kilsyth,1,rent_weekly,396.0,available,,Historical reported rent; not current advertised rent.
211051277,Kilsyth,1,transport_access,2.3972773807807397,limited,1.0,Sample area-weighted raw index over covered land only. Weighting and minimum coverage are unapproved; no approved benchmark or percentile. Layer observation date unverified.
211051278,Lilydale - Coldstream,1,green_space_per_resident,142.09295393116702,limited,,Sample public-open-space filter includes sports grounds and natural open space that can include river land/water. Not confirmed vegetation or current access. Inventory completeness/date unverified. Denominator is preliminary 2025 ERP.
211051278,Lilydale - Coldstream,1,population_growth,4.776463512429832,available,,"2025 ERP is preliminary; historical estimated change, not a forecast."
211051278,Lilydale - Coldstream,1,rent_weekly,369.0,available,,Historical reported rent; not current advertised rent.
211051278,Lilydale - Coldstream,1,transport_access,0.4202573651106657,limited,0.9999999999999974,Sample area-weighted raw index over covered land only. Weighting and minimum coverage are unapproved; no approved benchmark or percentile. Layer observation date unverified.
211051279,Monbulk - Silvan,1,green_space_per_resident,247.07730997388393,limited,,Sample public-open-space filter includes sports grounds and natural open space that can include river land/water. Not confirmed vegetation or current access. Inventory completeness/date unverified. Denominator is preliminary 2025 ERP.
211051279,Monbulk - Silvan,1,population_growth,-0.6464783940115686,available,,"2025 ERP is preliminary; historical estimated change, not a forecast."
211051279,Monbulk - Silvan,1,rent_weekly,360.0,available,,Historical reported rent; not current advertised rent.
211051279,Monbulk - Silvan,1,transport_access,0.13143617745559466,limited,1.0,Sample area-weighted raw index over covered land only. Weighting and minimum coverage are unapproved; no approved benchmark or percentile. Layer observation date unverified.
211051280,Montrose,1,green_space_per_resident,122.12613037005708,limited,,Sample public-open-space filter includes sports grounds and natural open space that can include river land/water. Not confirmed vegetation or current access. Inventory completeness/date unverified. Denominator is preliminary 2025 ERP.
211051280,Montrose,1,population_growth,-2.0848106651538787,available,,"2025 ERP is preliminary; historical estimated change, not a forecast."
211051280,Montrose,1,rent_weekly,365.0,available,,Historical reported rent; not current advertised rent.
211051280,Montrose,1,transport_access,1.6109382767601748,limited,0.9999999999999848,Sample area-weighted raw index over covered land only. Weighting and minimum coverage are unapproved; no approved benchmark or percentile. Layer observation date unverified.
211051281,Mooroolbark,1,green_space_per_resident,38.50345709396884,limited,,Sample public-open-space filter includes sports grounds and natural open space that can include river land/water. Not confirmed vegetation or current access. Inventory completeness/date unverified. Denominator is preliminary 2025 ERP.
211051281,Mooroolbark,1,population_growth,1.9985784170255467,available,,"2025 ERP is preliminary; historical estimated change, not a forecast."
211051281,Mooroolbark,1,rent_weekly,400.0,available,,Historical reported rent; not current advertised rent.
211051281,Mooroolbark,1,transport_access,1.8900551848944394,limited,1.0,Sample area-weighted raw index over covered land only. Weighting and minimum coverage are unapproved; no approved benchmark or percentile. Layer observation date unverified.
211051282,Mount Dandenong - Olinda,1,green_space_per_resident,889.5257439528007,limited,,Sample public-open-space filter includes sports grounds and natural open space that can include river land/water. Not confirmed vegetation or current access. Inventory completeness/date unverified. Denominator is preliminary 2025 ERP.
211051282,Mount Dandenong - Olinda,1,population_growth,-3.677283231186577,available,,"2025 ERP is preliminary; historical estimated change, not a forecast."
211051282,Mount Dandenong - Olinda,1,rent_weekly,400.0,available,,Historical reported rent; not current advertised rent.
211051282,Mount Dandenong - Olinda,1,transport_access,0.44902941215136505,limited,0.9999999999999972,Sample area-weighted raw index over covered land only. Weighting and minimum coverage are unapproved; no approved benchmark or percentile. Layer observation date unverified.
211051283,Mount Evelyn,1,green_space_per_resident,155.92370489082626,limited,,Sample public-open-space filter includes sports grounds and natural open space that can include river land/water. Not confirmed vegetation or current access. Inventory completeness/date unverified. Denominator is preliminary 2025 ERP.
211051283,Mount Evelyn,1,population_growth,0.9448185747311287,available,,"2025 ERP is preliminary; historical estimated change, not a forecast."
211051283,Mount Evelyn,1,rent_weekly,365.0,available,,Historical reported rent; not current advertised rent.
211051283,Mount Evelyn,1,transport_access,1.355893171888952,limited,1.0,Sample area-weighted raw index over covered land only. Weighting and minimum coverage are unapproved; no approved benchmark or percentile. Layer observation date unverified.
211051284,Upwey - Tecoma,1,green_space_per_resident,23.64722200242183,limited,,Sample public-open-space filter includes sports grounds and natural open space that can include river land/water. Not confirmed vegetation or current access. Inventory completeness/date unverified. Denominator is preliminary 2025 ERP.
211051284,Upwey - Tecoma,1,population_growth,-0.8540996784565916,available,,"2025 ERP is preliminary; historical estimated change, not a forecast."
211051284,Upwey - Tecoma,1,rent_weekly,375.0,available,,Historical reported rent; not current advertised rent.
211051284,Upwey - Tecoma,1,transport_access,2.5962365751516012,limited,0.9999999999999986,Sample area-weighted raw index over covered land only. Weighting and minimum coverage are unapproved; no approved benchmark or percentile. Layer observation date unverified.
211051285,Wandin - Seville,1,green_space_per_resident,144.14908231079264,limited,,Sample public-open-space filter includes sports grounds and natural open space that can include river land/water. Not confirmed vegetation or current access. Inventory completeness/date unverified. Denominator is preliminary 2025 ERP.
211051285,Wandin - Seville,1,population_growth,0.0,available,,"2025 ERP is preliminary; historical estimated change, not a forecast."
211051285,Wandin - Seville,1,rent_weekly,360.0,available,,Historical reported rent; not current advertised rent.
211051285,Wandin - Seville,1,transport_access,0.09796524170073487,limited,1.0,Sample area-weighted raw index over covered land only. Weighting and minimum coverage are unapproved; no approved benchmark or percentile. Layer observation date unverified.
211051286,Yarra Valley,1,green_space_per_resident,16627.09547306512,limited,,Sample public-open-space filter includes sports grounds and natural open space that can include river land/water. Not confirmed vegetation or current access. Inventory completeness/date unverified. Denominator is preliminary 2025 ERP.
211051286,Yarra Valley,1,population_growth,0.4763024814771257,available,,"2025 ERP is preliminary; historical estimated change, not a forecast."
211051286,Yarra Valley,1,rent_weekly,315.0,available,,Historical reported rent; not current advertised rent.
211051286,Yarra Valley,1,transport_access,0.039040618878783385,limited,0.9999999751184461,Sample area-weighted raw index over covered land only. Weighting and minimum coverage are unapproved; no approved benchmark or percentile. Layer observation date unverified.
212011289,Emerald - Cockatoo,1,green_space_per_resident,2181.779121273342,limited,,Sample public-open-space filter includes sports grounds and natural open space that can include river land/water. Not confirmed vegetation or current access. Inventory completeness/date unverified. Denominator is preliminary 2025 ERP.
212011289,Emerald - Cockatoo,1,population_growth,1.088225926319142,available,,"2025 ERP is preliminary; historical estimated change, not a forecast."
212011289,Emerald - Cockatoo,1,rent_weekly,370.0,available,,Historical reported rent; not current advertised rent.
212011289,Emerald - Cockatoo,1,transport_access,0.06159061619486829,limited,0.9999999999999971,Sample area-weighted raw index over covered land only. Weighting and minimum coverage are unapproved; no approved benchmark or percentile. Layer observation date unverified.
212011546,Beaconsfield - Officer,1,green_space_per_resident,56.287424893143395,limited,,Sample public-open-space filter includes sports grounds and natural open space that can include river land/water. Not confirmed vegetation or current access. Inventory completeness/date unverified. Denominator is preliminary 2025 ERP.
212011546,Beaconsfield - Officer,1,population_growth,31.915464009651043,available,,"2025 ERP is preliminary; historical estimated change, not a forecast."
212011546,Beaconsfield - Officer,1,rent_weekly,391.0,available,,Historical reported rent; not current advertised rent.
212011546,Beaconsfield - Officer,1,transport_access,0.4732403379897069,limited,0.9999999999999951,Sample area-weighted raw index over covered land only. Weighting and minimum coverage are unapproved; no approved benchmark or percentile. Layer observation date unverified.
212011547,Bunyip - Garfield,1,green_space_per_resident,700.1099669595109,limited,,Sample public-open-space filter includes sports grounds and natural open space that can include river land/water. Not confirmed vegetation or current access. Inventory completeness/date unverified. Denominator is preliminary 2025 ERP.
212011547,Bunyip - Garfield,1,population_growth,6.85496340583445,available,,"2025 ERP is preliminary; historical estimated change, not a forecast."
212011547,Bunyip - Garfield,1,rent_weekly,311.0,available,,Historical reported rent; not current advertised rent.
212011547,Bunyip - Garfield,1,transport_access,0.029928377868261156,limited,0.9999955576501487,Sample area-weighted raw index over covered land only. Weighting and minimum coverage are unapproved; no approved benchmark or percentile. Layer observation date unverified.
212011548,Koo Wee Rup,1,green_space_per_resident,742.3928925701747,limited,,Sample public-open-space filter includes sports grounds and natural open space that can include river land/water. Not confirmed vegetation or current access. Inventory completeness/date unverified. Denominator is preliminary 2025 ERP.
212011548,Koo Wee Rup,1,population_growth,34.20688185788857,available,,"2025 ERP is preliminary; historical estimated change, not a forecast."
212011548,Koo Wee Rup,1,rent_weekly,320.0,available,,Historical reported rent; not current advertised rent.
212011548,Koo Wee Rup,1,transport_access,0.0036523461207124577,limited,0.9994035597867185,Sample area-weighted raw index over covered land only. Weighting and minimum coverage are unapproved; no approved benchmark or percentile. Layer observation date unverified.
212011549,Pakenham - North East,1,green_space_per_resident,45.27463120695399,limited,,Sample public-open-space filter includes sports grounds and natural open space that can include river land/water. Not confirmed vegetation or current access. Inventory completeness/date unverified. Denominator is preliminary 2025 ERP.
212011549,Pakenham - North East,1,population_growth,6.1952,available,,"2025 ERP is preliminary; historical estimated change, not a forecast."
212011549,Pakenham - North East,1,rent_weekly,346.0,available,,Historical reported rent; not current advertised rent.
212011549,Pakenham - North East,1,transport_access,0.3314488759262796,limited,0.9999999999999931,Sample area-weighted raw index over covered land only. Weighting and minimum coverage are unapproved; no approved benchmark or percentile. Layer observation date unverified.
212011550,Pakenham - North West,1,green_space_per_resident,123.06794387062746,limited,,Sample public-open-space filter includes sports grounds and natural open space that can include river land/water. Not confirmed vegetation or current access. Inventory completeness/date unverified. Denominator is preliminary 2025 ERP.
212011550,Pakenham - North West,1,population_growth,47.334455667789,available,,"2025 ERP is preliminary; historical estimated change, not a forecast."
212011550,Pakenham - North West,1,rent_weekly,366.0,available,,Historical reported rent; not current advertised rent.
212011550,Pakenham - North West,1,transport_access,0.08307693854917893,limited,0.9999999999999902,Sample area-weighted raw index over covered land only. Weighting and minimum coverage are unapproved; no approved benchmark or percentile. Layer observation date unverified.
212011551,Pakenham - South East,1,green_space_per_resident,107.71711535522066,limited,,Sample public-open-space filter includes sports grounds and natural open space that can include river land/water. Not confirmed vegetation or current access. Inventory completeness/date unverified. Denominator is preliminary 2025 ERP.
212011551,Pakenham - South East,1,population_growth,9.058728881737732,available,,"2025 ERP is preliminary; historical estimated change, not a forecast."
212011551,Pakenham - South East,1,rent_weekly,335.0,available,,Historical reported rent; not current advertised rent.
212011551,Pakenham - South East,1,transport_access,0.3729856202102369,limited,1.0,Sample area-weighted raw index over covered land only. Weighting and minimum coverage are unapproved; no approved benchmark or percentile. Layer observation date unverified.
212011552,Pakenham - South West,1,green_space_per_resident,53.85353927419361,limited,,Sample public-open-space filter includes sports grounds and natural open space that can include river land/water. Not confirmed vegetation or current access. Inventory completeness/date unverified. Denominator is preliminary 2025 ERP.
212011552,Pakenham - South West,1,population_growth,2.946653521743893,available,,"2025 ERP is preliminary; historical estimated change, not a forecast."
212011552,Pakenham - South West,1,rent_weekly,369.0,available,,Historical reported rent; not current advertised rent.
212011552,Pakenham - South West,1,transport_access,1.089506612899931,limited,1.0,Sample area-weighted raw index over covered land only. Weighting and minimum coverage are unapproved; no approved benchmark or percentile. Layer observation date unverified.
212021293,Berwick - North,1,green_space_per_resident,162.8124327450879,limited,,Sample public-open-space filter includes sports grounds and natural open space that can include river land/water. Not confirmed vegetation or current access. Inventory completeness/date unverified. Denominator is preliminary 2025 ERP.
212021293,Berwick - North,1,population_growth,-0.3078869675242514,available,,"2025 ERP is preliminary; historical estimated change, not a forecast."
212021293,Berwick - North,1,rent_weekly,380.0,available,,Historical reported rent; not current advertised rent.
212021293,Berwick - North,1,transport_access,2.314470060727751,limited,0.9999999999999803,Sample area-weighted raw index over covered land only. Weighting and minimum coverage are unapproved; no approved benchmark or percentile. Layer observation date unverified.
212021295,Doveton,1,green_space_per_resident,72.57261172591085,limited,,Sample public-open-space filter includes sports grounds and natural open space that can include river land/water. Not confirmed vegetation or current access. Inventory completeness/date unverified. Denominator is preliminary 2025 ERP.
212021295,Doveton,1,population_growth,3.036841684647966,available,,"2025 ERP is preliminary; historical estimated change, not a forecast."
212021295,Doveton,1,rent_weekly,320.0,available,,Historical reported rent; not current advertised rent.
212021295,Doveton,1,transport_access,3.908096091543144,limited,0.9999999999999912,Sample area-weighted raw index over covered land only. Weighting and minimum coverage are unapproved; no approved benchmark or percentile. Layer observation date unverified.
212021297,Hallam,1,green_space_per_resident,47.91946755764748,limited,,Sample public-open-space filter includes sports grounds and natural open space that can include river land/water. Not confirmed vegetation or current access. Inventory completeness/date unverified. Denominator is preliminary 2025 ERP.
212021297,Hallam,1,population_growth,0.3425802139037433,available,,"2025 ERP is preliminary; historical estimated change, not a forecast."
212021297,Hallam,1,rent_weekly,361.0,available,,Historical reported rent; not current advertised rent.
212021297,Hallam,1,transport_access,2.7833619726378047,limited,0.9999999999999889,Sample area-weighted raw index over covered land only. Weighting and minimum coverage are unapproved; no approved benchmark or percentile. Layer observation date unverified.
212021299,Narre Warren North,1,green_space_per_resident,330.92947087313263,limited,,Sample public-open-space filter includes sports grounds and natural open space that can include river land/water. Not confirmed vegetation or current access. Inventory completeness/date unverified. Denominator is preliminary 2025 ERP.
212021299,Narre Warren North,1,population_growth,-1.5301852958756725,available,,"2025 ERP is preliminary; historical estimated change, not a forecast."
212021299,Narre Warren North,1,rent_weekly,400.0,available,,Historical reported rent; not current advertised rent.
212021299,Narre Warren North,1,transport_access,0.13620204946665776,limited,1.0,Sample area-weighted raw index over covered land only. Weighting and minimum coverage are unapproved; no approved benchmark or percentile. Layer observation date unverified.
212021453,Endeavour Hills - North,1,green_space_per_resident,420.01171630064914,limited,,Sample public-open-space filter includes sports grounds and natural open space that can include river land/water. Not confirmed vegetation or current access. Inventory completeness/date unverified. Denominator is preliminary 2025 ERP.
212021453,Endeavour Hills - North,1,population_growth,-2.27163268582437,available,,"2025 ERP is preliminary; historical estimated change, not a forecast."
212021453,Endeavour Hills - North,1,rent_weekly,369.0,available,,Historical reported rent; not current advertised rent.
212021453,Endeavour Hills - North,1,transport_access,1.0812450112612089,limited,1.0,Sample area-weighted raw index over covered land only. Weighting and minimum coverage are unapproved; no approved benchmark or percentile. Layer observation date unverified.
212021454,Endeavour Hills - South,1,green_space_per_resident,33.84514628706076,limited,,Sample public-open-space filter includes sports grounds and natural open space that can include river land/water. Not confirmed vegetation or current access. Inventory completeness/date unverified. Denominator is preliminary 2025 ERP.
212021454,Endeavour Hills - South,1,population_growth,-2.2101841820151678,available,,"2025 ERP is preliminary; historical estimated change, not a forecast."
212021454,Endeavour Hills - South,1,rent_weekly,383.0,available,,Historical reported rent; not current advertised rent.
212021454,Endeavour Hills - South,1,transport_access,3.9791936480719423,limited,0.9999999999999865,Sample area-weighted raw index over covered land only. Weighting and minimum coverage are unapproved; no approved benchmark or percentile. Layer observation date unverified.
212021455,Narre Warren - North East,1,green_space_per_resident,46.355837495287425,limited,,Sample public-open-space filter includes sports grounds and natural open space that can include river land/water. Not confirmed vegetation or current access. Inventory completeness/date unverified. Denominator is preliminary 2025 ERP.
212021455,Narre Warren - North East,1,population_growth,-1.9441244239631337,available,,"2025 ERP is preliminary; historical estimated change, not a forecast."
212021455,Narre Warren - North East,1,rent_weekly,370.0,available,,Historical reported rent; not current advertised rent.
212021455,Narre Warren - North East,1,transport_access,2.080781492390333,limited,0.9999999999999954,Sample area-weighted raw index over covered land only. Weighting and minimum coverage are unapproved; no approved benchmark or percentile. Layer observation date unverified.
212021456,Narre Warren - South West,1,green_space_per_resident,93.85429972579416,limited,,Sample public-open-space filter includes sports grounds and natural open space that can include river land/water. Not confirmed vegetation or current access. Inventory completeness/date unverified. Denominator is preliminary 2025 ERP.
212021456,Narre Warren - South West,1,population_growth,2.069874752801582,available,,"2025 ERP is preliminary; historical estimated change, not a forecast."
212021456,Narre Warren - South West,1,rent_weekly,360.0,available,,Historical reported rent; not current advertised rent.
212021456,Narre Warren - South West,1,transport_access,3.649603694673221,limited,1.0,Sample area-weighted raw index over covered land only. Weighting and minimum coverage are unapproved; no approved benchmark or percentile. Layer observation date unverified.
212021553,Berwick - South East,1,green_space_per_resident,41.815437489817675,limited,,Sample public-open-space filter includes sports grounds and natural open space that can include river land/water. Not confirmed vegetation or current access. Inventory completeness/date unverified. Denominator is preliminary 2025 ERP.
212021553,Berwick - South East,1,population_growth,15.856720415109077,available,,"2025 ERP is preliminary; historical estimated change, not a forecast."
212021553,Berwick - South East,1,rent_weekly,430.0,available,,Historical reported rent; not current advertised rent.
212021553,Berwick - South East,1,transport_access,2.023375943193799,limited,0.9999999999999836,Sample area-weighted raw index over covered land only. Weighting and minimum coverage are unapproved; no approved benchmark or percentile. Layer observation date unverified.
212021554,Berwick - South West,1,green_space_per_resident,65.9977720052646,limited,,Sample public-open-space filter includes sports grounds and natural open space that can include river land/water. Not confirmed vegetation or current access. Inventory completeness/date unverified. Denominator is preliminary 2025 ERP.
212021554,Berwick - South West,1,population_growth,18.283315469810645,available,,"2025 ERP is preliminary; historical estimated change, not a forecast."
212021554,Berwick - South West,1,rent_weekly,400.0,available,,Historical reported rent; not current advertised rent.
212021554,Berwick - South West,1,transport_access,1.7797629944237694,limited,1.0,Sample area-weighted raw index over covered land only. Weighting and minimum coverage are unapproved; no approved benchmark or percentile. Layer observation date unverified.
212031300,Cranbourne,1,green_space_per_resident,71.82320175144719,limited,,Sample public-open-space filter includes sports grounds and natural open space that can include river land/water. Not confirmed vegetation or current access. Inventory completeness/date unverified. Denominator is preliminary 2025 ERP.
212031300,Cranbourne,1,population_growth,4.775527153601255,available,,"2025 ERP is preliminary; historical estimated change, not a forecast."
212031300,Cranbourne,1,rent_weekly,342.0,available,,Historical reported rent; not current advertised rent.
212031300,Cranbourne,1,transport_access,3.3112442798754436,limited,0.9999999999999738,Sample area-weighted raw index over covered land only. Weighting and minimum coverage are unapproved; no approved benchmark or percentile. Layer observation date unverified.
212031303,Cranbourne South,1,green_space_per_resident,16.178194907155834,limited,,Sample public-open-space filter includes sports grounds and natural open space that can include river land/water. Not confirmed vegetation or current access. Inventory completeness/date unverified. Denominator is preliminary 2025 ERP.
212031303,Cranbourne South,1,population_growth,77.85287236807902,available,,"2025 ERP is preliminary; historical estimated change, not a forecast."
212031303,Cranbourne South,1,rent_weekly,408.0,available,,Historical reported rent; not current advertised rent.
212031303,Cranbourne South,1,transport_access,0.11891807778572264,limited,0.9999999999999932,Sample area-weighted raw index over covered land only. Weighting and minimum coverage are unapproved; no approved benchmark or percentile. Layer observation date unverified.
212031304,Cranbourne West,1,green_space_per_resident,26.04511232368024,limited,,Sample public-open-space filter includes sports grounds and natural open space that can include river land/water. Not confirmed vegetation or current access. Inventory completeness/date unverified. Denominator is preliminary 2025 ERP.
212031304,Cranbourne West,1,population_growth,22.154598169358316,available,,"2025 ERP is preliminary; historical estimated change, not a forecast."
212031304,Cranbourne West,1,rent_weekly,380.0,available,,Historical reported rent; not current advertised rent.
212031304,Cranbourne West,1,transport_access,1.3086532520536558,limited,0.9999999999999895,Sample area-weighted raw index over covered land only. Weighting and minimum coverage are unapproved; no approved benchmark or percentile. Layer observation date unverified.
212031306,Lynbrook - Lyndhurst,1,green_space_per_resident,32.59075842736156,limited,,Sample public-open-space filter includes sports grounds and natural open space that can include river land/water. Not confirmed vegetation or current access. Inventory completeness/date unverified. Denominator is preliminary 2025 ERP.
212031306,Lynbrook - Lyndhurst,1,population_growth,7.876145269897339,available,,"2025 ERP is preliminary; historical estimated change, not a forecast."
212031306,Lynbrook - Lyndhurst,1,rent_weekly,416.0,available,,Historical reported rent; not current advertised rent.
212031306,Lynbrook - Lyndhurst,1,transport_access,3.1196558546108037,limited,0.9999999999999925,Sample area-weighted raw index over covered land only. Weighting and minimum coverage are unapproved; no approved benchmark or percentile. Layer observation date unverified.
212031308,Pearcedale - Tooradin,1,green_space_per_resident,299.52873914128,limited,,Sample public-open-space filter includes sports grounds and natural open space that can include river land/water. Not confirmed vegetation or current access. Inventory completeness/date unverified. Denominator is preliminary 2025 ERP.
212031308,Pearcedale - Tooradin,1,population_growth,1.6216216216216217,available,,"2025 ERP is preliminary; historical estimated change, not a forecast."
212031308,Pearcedale - Tooradin,1,rent_weekly,370.0,available,,Historical reported rent; not current advertised rent.
212031308,Pearcedale - Tooradin,1,transport_access,0.04993803745490104,limited,0.8892172560723409,Sample area-weighted raw index over covered land only. Weighting and minimum coverage are unapproved; no approved benchmark or percentile. Layer observation date unverified.
212031457,Narre Warren South - East,1,green_space_per_resident,83.11117486370782,limited,,Sample public-open-space filter includes sports grounds and natural open space that can include river land/water. Not confirmed vegetation or current access. Inventory completeness/date unverified. Denominator is preliminary 2025 ERP.
212031457,Narre Warren South - East,1,population_growth,-2.9440262353730344,available,,"2025 ERP is preliminary; historical estimated change, not a forecast."
212031457,Narre Warren South - East,1,rent_weekly,430.0,available,,Historical reported rent; not current advertised rent.
212031457,Narre Warren South - East,1,transport_access,2.6365480689645646,limited,0.9999999999999833,Sample area-weighted raw index over covered land only. Weighting and minimum coverage are unapproved; no approved benchmark or percentile. Layer observation date unverified.
212031458,Narre Warren South - West,1,green_space_per_resident,42.4694583749537,limited,,Sample public-open-space filter includes sports grounds and natural open space that can include river land/water. Not confirmed vegetation or current access. Inventory completeness/date unverified. Denominator is preliminary 2025 ERP.
212031458,Narre Warren South - West,1,population_growth,-1.5729430744411155,available,,"2025 ERP is preliminary; historical estimated change, not a forecast."
212031458,Narre Warren South - West,1,rent_weekly,392.0,available,,Historical reported rent; not current advertised rent.
212031458,Narre Warren South - West,1,transport_access,3.0251972298946095,limited,1.0,Sample area-weighted raw index over covered land only. Weighting and minimum coverage are unapproved; no approved benchmark or percentile. Layer observation date unverified.
212031555,Clyde North - North,1,green_space_per_resident,7.797473442663008,limited,,Sample public-open-space filter includes sports grounds and natural open space that can include river land/water. Not confirmed vegetation or current access. Inventory completeness/date unverified. Denominator is preliminary 2025 ERP.
212031555,Clyde North - North,1,population_growth,48.280351524357165,available,,"2025 ERP is preliminary; historical estimated change, not a forecast."
212031555,Clyde North - North,1,rent_weekly,421.0,available,,Historical reported rent; not current advertised rent.
212031555,Clyde North - North,1,transport_access,0.5129465897633715,limited,0.999999999999981,Sample area-weighted raw index over covered land only. Weighting and minimum coverage are unapproved; no approved benchmark or percentile. Layer observation date unverified.
212031556,Clyde North - South,1,green_space_per_resident,1.4476566750337445,limited,,Sample public-open-space filter includes sports grounds and natural open space that can include river land/water. Not confirmed vegetation or current access. Inventory completeness/date unverified. Denominator is preliminary 2025 ERP.
212031556,Clyde North - South,1,population_growth,137.97043010752688,available,,"2025 ERP is preliminary; historical estimated change, not a forecast."
212031556,Clyde North - South,1,rent_weekly,410.0,available,,Historical reported rent; not current advertised rent.
212031556,Clyde North - South,1,transport_access,0.5963726065491153,limited,1.0,Sample area-weighted raw index over covered land only. Weighting and minimum coverage are unapproved; no approved benchmark or percentile. Layer observation date unverified.
212031557,Cranbourne East - North,1,green_space_per_resident,21.772731141684783,limited,,Sample public-open-space filter includes sports grounds and natural open space that can include river land/water. Not confirmed vegetation or current access. Inventory completeness/date unverified. Denominator is preliminary 2025 ERP.
212031557,Cranbourne East - North,1,population_growth,7.385391720834758,available,,"2025 ERP is preliminary; historical estimated change, not a forecast."
212031557,Cranbourne East - North,1,rent_weekly,400.0,available,,Historical reported rent; not current advertised rent.
212031557,Cranbourne East - North,1,transport_access,1.9492476767133167,limited,1.0,Sample area-weighted raw index over covered land only. Weighting and minimum coverage are unapproved; no approved benchmark or percentile. Layer observation date unverified.
212031558,Cranbourne East - South,1,green_space_per_resident,59.50711622874816,limited,,Sample public-open-space filter includes sports grounds and natural open space that can include river land/water. Not confirmed vegetation or current access. Inventory completeness/date unverified. Denominator is preliminary 2025 ERP.
212031558,Cranbourne East - South,1,population_growth,40.197841726618705,available,,"2025 ERP is preliminary; historical estimated change, not a forecast."
212031558,Cranbourne East - South,1,rent_weekly,401.0,available,,Historical reported rent; not current advertised rent.
212031558,Cranbourne East - South,1,transport_access,0.7056776912410545,limited,0.9999999999999882,Sample area-weighted raw index over covered land only. Weighting and minimum coverage are unapproved; no approved benchmark or percentile. Layer observation date unverified.
212031559,Cranbourne North - East,1,green_space_per_resident,14.778987534074782,limited,,Sample public-open-space filter includes sports grounds and natural open space that can include river land/water. Not confirmed vegetation or current access. Inventory completeness/date unverified. Denominator is preliminary 2025 ERP.
212031559,Cranbourne North - East,1,population_growth,8.160846895244115,available,,"2025 ERP is preliminary; historical estimated change, not a forecast."
212031559,Cranbourne North - East,1,rent_weekly,401.0,available,,Historical reported rent; not current advertised rent.
212031559,Cranbourne North - East,1,transport_access,1.4308750160093682,limited,1.0,Sample area-weighted raw index over covered land only. Weighting and minimum coverage are unapproved; no approved benchmark or percentile. Layer observation date unverified.
212031560,Cranbourne North - West,1,green_space_per_resident,22.643402294138415,limited,,Sample public-open-space filter includes sports grounds and natural open space that can include river land/water. Not confirmed vegetation or current access. Inventory completeness/date unverified. Denominator is preliminary 2025 ERP.
212031560,Cranbourne North - West,1,population_growth,-0.1135718341851221,available,,"2025 ERP is preliminary; historical estimated change, not a forecast."
212031560,Cranbourne North - West,1,rent_weekly,355.0,available,,Historical reported rent; not current advertised rent.
212031560,Cranbourne North - West,1,transport_access,2.8805248855418184,limited,1.0,Sample area-weighted raw index over covered land only. Weighting and minimum coverage are unapproved; no approved benchmark or percentile. Layer observation date unverified.
212031561,Hampton Park - East,1,green_space_per_resident,112.60854674174061,limited,,Sample public-open-space filter includes sports grounds and natural open space that can include river land/water. Not confirmed vegetation or current access. Inventory completeness/date unverified. Denominator is preliminary 2025 ERP.
212031561,Hampton Park - East,1,population_growth,0.05229344090841177,available,,"2025 ERP is preliminary; historical estimated change, not a forecast."
212031561,Hampton Park - East,1,rent_weekly,355.0,available,,Historical reported rent; not current advertised rent.
212031561,Hampton Park - East,1,transport_access,2.1143358899117795,limited,0.9999999999999926,Sample area-weighted raw index over covered land only. Weighting and minimum coverage are unapproved; no approved benchmark or percentile. Layer observation date unverified.
212031562,Hampton Park - West,1,green_space_per_resident,65.83251716280627,limited,,Sample public-open-space filter includes sports grounds and natural open space that can include river land/water. Not confirmed vegetation or current access. Inventory completeness/date unverified. Denominator is preliminary 2025 ERP.
212031562,Hampton Park - West,1,population_growth,-1.6524787180771157,available,,"2025 ERP is preliminary; historical estimated change, not a forecast."
212031562,Hampton Park - West,1,rent_weekly,350.0,available,,Historical reported rent; not current advertised rent.
212031562,Hampton Park - West,1,transport_access,3.1143191756837614,limited,0.9999999999999986,Sample area-weighted raw index over covered land only. Weighting and minimum coverage are unapproved; no approved benchmark or percentile. Layer observation date unverified.
212041309,Clarinda - Oakleigh South,1,green_space_per_resident,30.723220635501107,limited,,Sample public-open-space filter includes sports grounds and natural open space that can include river land/water. Not confirmed vegetation or current access. Inventory completeness/date unverified. Denominator is preliminary 2025 ERP.
212041309,Clarinda - Oakleigh South,1,population_growth,-3.2388330311521343,available,,"2025 ERP is preliminary; historical estimated change, not a forecast."
212041309,Clarinda - Oakleigh South,1,rent_weekly,400.0,available,,Historical reported rent; not current advertised rent.
212041309,Clarinda - Oakleigh South,1,transport_access,4.356821066629867,limited,1.0,Sample area-weighted raw index over covered land only. Weighting and minimum coverage are unapproved; no approved benchmark or percentile. Layer observation date unverified.
212041310,Clayton South,1,green_space_per_resident,38.32152227675152,limited,,Sample public-open-space filter includes sports grounds and natural open space that can include river land/water. Not confirmed vegetation or current access. Inventory completeness/date unverified. Denominator is preliminary 2025 ERP.
212041310,Clayton South,1,population_growth,8.45816845675523,available,,"2025 ERP is preliminary; historical estimated change, not a forecast."
212041310,Clayton South,1,rent_weekly,381.0,available,,Historical reported rent; not current advertised rent.
212041310,Clayton South,1,transport_access,4.714718759572069,limited,1.0,Sample area-weighted raw index over covered land only. Weighting and minimum coverage are unapproved; no approved benchmark or percentile. Layer observation date unverified.
212041312,Dandenong North,1,green_space_per_resident,74.92229263281756,limited,,Sample public-open-space filter includes sports grounds and natural open space that can include river land/water. Not confirmed vegetation or current access. Inventory completeness/date unverified. Denominator is preliminary 2025 ERP.
212041312,Dandenong North,1,population_growth,-1.1160431198478122,available,,"2025 ERP is preliminary; historical estimated change, not a forecast."
212041312,Dandenong North,1,rent_weekly,341.0,available,,Historical reported rent; not current advertised rent.
212041312,Dandenong North,1,transport_access,3.398191363101108,limited,1.0,Sample area-weighted raw index over covered land only. Weighting and minimum coverage are unapproved; no approved benchmark or percentile. Layer observation date unverified.
212041313,Dingley Village,1,green_space_per_resident,33.42770065282571,limited,,Sample public-open-space filter includes sports grounds and natural open space that can include river land/water. Not confirmed vegetation or current access. Inventory completeness/date unverified. Denominator is preliminary 2025 ERP.
212041313,Dingley Village,1,population_growth,0.3166915052160954,available,,"2025 ERP is preliminary; historical estimated change, not a forecast."
212041313,Dingley Village,1,rent_weekly,450.0,available,,Historical reported rent; not current advertised rent.
212041313,Dingley Village,1,transport_access,2.0271985501890635,limited,0.9999999999999964,Sample area-weighted raw index over covered land only. Weighting and minimum coverage are unapproved; no approved benchmark or percentile. Layer observation date unverified.
212041316,Noble Park North,1,green_space_per_resident,29.741390498407156,limited,,Sample public-open-space filter includes sports grounds and natural open space that can include river land/water. Not confirmed vegetation or current access. Inventory completeness/date unverified. Denominator is preliminary 2025 ERP.
212041316,Noble Park North,1,population_growth,-2.1772738984797733,available,,"2025 ERP is preliminary; historical estimated change, not a forecast."
212041316,Noble Park North,1,rent_weekly,351.0,available,,Historical reported rent; not current advertised rent.
212041316,Noble Park North,1,transport_access,2.664524229643544,limited,1.0,Sample area-weighted raw index over covered land only. Weighting and minimum coverage are unapproved; no approved benchmark or percentile. Layer observation date unverified.
212041317,Springvale,1,green_space_per_resident,10.954037320245764,limited,,Sample public-open-space filter includes sports grounds and natural open space that can include river land/water. Not confirmed vegetation or current access. Inventory completeness/date unverified. Denominator is preliminary 2025 ERP.
212041317,Springvale,1,population_growth,3.45877378435518,available,,"2025 ERP is preliminary; historical estimated change, not a forecast."
212041317,Springvale,1,rent_weekly,356.0,available,,Historical reported rent; not current advertised rent.
212041317,Springvale,1,transport_access,5.1253265206367296,limited,1.0,Sample area-weighted raw index over covered land only. Weighting and minimum coverage are unapproved; no approved benchmark or percentile. Layer observation date unverified.
212041318,Springvale South,1,green_space_per_resident,45.19895505792304,limited,,Sample public-open-space filter includes sports grounds and natural open space that can include river land/water. Not confirmed vegetation or current access. Inventory completeness/date unverified. Denominator is preliminary 2025 ERP.
212041318,Springvale South,1,population_growth,-0.15795411808950732,available,,"2025 ERP is preliminary; historical estimated change, not a forecast."
212041318,Springvale South,1,rent_weekly,355.0,available,,Historical reported rent; not current advertised rent.
212041318,Springvale South,1,transport_access,3.5573849738435834,limited,0.9999999999999691,Sample area-weighted raw index over covered land only. Weighting and minimum coverage are unapproved; no approved benchmark or percentile. Layer observation date unverified.
212041459,Noble Park - East,1,green_space_per_resident,20.16875895637213,limited,,Sample public-open-space filter includes sports grounds and natural open space that can include river land/water. Not confirmed vegetation or current access. Inventory completeness/date unverified. Denominator is preliminary 2025 ERP.
212041459,Noble Park - East,1,population_growth,2.4255788313120177,available,,"2025 ERP is preliminary; historical estimated change, not a forecast."
212041459,Noble Park - East,1,rent_weekly,331.0,available,,Historical reported rent; not current advertised rent.
212041459,Noble Park - East,1,transport_access,4.541028861423511,limited,1.0,Sample area-weighted raw index over covered land only. Weighting and minimum coverage are unapproved; no approved benchmark or percentile. Layer observation date unverified.
212041460,Noble Park - West,1,green_space_per_resident,6.381541206882406,limited,,Sample public-open-space filter includes sports grounds and natural open space that can include river land/water. Not confirmed vegetation or current access. Inventory completeness/date unverified. Denominator is preliminary 2025 ERP.
212041460,Noble Park - West,1,population_growth,1.1661807580174928,available,,"2025 ERP is preliminary; historical estimated change, not a forecast."
212041460,Noble Park - West,1,rent_weekly,346.0,available,,Historical reported rent; not current advertised rent.
212041460,Noble Park - West,1,transport_access,5.137392883619895,limited,0.999999999999958,Sample area-weighted raw index over covered land only. Weighting and minimum coverage are unapproved; no approved benchmark or percentile. Layer observation date unverified.
212041563,Dandenong - North,1,green_space_per_resident,54.51118059505309,limited,,Sample public-open-space filter includes sports grounds and natural open space that can include river land/water. Not confirmed vegetation or current access. Inventory completeness/date unverified. Denominator is preliminary 2025 ERP.
212041563,Dandenong - North,1,population_growth,1.3688510342430036,available,,"2025 ERP is preliminary; historical estimated change, not a forecast."
212041563,Dandenong - North,1,rent_weekly,310.0,available,,Historical reported rent; not current advertised rent.
212041563,Dandenong - North,1,transport_access,8.822577776065225,limited,0.99999999999996,Sample area-weighted raw index over covered land only. Weighting and minimum coverage are unapproved; no approved benchmark or percentile. Layer observation date unverified.
212041564,Dandenong - South,1,green_space_per_resident,332.45733782557926,limited,,Sample public-open-space filter includes sports grounds and natural open space that can include river land/water. Not confirmed vegetation or current access. Inventory completeness/date unverified. Denominator is preliminary 2025 ERP.
212041564,Dandenong - South,1,population_growth,1.424530208122853,available,,"2025 ERP is preliminary; historical estimated change, not a forecast."
212041564,Dandenong - South,1,rent_weekly,341.0,available,,Historical reported rent; not current advertised rent.
212041564,Dandenong - South,1,transport_access,1.2454401866978537,limited,1.0,Sample area-weighted raw index over covered land only. Weighting and minimum coverage are unapproved; no approved benchmark or percentile. Layer observation date unverified.
212041565,Keysborough - North,1,green_space_per_resident,31.70989378280665,limited,,Sample public-open-space filter includes sports grounds and natural open space that can include river land/water. Not confirmed vegetation or current access. Inventory completeness/date unverified. Denominator is preliminary 2025 ERP.
212041565,Keysborough - North,1,population_growth,-3.534157116332672,available,,"2025 ERP is preliminary; historical estimated change, not a forecast."
212041565,Keysborough - North,1,rent_weekly,381.0,available,,Historical reported rent; not current advertised rent.
212041565,Keysborough - North,1,transport_access,3.710320393584292,limited,0.999999999999992,Sample area-weighted raw index over covered land only. Weighting and minimum coverage are unapproved; no approved benchmark or percentile. Layer observation date unverified.
212041566,Keysborough - South,1,green_space_per_resident,91.34961030523337,limited,,Sample public-open-space filter includes sports grounds and natural open space that can include river land/water. Not confirmed vegetation or current access. Inventory completeness/date unverified. Denominator is preliminary 2025 ERP.
212041566,Keysborough - South,1,population_growth,14.763660744217232,available,,"2025 ERP is preliminary; historical estimated change, not a forecast."
212041566,Keysborough - South,1,rent_weekly,520.0,available,,Historical reported rent; not current advertised rent.
212041566,Keysborough - South,1,transport_access,0.7418219245353435,limited,1.0,Sample area-weighted raw index over covered land only. Weighting and minimum coverage are unapproved; no approved benchmark or percentile. Layer observation date unverified.
212051319,Ashwood - Chadstone,1,green_space_per_resident,28.10102868454166,limited,,Sample public-open-space filter includes sports grounds and natural open space that can include river land/water. Not confirmed vegetation or current access. Inventory completeness/date unverified. Denominator is preliminary 2025 ERP.
212051319,Ashwood - Chadstone,1,population_growth,4.010037394213738,available,,"2025 ERP is preliminary; historical estimated change, not a forecast."
212051319,Ashwood - Chadstone,1,rent_weekly,415.0,available,,Historical reported rent; not current advertised rent.
212051319,Ashwood - Chadstone,1,transport_access,8.47857946237058,limited,0.9999999999999672,Sample area-weighted raw index over covered land only. Weighting and minimum coverage are unapproved; no approved benchmark or percentile. Layer observation date unverified.
212051321,Glen Waverley - East,1,green_space_per_resident,50.46217786470877,limited,,Sample public-open-space filter includes sports grounds and natural open space that can include river land/water. Not confirmed vegetation or current access. Inventory completeness/date unverified. Denominator is preliminary 2025 ERP.
212051321,Glen Waverley - East,1,population_growth,0.5995415270675366,available,,"2025 ERP is preliminary; historical estimated change, not a forecast."
212051321,Glen Waverley - East,1,rent_weekly,500.0,available,,Historical reported rent; not current advertised rent.
212051321,Glen Waverley - East,1,transport_access,6.557375503822463,limited,1.0,Sample area-weighted raw index over covered land only. Weighting and minimum coverage are unapproved; no approved benchmark or percentile. Layer observation date unverified.
212051322,Glen Waverley - West,1,green_space_per_resident,22.944097582369267,limited,,Sample public-open-space filter includes sports grounds and natural open space that can include river land/water. Not confirmed vegetation or current access. Inventory completeness/date unverified. Denominator is preliminary 2025 ERP.
212051322,Glen Waverley - West,1,population_growth,7.609944395937687,available,,"2025 ERP is preliminary; historical estimated change, not a forecast."
212051322,Glen Waverley - West,1,rent_weekly,462.0,available,,Historical reported rent; not current advertised rent.
212051322,Glen Waverley - West,1,transport_access,8.996311287214436,limited,0.9999999999999888,Sample area-weighted raw index over covered land only. Weighting and minimum coverage are unapproved; no approved benchmark or percentile. Layer observation date unverified.
212051323,Mount Waverley - North,1,green_space_per_resident,23.68881942335498,limited,,Sample public-open-space filter includes sports grounds and natural open space that can include river land/water. Not confirmed vegetation or current access. Inventory completeness/date unverified. Denominator is preliminary 2025 ERP.
212051323,Mount Waverley - North,1,population_growth,5.063367169199351,available,,"2025 ERP is preliminary; historical estimated change, not a forecast."
212051323,Mount Waverley - North,1,rent_weekly,485.0,available,,Historical reported rent; not current advertised rent.
212051323,Mount Waverley - North,1,transport_access,6.142862229129363,limited,1.0,Sample area-weighted raw index over covered land only. Weighting and minimum coverage are unapproved; no approved benchmark or percentile. Layer observation date unverified.
212051324,Mount Waverley - South,1,green_space_per_resident,39.21089258669153,limited,,Sample public-open-space filter includes sports grounds and natural open space that can include river land/water. Not confirmed vegetation or current access. Inventory completeness/date unverified. Denominator is preliminary 2025 ERP.
212051324,Mount Waverley - South,1,population_growth,2.9757750971986843,available,,"2025 ERP is preliminary; historical estimated change, not a forecast."
212051324,Mount Waverley - South,1,rent_weekly,470.0,available,,Historical reported rent; not current advertised rent.
212051324,Mount Waverley - South,1,transport_access,7.156839830684479,limited,0.999999999999997,Sample area-weighted raw index over covered land only. Weighting and minimum coverage are unapproved; no approved benchmark or percentile. Layer observation date unverified.
212051325,Mulgrave,1,green_space_per_resident,33.63260672939348,limited,,Sample public-open-space filter includes sports grounds and natural open space that can include river land/water. Not confirmed vegetation or current access. Inventory completeness/date unverified. Denominator is preliminary 2025 ERP.
212051325,Mulgrave,1,population_growth,1.8069378683930815,available,,"2025 ERP is preliminary; historical estimated change, not a forecast."
212051325,Mulgrave,1,rent_weekly,430.0,available,,Historical reported rent; not current advertised rent.
212051325,Mulgrave,1,transport_access,4.689509696091906,limited,0.9999999999999906,Sample area-weighted raw index over covered land only. Weighting and minimum coverage are unapproved; no approved benchmark or percentile. Layer observation date unverified.
212051326,Oakleigh - Huntingdale,1,green_space_per_resident,20.592941010606115,limited,,Sample public-open-space filter includes sports grounds and natural open space that can include river land/water. Not confirmed vegetation or current access. Inventory completeness/date unverified. Denominator is preliminary 2025 ERP.
212051326,Oakleigh - Huntingdale,1,population_growth,7.191939631550103,available,,"2025 ERP is preliminary; historical estimated change, not a forecast."
212051326,Oakleigh - Huntingdale,1,rent_weekly,415.0,available,,Historical reported rent; not current advertised rent.
212051326,Oakleigh - Huntingdale,1,transport_access,10.884592780480075,limited,0.9999999999999971,Sample area-weighted raw index over covered land only. Weighting and minimum coverage are unapproved; no approved benchmark or percentile. Layer observation date unverified.
212051327,Wheelers Hill,1,green_space_per_resident,104.75876239274231,limited,,Sample public-open-space filter includes sports grounds and natural open space that can include river land/water. Not confirmed vegetation or current access. Inventory completeness/date unverified. Denominator is preliminary 2025 ERP.
212051327,Wheelers Hill,1,population_growth,0.41523144434483084,available,,"2025 ERP is preliminary; historical estimated change, not a forecast."
212051327,Wheelers Hill,1,rent_weekly,481.0,available,,Historical reported rent; not current advertised rent.
212051327,Wheelers Hill,1,transport_access,4.564557743022676,limited,1.0,Sample area-weighted raw index over covered land only. Weighting and minimum coverage are unapproved; no approved benchmark or percentile. Layer observation date unverified.
212051567,Clayton (North) - Notting Hill,1,green_space_per_resident,3.6100588560557325,limited,,Sample public-open-space filter includes sports grounds and natural open space that can include river land/water. Not confirmed vegetation or current access. Inventory completeness/date unverified. Denominator is preliminary 2025 ERP.
212051567,Clayton (North) - Notting Hill,1,population_growth,27.281263337601366,available,,"2025 ERP is preliminary; historical estimated change, not a forecast."
212051567,Clayton (North) - Notting Hill,1,rent_weekly,380.0,available,,Historical reported rent; not current advertised rent.
212051567,Clayton (North) - Notting Hill,1,transport_access,7.481761061565448,limited,1.0,Sample area-weighted raw index over covered land only. Weighting and minimum coverage are unapproved; no approved benchmark or percentile. Layer observation date unverified.
212051568,Clayton - Central,1,green_space_per_resident,5.051917917677799,limited,,Sample public-open-space filter includes sports grounds and natural open space that can include river land/water. Not confirmed vegetation or current access. Inventory completeness/date unverified. Denominator is preliminary 2025 ERP.
212051568,Clayton - Central,1,population_growth,10.379981464318814,available,,"2025 ERP is preliminary; historical estimated change, not a forecast."
212051568,Clayton - Central,1,rent_weekly,401.0,available,,Historical reported rent; not current advertised rent.
212051568,Clayton - Central,1,transport_access,8.772124256912841,limited,1.0,Sample area-weighted raw index over covered land only. Weighting and minimum coverage are unapproved; no approved benchmark or percentile. Layer observation date unverified.
213011328,Ardeer - Albion,1,green_space_per_resident,136.33168818131557,limited,,Sample public-open-space filter includes sports grounds and natural open space that can include river land/water. Not confirmed vegetation or current access. Inventory completeness/date unverified. Denominator is preliminary 2025 ERP.
213011328,Ardeer - Albion,1,population_growth,-1.5713932195001237,available,,"2025 ERP is preliminary; historical estimated change, not a forecast."
213011328,Ardeer - Albion,1,rent_weekly,320.0,available,,Historical reported rent; not current advertised rent.
213011328,Ardeer - Albion,1,transport_access,6.889692953131173,limited,1.0,Sample area-weighted raw index over covered land only. Weighting and minimum coverage are unapproved; no approved benchmark or percentile. Layer observation date unverified.
213011329,Cairnlea,1,green_space_per_resident,72.80149172895673,limited,,Sample public-open-space filter includes sports grounds and natural open space that can include river land/water. Not confirmed vegetation or current access. Inventory completeness/date unverified. Denominator is preliminary 2025 ERP.
213011329,Cairnlea,1,population_growth,-4.519505233111323,available,,"2025 ERP is preliminary; historical estimated change, not a forecast."
213011329,Cairnlea,1,rent_weekly,400.0,available,,Historical reported rent; not current advertised rent.
213011329,Cairnlea,1,transport_access,2.5908129395370816,limited,0.9999999999999822,Sample area-weighted raw index over covered land only. Weighting and minimum coverage are unapproved; no approved benchmark or percentile. Layer observation date unverified.
213011331,Delahey,1,green_space_per_resident,23.460517590815805,limited,,Sample public-open-space filter includes sports grounds and natural open space that can include river land/water. Not confirmed vegetation or current access. Inventory completeness/date unverified. Denominator is preliminary 2025 ERP.
213011331,Delahey,1,population_growth,-7.898746044767374,available,,"2025 ERP is preliminary; historical estimated change, not a forecast."
213011331,Delahey,1,rent_weekly,350.0,available,,Historical reported rent; not current advertised rent.
213011331,Delahey,1,transport_access,3.771711672055604,limited,1.0,Sample area-weighted raw index over covered land only. Weighting and minimum coverage are unapproved; no approved benchmark or percentile. Layer observation date unverified.
213011332,Keilor Downs,1,green_space_per_resident,142.95021400701594,limited,,Sample public-open-space filter includes sports grounds and natural open space that can include river land/water. Not confirmed vegetation or current access. Inventory completeness/date unverified. Denominator is preliminary 2025 ERP.
213011332,Keilor Downs,1,population_growth,-3.58959239330729,available,,"2025 ERP is preliminary; historical estimated change, not a forecast."
213011332,Keilor Downs,1,rent_weekly,360.0,available,,Historical reported rent; not current advertised rent.
213011332,Keilor Downs,1,transport_access,3.7304477471920348,limited,1.0,Sample area-weighted raw index over covered land only. Weighting and minimum coverage are unapproved; no approved benchmark or percentile. Layer observation date unverified.
213011333,Kings Park (Vic.),1,green_space_per_resident,35.90795225364544,limited,,Sample public-open-space filter includes sports grounds and natural open space that can include river land/water. Not confirmed vegetation or current access. Inventory completeness/date unverified. Denominator is preliminary 2025 ERP.
213011333,Kings Park (Vic.),1,population_growth,-3.598811908544588,available,,"2025 ERP is preliminary; historical estimated change, not a forecast."
213011333,Kings Park (Vic.),1,rent_weekly,323.0,available,,Historical reported rent; not current advertised rent.
213011333,Kings Park (Vic.),1,transport_access,5.845180011927289,limited,1.0,Sample area-weighted raw index over covered land only. Weighting and minimum coverage are unapproved; no approved benchmark or percentile. Layer observation date unverified.
213011334,St Albans - North,1,green_space_per_resident,9.542442775649828,limited,,Sample public-open-space filter includes sports grounds and natural open space that can include river land/water. Not confirmed vegetation or current access. Inventory completeness/date unverified. Denominator is preliminary 2025 ERP.
213011334,St Albans - North,1,population_growth,-2.9681946175506626,available,,"2025 ERP is preliminary; historical estimated change, not a forecast."
213011334,St Albans - North,1,rent_weekly,330.0,available,,Historical reported rent; not current advertised rent.
213011334,St Albans - North,1,transport_access,8.334528662545464,limited,0.9999999999999603,Sample area-weighted raw index over covered land only. Weighting and minimum coverage are unapproved; no approved benchmark or percentile. Layer observation date unverified.
213011335,St Albans - South,1,green_space_per_resident,37.87747665706351,limited,,Sample public-open-space filter includes sports grounds and natural open space that can include river land/water. Not confirmed vegetation or current access. Inventory completeness/date unverified. Denominator is preliminary 2025 ERP.
213011335,St Albans - South,1,population_growth,-3.698667391895567,available,,"2025 ERP is preliminary; historical estimated change, not a forecast."
213011335,St Albans - South,1,rent_weekly,323.0,available,,Historical reported rent; not current advertised rent.
213011335,St Albans - South,1,transport_access,7.232156878257625,limited,1.0,Sample area-weighted raw index over covered land only. Weighting and minimum coverage are unapproved; no approved benchmark or percentile. Layer observation date unverified.
213011336,Sunshine,1,green_space_per_resident,45.175170506607586,limited,,Sample public-open-space filter includes sports grounds and natural open space that can include river land/water. Not confirmed vegetation or current access. Inventory completeness/date unverified. Denominator is preliminary 2025 ERP.
213011336,Sunshine,1,population_growth,0.504950495049505,available,,"2025 ERP is preliminary; historical estimated change, not a forecast."
213011336,Sunshine,1,rent_weekly,340.0,available,,Historical reported rent; not current advertised rent.
213011336,Sunshine,1,transport_access,18.516589803003814,limited,1.0,Sample area-weighted raw index over covered land only. Weighting and minimum coverage are unapproved; no approved benchmark or percentile. Layer observation date unverified.
213011337,Sunshine North,1,green_space_per_resident,64.2298672204695,limited,,Sample public-open-space filter includes sports grounds and natural open space that can include river land/water. Not confirmed vegetation or current access. Inventory completeness/date unverified. Denominator is preliminary 2025 ERP.
213011337,Sunshine North,1,population_growth,2.4094450244960246,available,,"2025 ERP is preliminary; historical estimated change, not a forecast."
213011337,Sunshine North,1,rent_weekly,341.0,available,,Historical reported rent; not current advertised rent.
213011337,Sunshine North,1,transport_access,4.679292435230423,limited,0.9999999999999819,Sample area-weighted raw index over covered land only. Weighting and minimum coverage are unapproved; no approved benchmark or percentile. Layer observation date unverified.
213011338,Sunshine West,1,green_space_per_resident,48.40065167547522,limited,,Sample public-open-space filter includes sports grounds and natural open space that can include river land/water. Not confirmed vegetation or current access. Inventory completeness/date unverified. Denominator is preliminary 2025 ERP.
213011338,Sunshine West,1,population_growth,-4.787857179239037,available,,"2025 ERP is preliminary; historical estimated change, not a forecast."
213011338,Sunshine West,1,rent_weekly,346.0,available,,Historical reported rent; not current advertised rent.
213011338,Sunshine West,1,transport_access,4.527290176331313,limited,0.9999999999999862,Sample area-weighted raw index over covered land only. Weighting and minimum coverage are unapproved; no approved benchmark or percentile. Layer observation date unverified.
213011339,Sydenham,1,green_space_per_resident,25.135113740085654,limited,,Sample public-open-space filter includes sports grounds and natural open space that can include river land/water. Not confirmed vegetation or current access. Inventory completeness/date unverified. Denominator is preliminary 2025 ERP.
213011339,Sydenham,1,population_growth,-3.2738095238095237,available,,"2025 ERP is preliminary; historical estimated change, not a forecast."
213011339,Sydenham,1,rent_weekly,366.0,available,,Historical reported rent; not current advertised rent.
213011339,Sydenham,1,transport_access,6.1450674705044355,limited,1.0,Sample area-weighted raw index over covered land only. Weighting and minimum coverage are unapproved; no approved benchmark or percentile. Layer observation date unverified.
213011340,Taylors Lakes,1,green_space_per_resident,57.00663694530603,limited,,Sample public-open-space filter includes sports grounds and natural open space that can include river land/water. Not confirmed vegetation or current access. Inventory completeness/date unverified. Denominator is preliminary 2025 ERP.
213011340,Taylors Lakes,1,population_growth,-4.0763029408425115,available,,"2025 ERP is preliminary; historical estimated change, not a forecast."
213011340,Taylors Lakes,1,rent_weekly,412.0,available,,Historical reported rent; not current advertised rent.
213011340,Taylors Lakes,1,transport_access,2.2945324684001873,limited,0.9999999999999968,Sample area-weighted raw index over covered land only. Weighting and minimum coverage are unapproved; no approved benchmark or percentile. Layer observation date unverified.
213011569,Deer Park,1,green_space_per_resident,42.563284758670854,limited,,Sample public-open-space filter includes sports grounds and natural open space that can include river land/water. Not confirmed vegetation or current access. Inventory completeness/date unverified. Denominator is preliminary 2025 ERP.
213011569,Deer Park,1,population_growth,-3.204047217537943,available,,"2025 ERP is preliminary; historical estimated change, not a forecast."
213011569,Deer Park,1,rent_weekly,350.0,available,,Historical reported rent; not current advertised rent.
213011569,Deer Park,1,transport_access,5.23098110842005,limited,0.9999999999999898,Sample area-weighted raw index over covered land only. Weighting and minimum coverage are unapproved; no approved benchmark or percentile. Layer observation date unverified.
213011570,Derrimut,1,green_space_per_resident,89.34005469271207,limited,,Sample public-open-space filter includes sports grounds and natural open space that can include river land/water. Not confirmed vegetation or current access. Inventory completeness/date unverified. Denominator is preliminary 2025 ERP.
213011570,Derrimut,1,population_growth,-0.632279534109817,available,,"2025 ERP is preliminary; historical estimated change, not a forecast."
213011570,Derrimut,1,rent_weekly,400.0,available,,Historical reported rent; not current advertised rent.
213011570,Derrimut,1,transport_access,0.9910950047647524,limited,1.0,Sample area-weighted raw index over covered land only. Weighting and minimum coverage are unapproved; no approved benchmark or percentile. Layer observation date unverified.
213021341,Altona,1,green_space_per_resident,353.23792421116485,limited,,Sample public-open-space filter includes sports grounds and natural open space that can include river land/water. Not confirmed vegetation or current access. Inventory completeness/date unverified. Denominator is preliminary 2025 ERP.
213021341,Altona,1,population_growth,3.963107075947543,available,,"2025 ERP is preliminary; historical estimated change, not a forecast."
213021341,Altona,1,rent_weekly,390.0,available,,Historical reported rent; not current advertised rent.
213021341,Altona,1,transport_access,3.717788182468047,limited,0.9994886459084465,Sample area-weighted raw index over covered land only. Weighting and minimum coverage are unapproved; no approved benchmark or percentile. Layer observation date unverified.
213021342,Altona Meadows,1,green_space_per_resident,242.6837642786025,limited,,Sample public-open-space filter includes sports grounds and natural open space that can include river land/water. Not confirmed vegetation or current access. Inventory completeness/date unverified. Denominator is preliminary 2025 ERP.
213021342,Altona Meadows,1,population_growth,-3.6769230769230767,available,,"2025 ERP is preliminary; historical estimated change, not a forecast."
213021342,Altona Meadows,1,rent_weekly,341.0,available,,Historical reported rent; not current advertised rent.
213021342,Altona Meadows,1,transport_access,3.404324772025513,limited,0.9988932200114299,Sample area-weighted raw index over covered land only. Weighting and minimum coverage are unapproved; no approved benchmark or percentile. Layer observation date unverified.
213021343,Altona North,1,green_space_per_resident,71.06830133730662,limited,,Sample public-open-space filter includes sports grounds and natural open space that can include river land/water. Not confirmed vegetation or current access. Inventory completeness/date unverified. Denominator is preliminary 2025 ERP.
213021343,Altona North,1,population_growth,7.125227331774487,available,,"2025 ERP is preliminary; historical estimated change, not a forecast."
213021343,Altona North,1,rent_weekly,400.0,available,,Historical reported rent; not current advertised rent.
213021343,Altona North,1,transport_access,4.9192401985571905,limited,0.9999999999999747,Sample area-weighted raw index over covered land only. Weighting and minimum coverage are unapproved; no approved benchmark or percentile. Layer observation date unverified.
213021344,Newport,1,green_space_per_resident,78.08485087768769,limited,,Sample public-open-space filter includes sports grounds and natural open space that can include river land/water. Not confirmed vegetation or current access. Inventory completeness/date unverified. Denominator is preliminary 2025 ERP.
213021344,Newport,1,population_growth,4.707942721747193,available,,"2025 ERP is preliminary; historical estimated change, not a forecast."
213021344,Newport,1,rent_weekly,460.0,available,,Historical reported rent; not current advertised rent.
213021344,Newport,1,transport_access,9.007671068992169,limited,0.999558042594324,Sample area-weighted raw index over covered land only. Weighting and minimum coverage are unapproved; no approved benchmark or percentile. Layer observation date unverified.
213021345,Seabrook,1,green_space_per_resident,44.264305213408235,limited,,Sample public-open-space filter includes sports grounds and natural open space that can include river land/water. Not confirmed vegetation or current access. Inventory completeness/date unverified. Denominator is preliminary 2025 ERP.
213021345,Seabrook,1,population_growth,-6.057142857142857,available,,"2025 ERP is preliminary; historical estimated change, not a forecast."
213021345,Seabrook,1,rent_weekly,361.0,available,,Historical reported rent; not current advertised rent.
213021345,Seabrook,1,transport_access,3.4848855004490202,limited,1.0,Sample area-weighted raw index over covered land only. Weighting and minimum coverage are unapproved; no approved benchmark or percentile. Layer observation date unverified.
213021346,Williamstown,1,green_space_per_resident,66.63805113001058,limited,,Sample public-open-space filter includes sports grounds and natural open space that can include river land/water. Not confirmed vegetation or current access. Inventory completeness/date unverified. Denominator is preliminary 2025 ERP.
213021346,Williamstown,1,population_growth,2.6592232426916382,available,,"2025 ERP is preliminary; historical estimated change, not a forecast."
213021346,Williamstown,1,rent_weekly,450.0,available,,Historical reported rent; not current advertised rent.
213021346,Williamstown,1,transport_access,8.413604881166501,limited,0.9998963127464142,Sample area-weighted raw index over covered land only. Weighting and minimum coverage are unapproved; no approved benchmark or percentile. Layer observation date unverified.
213031347,Braybrook,1,green_space_per_resident,26.846932691990403,limited,,Sample public-open-space filter includes sports grounds and natural open space that can include river land/water. Not confirmed vegetation or current access. Inventory completeness/date unverified. Denominator is preliminary 2025 ERP.
213031347,Braybrook,1,population_growth,5.100246218782976,available,,"2025 ERP is preliminary; historical estimated change, not a forecast."
213031347,Braybrook,1,rent_weekly,350.0,available,,Historical reported rent; not current advertised rent.
213031347,Braybrook,1,transport_access,10.169148300705926,limited,0.9999999999999669,Sample area-weighted raw index over covered land only. Weighting and minimum coverage are unapproved; no approved benchmark or percentile. Layer observation date unverified.
213031348,Footscray,1,green_space_per_resident,38.75411043103668,limited,,Sample public-open-space filter includes sports grounds and natural open space that can include river land/water. Not confirmed vegetation or current access. Inventory completeness/date unverified. Denominator is preliminary 2025 ERP.
213031348,Footscray,1,population_growth,15.42118063232368,available,,"2025 ERP is preliminary; historical estimated change, not a forecast."
213031348,Footscray,1,rent_weekly,355.0,available,,Historical reported rent; not current advertised rent.
213031348,Footscray,1,transport_access,24.846641445307913,limited,0.9999999999999968,Sample area-weighted raw index over covered land only. Weighting and minimum coverage are unapproved; no approved benchmark or percentile. Layer observation date unverified.
213031349,Maribyrnong,1,green_space_per_resident,78.75540930141318,limited,,Sample public-open-space filter includes sports grounds and natural open space that can include river land/water. Not confirmed vegetation or current access. Inventory completeness/date unverified. Denominator is preliminary 2025 ERP.
213031349,Maribyrnong,1,population_growth,5.255221292316972,available,,"2025 ERP is preliminary; historical estimated change, not a forecast."
213031349,Maribyrnong,1,rent_weekly,396.0,available,,Historical reported rent; not current advertised rent.
213031349,Maribyrnong,1,transport_access,10.664026129719616,limited,1.0,Sample area-weighted raw index over covered land only. Weighting and minimum coverage are unapproved; no approved benchmark or percentile. Layer observation date unverified.
213031350,Seddon - Kingsville,1,green_space_per_resident,2.180594579672329,limited,,Sample public-open-space filter includes sports grounds and natural open space that can include river land/water. Not confirmed vegetation or current access. Inventory completeness/date unverified. Denominator is preliminary 2025 ERP.
213031350,Seddon - Kingsville,1,population_growth,0.24681201151789386,available,,"2025 ERP is preliminary; historical estimated change, not a forecast."
213031350,Seddon - Kingsville,1,rent_weekly,414.0,available,,Historical reported rent; not current advertised rent.
213031350,Seddon - Kingsville,1,transport_access,20.096054032284318,limited,0.9999999999999767,Sample area-weighted raw index over covered land only. Weighting and minimum coverage are unapproved; no approved benchmark or percentile. Layer observation date unverified.
213031351,West Footscray - Tottenham,1,green_space_per_resident,19.46017777013063,limited,,Sample public-open-space filter includes sports grounds and natural open space that can include river land/water. Not confirmed vegetation or current access. Inventory completeness/date unverified. Denominator is preliminary 2025 ERP.
213031351,West Footscray - Tottenham,1,population_growth,5.1495553759094586,available,,"2025 ERP is preliminary; historical estimated change, not a forecast."
213031351,West Footscray - Tottenham,1,rent_weekly,351.0,available,,Historical reported rent; not current advertised rent.
213031351,West Footscray - Tottenham,1,transport_access,8.002835671036063,limited,1.0,Sample area-weighted raw index over covered land only. Weighting and minimum coverage are unapproved; no approved benchmark or percentile. Layer observation date unverified.
213031352,Yarraville,1,green_space_per_resident,46.32634816371368,limited,,Sample public-open-space filter includes sports grounds and natural open space that can include river land/water. Not confirmed vegetation or current access. Inventory completeness/date unverified. Denominator is preliminary 2025 ERP.
213031352,Yarraville,1,population_growth,0.5663430420711975,available,,"2025 ERP is preliminary; historical estimated change, not a forecast."
213031352,Yarraville,1,rent_weekly,462.0,available,,Historical reported rent; not current advertised rent.
213031352,Yarraville,1,transport_access,11.28691642340285,limited,0.9999999999999811,Sample area-weighted raw index over covered land only. Weighting and minimum coverage are unapproved; no approved benchmark or percentile. Layer observation date unverified.
213041353,Bacchus Marsh,1,green_space_per_resident,0.05001840075899807,limited,,Sample public-open-space filter includes sports grounds and natural open space that can include river land/water. Not confirmed vegetation or current access. Inventory completeness/date unverified. Denominator is preliminary 2025 ERP.
213041353,Bacchus Marsh,1,population_growth,12.030663973952109,available,,"2025 ERP is preliminary; historical estimated change, not a forecast."
213041353,Bacchus Marsh,1,rent_weekly,340.0,available,,Historical reported rent; not current advertised rent.
213041353,Bacchus Marsh,1,transport_access,0.0,limited,0.013172697960595609,Sample area-weighted raw index over covered land only. Weighting and minimum coverage are unapproved; no approved benchmark or percentile. Layer observation date unverified.
213041358,Melton West,1,green_space_per_resident,42.91799769458972,limited,,Sample public-open-space filter includes sports grounds and natural open space that can include river land/water. Not confirmed vegetation or current access. Inventory completeness/date unverified. Denominator is preliminary 2025 ERP.
213041358,Melton West,1,population_growth,5.963045912653976,available,,"2025 ERP is preliminary; historical estimated change, not a forecast."
213041358,Melton West,1,rent_weekly,340.0,available,,Historical reported rent; not current advertised rent.
213041358,Melton West,1,transport_access,1.357216558589749,limited,0.9999999999999981,Sample area-weighted raw index over covered land only. Weighting and minimum coverage are unapproved; no approved benchmark or percentile. Layer observation date unverified.
213041359,Rockbank - Mount Cottrell,1,green_space_per_resident,53.53023786019422,limited,,Sample public-open-space filter includes sports grounds and natural open space that can include river land/water. Not confirmed vegetation or current access. Inventory completeness/date unverified. Denominator is preliminary 2025 ERP.
213041359,Rockbank - Mount Cottrell,1,population_growth,168.76545986058017,available,,"2025 ERP is preliminary; historical estimated change, not a forecast."
213041359,Rockbank - Mount Cottrell,1,rent_weekly,400.0,available,,Historical reported rent; not current advertised rent.
213041359,Rockbank - Mount Cottrell,1,transport_access,0.21353981363236,limited,0.9999999999999971,Sample area-weighted raw index over covered land only. Weighting and minimum coverage are unapproved; no approved benchmark or percentile. Layer observation date unverified.
213041360,Taylors Hill,1,green_space_per_resident,27.942687906316305,limited,,Sample public-open-space filter includes sports grounds and natural open space that can include river land/water. Not confirmed vegetation or current access. Inventory completeness/date unverified. Denominator is preliminary 2025 ERP.
213041360,Taylors Hill,1,population_growth,-2.040615141955836,available,,"2025 ERP is preliminary; historical estimated change, not a forecast."
213041360,Taylors Hill,1,rent_weekly,400.0,available,,Historical reported rent; not current advertised rent.
213041360,Taylors Hill,1,transport_access,4.237307718655923,limited,0.9999999999999797,Sample area-weighted raw index over covered land only. Weighting and minimum coverage are unapproved; no approved benchmark or percentile. Layer observation date unverified.
213041461,Burnside,1,green_space_per_resident,29.02459018559188,limited,,Sample public-open-space filter includes sports grounds and natural open space that can include river land/water. Not confirmed vegetation or current access. Inventory completeness/date unverified. Denominator is preliminary 2025 ERP.
213041461,Burnside,1,population_growth,15.531951941493993,available,,"2025 ERP is preliminary; historical estimated change, not a forecast."
213041461,Burnside,1,rent_weekly,400.0,available,,Historical reported rent; not current advertised rent.
213041461,Burnside,1,transport_access,4.789419722605578,limited,0.9999999999999938,Sample area-weighted raw index over covered land only. Weighting and minimum coverage are unapproved; no approved benchmark or percentile. Layer observation date unverified.
213041462,Burnside Heights,1,green_space_per_resident,73.92279929865597,limited,,Sample public-open-space filter includes sports grounds and natural open space that can include river land/water. Not confirmed vegetation or current access. Inventory completeness/date unverified. Denominator is preliminary 2025 ERP.
213041462,Burnside Heights,1,population_growth,-2.791188895594448,available,,"2025 ERP is preliminary; historical estimated change, not a forecast."
213041462,Burnside Heights,1,rent_weekly,411.0,available,,Historical reported rent; not current advertised rent.
213041462,Burnside Heights,1,transport_access,3.7727855858560364,limited,1.0,Sample area-weighted raw index over covered land only. Weighting and minimum coverage are unapproved; no approved benchmark or percentile. Layer observation date unverified.
213041463,Caroline Springs,1,green_space_per_resident,62.394589259241,limited,,Sample public-open-space filter includes sports grounds and natural open space that can include river land/water. Not confirmed vegetation or current access. Inventory completeness/date unverified. Denominator is preliminary 2025 ERP.
213041463,Caroline Springs,1,population_growth,-1.4313965533477728,available,,"2025 ERP is preliminary; historical estimated change, not a forecast."
213041463,Caroline Springs,1,rent_weekly,401.0,available,,Historical reported rent; not current advertised rent.
213041463,Caroline Springs,1,transport_access,6.225824668499368,limited,1.0,Sample area-weighted raw index over covered land only. Weighting and minimum coverage are unapproved; no approved benchmark or percentile. Layer observation date unverified.
213041571,Brookfield,1,green_space_per_resident,109.12147572258236,limited,,Sample public-open-space filter includes sports grounds and natural open space that can include river land/water. Not confirmed vegetation or current access. Inventory completeness/date unverified. Denominator is preliminary 2025 ERP.
213041571,Brookfield,1,population_growth,7.716392283607717,available,,"2025 ERP is preliminary; historical estimated change, not a forecast."
213041571,Brookfield,1,rent_weekly,350.0,available,,Historical reported rent; not current advertised rent.
213041571,Brookfield,1,transport_access,0.6454721093558409,limited,1.0,Sample area-weighted raw index over covered land only. Weighting and minimum coverage are unapproved; no approved benchmark or percentile. Layer observation date unverified.
213041572,Cobblebank - Strathtulloh,1,green_space_per_resident,136.52541879116,limited,,Sample public-open-space filter includes sports grounds and natural open space that can include river land/water. Not confirmed vegetation or current access. Inventory completeness/date unverified. Denominator is preliminary 2025 ERP.
213041572,Cobblebank - Strathtulloh,1,population_growth,109.24001299123091,available,,"2025 ERP is preliminary; historical estimated change, not a forecast."
213041572,Cobblebank - Strathtulloh,1,rent_weekly,371.0,available,,Historical reported rent; not current advertised rent.
213041572,Cobblebank - Strathtulloh,1,transport_access,0.37716590214331974,limited,0.9999999999999976,Sample area-weighted raw index over covered land only. Weighting and minimum coverage are unapproved; no approved benchmark or percentile. Layer observation date unverified.
213041573,Eynesbury - Exford,1,green_space_per_resident,732.150064162641,limited,,Sample public-open-space filter includes sports grounds and natural open space that can include river land/water. Not confirmed vegetation or current access. Inventory completeness/date unverified. Denominator is preliminary 2025 ERP.
213041573,Eynesbury - Exford,1,population_growth,42.682119205298015,available,,"2025 ERP is preliminary; historical estimated change, not a forecast."
213041573,Eynesbury - Exford,1,rent_weekly,380.0,available,,Historical reported rent; not current advertised rent.
213041573,Eynesbury - Exford,1,transport_access,0.0,limited,0.9999999999999957,Sample area-weighted raw index over covered land only. Weighting and minimum coverage are unapproved; no approved benchmark or percentile. Layer observation date unverified.
213041574,Fraser Rise - Plumpton,1,green_space_per_resident,14.095060427106263,limited,,Sample public-open-space filter includes sports grounds and natural open space that can include river land/water. Not confirmed vegetation or current access. Inventory completeness/date unverified. Denominator is preliminary 2025 ERP.
213041574,Fraser Rise - Plumpton,1,population_growth,182.1831869510665,available,,"2025 ERP is preliminary; historical estimated change, not a forecast."
213041574,Fraser Rise - Plumpton,1,rent_weekly,429.0,available,,Historical reported rent; not current advertised rent.
213041574,Fraser Rise - Plumpton,1,transport_access,0.07978866594839307,limited,1.0,Sample area-weighted raw index over covered land only. Weighting and minimum coverage are unapproved; no approved benchmark or percentile. Layer observation date unverified.
213041575,Hillside,1,green_space_per_resident,29.449846199021028,limited,,Sample public-open-space filter includes sports grounds and natural open space that can include river land/water. Not confirmed vegetation or current access. Inventory completeness/date unverified. Denominator is preliminary 2025 ERP.
213041575,Hillside,1,population_growth,-1.952106698999697,available,,"2025 ERP is preliminary; historical estimated change, not a forecast."
213041575,Hillside,1,rent_weekly,380.0,available,,Historical reported rent; not current advertised rent.
213041575,Hillside,1,transport_access,3.672668360929882,limited,1.0,Sample area-weighted raw index over covered land only. Weighting and minimum coverage are unapproved; no approved benchmark or percentile. Layer observation date unverified.
213041576,Kurunjang - Toolern Vale,1,green_space_per_resident,196.64399136741665,limited,,Sample public-open-space filter includes sports grounds and natural open space that can include river land/water. Not confirmed vegetation or current access. Inventory completeness/date unverified. Denominator is preliminary 2025 ERP.
213041576,Kurunjang - Toolern Vale,1,population_growth,0.8598380499206946,available,,"2025 ERP is preliminary; historical estimated change, not a forecast."
213041576,Kurunjang - Toolern Vale,1,rent_weekly,321.0,available,,Historical reported rent; not current advertised rent.
213041576,Kurunjang - Toolern Vale,1,transport_access,0.14122390415610309,limited,0.999999999999999,Sample area-weighted raw index over covered land only. Weighting and minimum coverage are unapproved; no approved benchmark or percentile. Layer observation date unverified.
213041577,Melton,1,green_space_per_resident,116.53225011652957,limited,,Sample public-open-space filter includes sports grounds and natural open space that can include river land/water. Not confirmed vegetation or current access. Inventory completeness/date unverified. Denominator is preliminary 2025 ERP.
213041577,Melton,1,population_growth,-3.0746882943953517,available,,"2025 ERP is preliminary; historical estimated change, not a forecast."
213041577,Melton,1,rent_weekly,300.0,available,,Historical reported rent; not current advertised rent.
213041577,Melton,1,transport_access,2.656268191769436,limited,1.0,Sample area-weighted raw index over covered land only. Weighting and minimum coverage are unapproved; no approved benchmark or percentile. Layer observation date unverified.
213041578,Melton South - Weir Views,1,green_space_per_resident,18.64566851327931,limited,,Sample public-open-space filter includes sports grounds and natural open space that can include river land/water. Not confirmed vegetation or current access. Inventory completeness/date unverified. Denominator is preliminary 2025 ERP.
213041578,Melton South - Weir Views,1,population_growth,45.690755873340144,available,,"2025 ERP is preliminary; historical estimated change, not a forecast."
213041578,Melton South - Weir Views,1,rent_weekly,321.0,available,,Historical reported rent; not current advertised rent.
213041578,Melton South - Weir Views,1,transport_access,2.3596224178096037,limited,1.0,Sample area-weighted raw index over covered land only. Weighting and minimum coverage are unapproved; no approved benchmark or percentile. Layer observation date unverified.
213051361,Hoppers Crossing - North,1,green_space_per_resident,43.413745206467055,limited,,Sample public-open-space filter includes sports grounds and natural open space that can include river land/water. Not confirmed vegetation or current access. Inventory completeness/date unverified. Denominator is preliminary 2025 ERP.
213051361,Hoppers Crossing - North,1,population_growth,-5.3903633084256635,available,,"2025 ERP is preliminary; historical estimated change, not a forecast."
213051361,Hoppers Crossing - North,1,rent_weekly,341.0,available,,Historical reported rent; not current advertised rent.
213051361,Hoppers Crossing - North,1,transport_access,3.697848803164577,limited,1.0,Sample area-weighted raw index over covered land only. Weighting and minimum coverage are unapproved; no approved benchmark or percentile. Layer observation date unverified.
213051362,Hoppers Crossing - South,1,green_space_per_resident,31.307803109618618,limited,,Sample public-open-space filter includes sports grounds and natural open space that can include river land/water. Not confirmed vegetation or current access. Inventory completeness/date unverified. Denominator is preliminary 2025 ERP.
213051362,Hoppers Crossing - South,1,population_growth,-5.15226007123865,available,,"2025 ERP is preliminary; historical estimated change, not a forecast."
213051362,Hoppers Crossing - South,1,rent_weekly,340.0,available,,Historical reported rent; not current advertised rent.
213051362,Hoppers Crossing - South,1,transport_access,6.817087495741625,limited,0.9999999999999843,Sample area-weighted raw index over covered land only. Weighting and minimum coverage are unapproved; no approved benchmark or percentile. Layer observation date unverified.
213051363,Laverton,1,green_space_per_resident,196.5579635632481,limited,,Sample public-open-space filter includes sports grounds and natural open space that can include river land/water. Not confirmed vegetation or current access. Inventory completeness/date unverified. Denominator is preliminary 2025 ERP.
213051363,Laverton,1,population_growth,7.049782826595389,available,,"2025 ERP is preliminary; historical estimated change, not a forecast."
213051363,Laverton,1,rent_weekly,380.0,available,,Historical reported rent; not current advertised rent.
213051363,Laverton,1,transport_access,2.7744130924893846,limited,0.999999999999995,Sample area-weighted raw index over covered land only. Weighting and minimum coverage are unapproved; no approved benchmark or percentile. Layer observation date unverified.
213051368,Werribee - South,1,green_space_per_resident,283.76860263406553,limited,,Sample public-open-space filter includes sports grounds and natural open space that can include river land/water. Not confirmed vegetation or current access. Inventory completeness/date unverified. Denominator is preliminary 2025 ERP.
213051368,Werribee - South,1,population_growth,9.700305810397554,available,,"2025 ERP is preliminary; historical estimated change, not a forecast."
213051368,Werribee - South,1,rent_weekly,351.0,available,,Historical reported rent; not current advertised rent.
213051368,Werribee - South,1,transport_access,0.30588134628318225,limited,0.9998790451287859,Sample area-weighted raw index over covered land only. Weighting and minimum coverage are unapproved; no approved benchmark or percentile. Layer observation date unverified.
213051464,Point Cook - East,1,green_space_per_resident,385.15613940296737,limited,,Sample public-open-space filter includes sports grounds and natural open space that can include river land/water. Not confirmed vegetation or current access. Inventory completeness/date unverified. Denominator is preliminary 2025 ERP.
213051464,Point Cook - East,1,population_growth,13.91168016723282,available,,"2025 ERP is preliminary; historical estimated change, not a forecast."
213051464,Point Cook - East,1,rent_weekly,401.0,available,,Historical reported rent; not current advertised rent.
213051464,Point Cook - East,1,transport_access,0.94788919480999,limited,0.999885635331327,Sample area-weighted raw index over covered land only. Weighting and minimum coverage are unapproved; no approved benchmark or percentile. Layer observation date unverified.
213051466,Point Cook - South,1,green_space_per_resident,28.722668583266756,limited,,Sample public-open-space filter includes sports grounds and natural open space that can include river land/water. Not confirmed vegetation or current access. Inventory completeness/date unverified. Denominator is preliminary 2025 ERP.
213051466,Point Cook - South,1,population_growth,7.552137105100145,available,,"2025 ERP is preliminary; historical estimated change, not a forecast."
213051466,Point Cook - South,1,rent_weekly,410.0,available,,Historical reported rent; not current advertised rent.
213051466,Point Cook - South,1,transport_access,1.7951263622048474,limited,1.0,Sample area-weighted raw index over covered land only. Weighting and minimum coverage are unapproved; no approved benchmark or percentile. Layer observation date unverified.
213051467,Werribee - East,1,green_space_per_resident,61.85535774471417,limited,,Sample public-open-space filter includes sports grounds and natural open space that can include river land/water. Not confirmed vegetation or current access. Inventory completeness/date unverified. Denominator is preliminary 2025 ERP.
213051467,Werribee - East,1,population_growth,-4.859803824432775,available,,"2025 ERP is preliminary; historical estimated change, not a forecast."
213051467,Werribee - East,1,rent_weekly,315.0,available,,Historical reported rent; not current advertised rent.
213051467,Werribee - East,1,transport_access,6.863503423056603,limited,0.9999999999999853,Sample area-weighted raw index over covered land only. Weighting and minimum coverage are unapproved; no approved benchmark or percentile. Layer observation date unverified.
213051468,Werribee - West,1,green_space_per_resident,47.999839775001654,limited,,Sample public-open-space filter includes sports grounds and natural open space that can include river land/water. Not confirmed vegetation or current access. Inventory completeness/date unverified. Denominator is preliminary 2025 ERP.
213051468,Werribee - West,1,population_growth,62.80207561156412,available,,"2025 ERP is preliminary; historical estimated change, not a forecast."
213051468,Werribee - West,1,rent_weekly,360.0,available,,Historical reported rent; not current advertised rent.
213051468,Werribee - West,1,transport_access,0.29521712840133696,limited,0.9999999472470974,Sample area-weighted raw index over covered land only. Weighting and minimum coverage are unapproved; no approved benchmark or percentile. Layer observation date unverified.
213051579,Manor Lakes - Quandong,1,green_space_per_resident,29.993545975168413,limited,,Sample public-open-space filter includes sports grounds and natural open space that can include river land/water. Not confirmed vegetation or current access. Inventory completeness/date unverified. Denominator is preliminary 2025 ERP.
213051579,Manor Lakes - Quandong,1,population_growth,36.35638032525192,available,,"2025 ERP is preliminary; historical estimated change, not a forecast."
213051579,Manor Lakes - Quandong,1,rent_weekly,361.0,available,,Historical reported rent; not current advertised rent.
213051579,Manor Lakes - Quandong,1,transport_access,0.1277942817509838,limited,0.9999892722320552,Sample area-weighted raw index over covered land only. Weighting and minimum coverage are unapproved; no approved benchmark or percentile. Layer observation date unverified.
213051580,Point Cook - North East,1,green_space_per_resident,40.41114402108736,limited,,Sample public-open-space filter includes sports grounds and natural open space that can include river land/water. Not confirmed vegetation or current access. Inventory completeness/date unverified. Denominator is preliminary 2025 ERP.
213051580,Point Cook - North East,1,population_growth,-1.5160622453750083,available,,"2025 ERP is preliminary; historical estimated change, not a forecast."
213051580,Point Cook - North East,1,rent_weekly,390.0,available,,Historical reported rent; not current advertised rent.
213051580,Point Cook - North East,1,transport_access,4.729141621036125,limited,1.0,Sample area-weighted raw index over covered land only. Weighting and minimum coverage are unapproved; no approved benchmark or percentile. Layer observation date unverified.
213051581,Point Cook - North West,1,green_space_per_resident,33.266457294624686,limited,,Sample public-open-space filter includes sports grounds and natural open space that can include river land/water. Not confirmed vegetation or current access. Inventory completeness/date unverified. Denominator is preliminary 2025 ERP.
213051581,Point Cook - North West,1,population_growth,3.602776076750357,available,,"2025 ERP is preliminary; historical estimated change, not a forecast."
213051581,Point Cook - North West,1,rent_weekly,400.0,available,,Historical reported rent; not current advertised rent.
213051581,Point Cook - North West,1,transport_access,3.0508765429932776,limited,0.9999999999999999,Sample area-weighted raw index over covered land only. Weighting and minimum coverage are unapproved; no approved benchmark or percentile. Layer observation date unverified.
213051582,Tarneit (West) - Mount Cottrell,1,green_space_per_resident,1.2931269593177668,limited,,Sample public-open-space filter includes sports grounds and natural open space that can include river land/water. Not confirmed vegetation or current access. Inventory completeness/date unverified. Denominator is preliminary 2025 ERP.
213051582,Tarneit (West) - Mount Cottrell,1,population_growth,160.30689842476914,available,,"2025 ERP is preliminary; historical estimated change, not a forecast."
213051582,Tarneit (West) - Mount Cottrell,1,rent_weekly,385.0,available,,Historical reported rent; not current advertised rent.
213051582,Tarneit (West) - Mount Cottrell,1,transport_access,0.2823194583091271,limited,0.9999999999999992,Sample area-weighted raw index over covered land only. Weighting and minimum coverage are unapproved; no approved benchmark or percentile. Layer observation date unverified.
213051583,Tarneit - Central,1,green_space_per_resident,27.461176306164287,limited,,Sample public-open-space filter includes sports grounds and natural open space that can include river land/water. Not confirmed vegetation or current access. Inventory completeness/date unverified. Denominator is preliminary 2025 ERP.
213051583,Tarneit - Central,1,population_growth,3.3208507030311596,available,,"2025 ERP is preliminary; historical estimated change, not a forecast."
213051583,Tarneit - Central,1,rent_weekly,380.0,available,,Historical reported rent; not current advertised rent.
213051583,Tarneit - Central,1,transport_access,6.07488505482341,limited,0.9999999999999963,Sample area-weighted raw index over covered land only. Weighting and minimum coverage are unapproved; no approved benchmark or percentile. Layer observation date unverified.
213051584,Tarneit - North,1,green_space_per_resident,0.2077265423847241,limited,,Sample public-open-space filter includes sports grounds and natural open space that can include river land/water. Not confirmed vegetation or current access. Inventory completeness/date unverified. Denominator is preliminary 2025 ERP.
213051584,Tarneit - North,1,population_growth,180.8134394341291,available,,"2025 ERP is preliminary; historical estimated change, not a forecast."
213051584,Tarneit - North,1,rent_weekly,391.0,available,,Historical reported rent; not current advertised rent.
213051584,Tarneit - North,1,transport_access,0.6444472345742565,limited,1.0,Sample area-weighted raw index over covered land only. Weighting and minimum coverage are unapproved; no approved benchmark or percentile. Layer observation date unverified.
213051585,Tarneit - South,1,green_space_per_resident,25.369469224718145,limited,,Sample public-open-space filter includes sports grounds and natural open space that can include river land/water. Not confirmed vegetation or current access. Inventory completeness/date unverified. Denominator is preliminary 2025 ERP.
213051585,Tarneit - South,1,population_growth,3.0308293530178028,available,,"2025 ERP is preliminary; historical estimated change, not a forecast."
213051585,Tarneit - South,1,rent_weekly,369.0,available,,Historical reported rent; not current advertised rent.
213051585,Tarneit - South,1,transport_access,5.956586033956285,limited,1.0,Sample area-weighted raw index over covered land only. Weighting and minimum coverage are unapproved; no approved benchmark or percentile. Layer observation date unverified.
213051586,Truganina - North,1,green_space_per_resident,32.83959056182524,limited,,Sample public-open-space filter includes sports grounds and natural open space that can include river land/water. Not confirmed vegetation or current access. Inventory completeness/date unverified. Denominator is preliminary 2025 ERP.
213051586,Truganina - North,1,population_growth,94.63562753036437,available,,"2025 ERP is preliminary; historical estimated change, not a forecast."
213051586,Truganina - North,1,rent_weekly,402.0,available,,Historical reported rent; not current advertised rent.
213051586,Truganina - North,1,transport_access,0.34498327250209593,limited,0.9999999999999963,Sample area-weighted raw index over covered land only. Weighting and minimum coverage are unapproved; no approved benchmark or percentile. Layer observation date unverified.
213051587,Truganina - South East,1,green_space_per_resident,22.33817507331813,limited,,Sample public-open-space filter includes sports grounds and natural open space that can include river land/water. Not confirmed vegetation or current access. Inventory completeness/date unverified. Denominator is preliminary 2025 ERP.
213051587,Truganina - South East,1,population_growth,19.31793179317932,available,,"2025 ERP is preliminary; historical estimated change, not a forecast."
213051587,Truganina - South East,1,rent_weekly,395.0,available,,Historical reported rent; not current advertised rent.
213051587,Truganina - South East,1,transport_access,2.451210280470562,limited,0.999999999999943,Sample area-weighted raw index over covered land only. Weighting and minimum coverage are unapproved; no approved benchmark or percentile. Layer observation date unverified.
213051588,Truganina - South West,1,green_space_per_resident,32.99882883711261,limited,,Sample public-open-space filter includes sports grounds and natural open space that can include river land/water. Not confirmed vegetation or current access. Inventory completeness/date unverified. Denominator is preliminary 2025 ERP.
213051588,Truganina - South West,1,population_growth,5.09094656567218,available,,"2025 ERP is preliminary; historical estimated change, not a forecast."
213051588,Truganina - South West,1,rent_weekly,377.0,available,,Historical reported rent; not current advertised rent.
213051588,Truganina - South West,1,transport_access,3.078313081578469,limited,0.9999999999999825,Sample area-weighted raw index over covered land only. Weighting and minimum coverage are unapproved; no approved benchmark or percentile. Layer observation date unverified.
213051589,Wyndham Vale - North,1,green_space_per_resident,66.27248394537989,limited,,Sample public-open-space filter includes sports grounds and natural open space that can include river land/water. Not confirmed vegetation or current access. Inventory completeness/date unverified. Denominator is preliminary 2025 ERP.
213051589,Wyndham Vale - North,1,population_growth,84.85736118186449,available,,"2025 ERP is preliminary; historical estimated change, not a forecast."
213051589,Wyndham Vale - North,1,rent_weekly,350.0,available,,Historical reported rent; not current advertised rent.
213051589,Wyndham Vale - North,1,transport_access,0.26524293651629244,limited,1.0,Sample area-weighted raw index over covered land only. Weighting and minimum coverage are unapproved; no approved benchmark or percentile. Layer observation date unverified.
213051590,Wyndham Vale - South,1,green_space_per_resident,42.631945866935176,limited,,Sample public-open-space filter includes sports grounds and natural open space that can include river land/water. Not confirmed vegetation or current access. Inventory completeness/date unverified. Denominator is preliminary 2025 ERP.
213051590,Wyndham Vale - South,1,population_growth,1.5956299863437073,available,,"2025 ERP is preliminary; historical estimated change, not a forecast."
213051590,Wyndham Vale - South,1,rent_weekly,336.0,available,,Historical reported rent; not current advertised rent.
213051590,Wyndham Vale - South,1,transport_access,5.11513825864388,limited,0.9999999999999788,Sample area-weighted raw index over covered land only. Weighting and minimum coverage are unapproved; no approved benchmark or percentile. Layer observation date unverified.
214011370,Carrum Downs,1,green_space_per_resident,30.690822407439224,limited,,Sample public-open-space filter includes sports grounds and natural open space that can include river land/water. Not confirmed vegetation or current access. Inventory completeness/date unverified. Denominator is preliminary 2025 ERP.
214011370,Carrum Downs,1,population_growth,4.792103970345228,available,,"2025 ERP is preliminary; historical estimated change, not a forecast."
214011370,Carrum Downs,1,rent_weekly,370.0,available,,Historical reported rent; not current advertised rent.
214011370,Carrum Downs,1,transport_access,1.999212046587305,limited,1.0,Sample area-weighted raw index over covered land only. Weighting and minimum coverage are unapproved; no approved benchmark or percentile. Layer observation date unverified.
214011371,Frankston,1,green_space_per_resident,56.89144750324337,limited,,Sample public-open-space filter includes sports grounds and natural open space that can include river land/water. Not confirmed vegetation or current access. Inventory completeness/date unverified. Denominator is preliminary 2025 ERP.
214011371,Frankston,1,population_growth,3.210517639301022,available,,"2025 ERP is preliminary; historical estimated change, not a forecast."
214011371,Frankston,1,rent_weekly,335.0,available,,Historical reported rent; not current advertised rent.
214011371,Frankston,1,transport_access,4.837637969574329,limited,1.0,Sample area-weighted raw index over covered land only. Weighting and minimum coverage are unapproved; no approved benchmark or percentile. Layer observation date unverified.
214011372,Frankston North,1,green_space_per_resident,44.220687783517626,limited,,Sample public-open-space filter includes sports grounds and natural open space that can include river land/water. Not confirmed vegetation or current access. Inventory completeness/date unverified. Denominator is preliminary 2025 ERP.
214011372,Frankston North,1,population_growth,-0.8962098833425124,available,,"2025 ERP is preliminary; historical estimated change, not a forecast."
214011372,Frankston North,1,rent_weekly,341.0,available,,Historical reported rent; not current advertised rent.
214011372,Frankston North,1,transport_access,2.5054654621287673,limited,1.0,Sample area-weighted raw index over covered land only. Weighting and minimum coverage are unapproved; no approved benchmark or percentile. Layer observation date unverified.
214011373,Frankston South,1,green_space_per_resident,69.00289868630577,limited,,Sample public-open-space filter includes sports grounds and natural open space that can include river land/water. Not confirmed vegetation or current access. Inventory completeness/date unverified. Denominator is preliminary 2025 ERP.
214011373,Frankston South,1,population_growth,1.0009383797309979,available,,"2025 ERP is preliminary; historical estimated change, not a forecast."
214011373,Frankston South,1,rent_weekly,420.0,available,,Historical reported rent; not current advertised rent.
214011373,Frankston South,1,transport_access,1.2516569171068952,limited,0.9999999999999966,Sample area-weighted raw index over covered land only. Weighting and minimum coverage are unapproved; no approved benchmark or percentile. Layer observation date unverified.
214011374,Langwarrin,1,green_space_per_resident,66.1184152566844,limited,,Sample public-open-space filter includes sports grounds and natural open space that can include river land/water. Not confirmed vegetation or current access. Inventory completeness/date unverified. Denominator is preliminary 2025 ERP.
214011374,Langwarrin,1,population_growth,2.094303020705491,available,,"2025 ERP is preliminary; historical estimated change, not a forecast."
214011374,Langwarrin,1,rent_weekly,365.0,available,,Historical reported rent; not current advertised rent.
214011374,Langwarrin,1,transport_access,0.6229788191034811,limited,0.9999999999999987,Sample area-weighted raw index over covered land only. Weighting and minimum coverage are unapproved; no approved benchmark or percentile. Layer observation date unverified.
214011375,Seaford (Vic.),1,green_space_per_resident,188.11647913254905,limited,,Sample public-open-space filter includes sports grounds and natural open space that can include river land/water. Not confirmed vegetation or current access. Inventory completeness/date unverified. Denominator is preliminary 2025 ERP.
214011375,Seaford (Vic.),1,population_growth,4.941810468382732,available,,"2025 ERP is preliminary; historical estimated change, not a forecast."
214011375,Seaford (Vic.),1,rent_weekly,351.0,available,,Historical reported rent; not current advertised rent.
214011375,Seaford (Vic.),1,transport_access,3.642465222062007,limited,0.9999889638326216,Sample area-weighted raw index over covered land only. Weighting and minimum coverage are unapproved; no approved benchmark or percentile. Layer observation date unverified.
214011376,Skye - Sandhurst,1,green_space_per_resident,14.151523644520598,limited,,Sample public-open-space filter includes sports grounds and natural open space that can include river land/water. Not confirmed vegetation or current access. Inventory completeness/date unverified. Denominator is preliminary 2025 ERP.
214011376,Skye - Sandhurst,1,population_growth,-0.5702171211345859,available,,"2025 ERP is preliminary; historical estimated change, not a forecast."
214011376,Skye - Sandhurst,1,rent_weekly,450.0,available,,Historical reported rent; not current advertised rent.
214011376,Skye - Sandhurst,1,transport_access,0.3032734262540321,limited,0.999999999999993,Sample area-weighted raw index over covered land only. Weighting and minimum coverage are unapproved; no approved benchmark or percentile. Layer observation date unverified.
214021377,Dromana,1,green_space_per_resident,94.81117463811353,limited,,Sample public-open-space filter includes sports grounds and natural open space that can include river land/water. Not confirmed vegetation or current access. Inventory completeness/date unverified. Denominator is preliminary 2025 ERP.
214021377,Dromana,1,population_growth,5.692599620493358,available,,"2025 ERP is preliminary; historical estimated change, not a forecast."
214021377,Dromana,1,rent_weekly,405.0,available,,Historical reported rent; not current advertised rent.
214021377,Dromana,1,transport_access,0.27541003192928465,limited,0.9999966177064806,Sample area-weighted raw index over covered land only. Weighting and minimum coverage are unapproved; no approved benchmark or percentile. Layer observation date unverified.
214021378,Flinders,1,green_space_per_resident,638.9195973032494,limited,,Sample public-open-space filter includes sports grounds and natural open space that can include river land/water. Not confirmed vegetation or current access. Inventory completeness/date unverified. Denominator is preliminary 2025 ERP.
214021378,Flinders,1,population_growth,1.796206144032231,available,,"2025 ERP is preliminary; historical estimated change, not a forecast."
214021378,Flinders,1,rent_weekly,424.0,available,,Historical reported rent; not current advertised rent.
214021378,Flinders,1,transport_access,0.007727637898640015,limited,0.9998874185182183,Sample area-weighted raw index over covered land only. Weighting and minimum coverage are unapproved; no approved benchmark or percentile. Layer observation date unverified.
214021379,Hastings - Somers,1,green_space_per_resident,259.25731901359785,limited,,Sample public-open-space filter includes sports grounds and natural open space that can include river land/water. Not confirmed vegetation or current access. Inventory completeness/date unverified. Denominator is preliminary 2025 ERP.
214021379,Hastings - Somers,1,population_growth,-1.6491692155079771,available,,"2025 ERP is preliminary; historical estimated change, not a forecast."
214021379,Hastings - Somers,1,rent_weekly,330.0,available,,Historical reported rent; not current advertised rent.
214021379,Hastings - Somers,1,transport_access,0.15430228480569116,limited,0.9956456672046876,Sample area-weighted raw index over covered land only. Weighting and minimum coverage are unapproved; no approved benchmark or percentile. Layer observation date unverified.
214021381,Mount Eliza,1,green_space_per_resident,107.63963978430041,limited,,Sample public-open-space filter includes sports grounds and natural open space that can include river land/water. Not confirmed vegetation or current access. Inventory completeness/date unverified. Denominator is preliminary 2025 ERP.
214021381,Mount Eliza,1,population_growth,-0.15152306808088198,available,,"2025 ERP is preliminary; historical estimated change, not a forecast."
214021381,Mount Eliza,1,rent_weekly,512.0,available,,Historical reported rent; not current advertised rent.
214021381,Mount Eliza,1,transport_access,0.7695005936323671,limited,0.9999999999999928,Sample area-weighted raw index over covered land only. Weighting and minimum coverage are unapproved; no approved benchmark or percentile. Layer observation date unverified.
214021382,Mount Martha,1,green_space_per_resident,106.40112733231535,limited,,Sample public-open-space filter includes sports grounds and natural open space that can include river land/water. Not confirmed vegetation or current access. Inventory completeness/date unverified. Denominator is preliminary 2025 ERP.
214021382,Mount Martha,1,population_growth,0.4233911137676828,available,,"2025 ERP is preliminary; historical estimated change, not a forecast."
214021382,Mount Martha,1,rent_weekly,496.0,available,,Historical reported rent; not current advertised rent.
214021382,Mount Martha,1,transport_access,0.5059670003877994,limited,0.9999997268521905,Sample area-weighted raw index over covered land only. Weighting and minimum coverage are unapproved; no approved benchmark or percentile. Layer observation date unverified.
214021383,Point Nepean,1,green_space_per_resident,80.56124150021154,limited,,Sample public-open-space filter includes sports grounds and natural open space that can include river land/water. Not confirmed vegetation or current access. Inventory completeness/date unverified. Denominator is preliminary 2025 ERP.
214021383,Point Nepean,1,population_growth,4.707618708331212,available,,"2025 ERP is preliminary; historical estimated change, not a forecast."
214021383,Point Nepean,1,rent_weekly,376.0,available,,Historical reported rent; not current advertised rent.
214021383,Point Nepean,1,transport_access,0.5514335486108912,limited,0.9995145039187877,Sample area-weighted raw index over covered land only. Weighting and minimum coverage are unapproved; no approved benchmark or percentile. Layer observation date unverified.
214021384,Rosebud - McCrae,1,green_space_per_resident,115.68336010894093,limited,,Sample public-open-space filter includes sports grounds and natural open space that can include river land/water. Not confirmed vegetation or current access. Inventory completeness/date unverified. Denominator is preliminary 2025 ERP.
214021384,Rosebud - McCrae,1,population_growth,2.4849594559246664,available,,"2025 ERP is preliminary; historical estimated change, not a forecast."
214021384,Rosebud - McCrae,1,rent_weekly,350.0,available,,Historical reported rent; not current advertised rent.
214021384,Rosebud - McCrae,1,transport_access,0.8086315864171083,limited,0.9998080386363746,Sample area-weighted raw index over covered land only. Weighting and minimum coverage are unapproved; no approved benchmark or percentile. Layer observation date unverified.
214021385,Somerville,1,green_space_per_resident,98.60739053891159,limited,,Sample public-open-space filter includes sports grounds and natural open space that can include river land/water. Not confirmed vegetation or current access. Inventory completeness/date unverified. Denominator is preliminary 2025 ERP.
214021385,Somerville,1,population_growth,1.6121308858739027,available,,"2025 ERP is preliminary; historical estimated change, not a forecast."
214021385,Somerville,1,rent_weekly,380.0,available,,Historical reported rent; not current advertised rent.
214021385,Somerville,1,transport_access,0.10369664226092833,limited,0.9999718597078434,Sample area-weighted raw index over covered land only. Weighting and minimum coverage are unapproved; no approved benchmark or percentile. Layer observation date unverified.
214021591,Mornington - East,1,green_space_per_resident,76.11496690377416,limited,,Sample public-open-space filter includes sports grounds and natural open space that can include river land/water. Not confirmed vegetation or current access. Inventory completeness/date unverified. Denominator is preliminary 2025 ERP.
214021591,Mornington - East,1,population_growth,-2.9722079258878025,available,,"2025 ERP is preliminary; historical estimated change, not a forecast."
214021591,Mornington - East,1,rent_weekly,400.0,available,,Historical reported rent; not current advertised rent.
214021591,Mornington - East,1,transport_access,0.943980045897431,limited,1.0,Sample area-weighted raw index over covered land only. Weighting and minimum coverage are unapproved; no approved benchmark or percentile. Layer observation date unverified.
214021592,Mornington - West,1,green_space_per_resident,57.46406096988004,limited,,Sample public-open-space filter includes sports grounds and natural open space that can include river land/water. Not confirmed vegetation or current access. Inventory completeness/date unverified. Denominator is preliminary 2025 ERP.
214021592,Mornington - West,1,population_growth,1.688590353577759,available,,"2025 ERP is preliminary; historical estimated change, not a forecast."
214021592,Mornington - West,1,rent_weekly,410.0,available,,Historical reported rent; not current advertised rent.
214021592,Mornington - West,1,transport_access,2.788838288682556,limited,0.9999447485423044,Sample area-weighted raw index over covered land only. Weighting and minimum coverage are unapproved; no approved benchmark or percentile. Layer observation date unverified.
