sa2_code,indicator_key,component_key,value,unit,reference_period,source_id
206011106,population_growth,population_start,13064,persons,2020-06-30,abs-erp-2024-25
206011106,population_growth,population_end,14693,persons,2025-06-30,abs-erp-2024-25
206011106,transport_access,weighted_index_area_sum,50570376.026583456,access_index*m2,Retrieved 2026-09-08,dtp-ptal-snapshot
206011106,transport_access,valid_intersection_area,2167998.4518390973,m2,Retrieved 2026-09-08,dtp-ptal-snapshot
206011106,transport_access,sa2_area,2167998.451839078,m2,Boundary 2021,abs-sa2-2021
206011106,green_space_per_resident,eligible_open_space_area,292046.0937055356,m2,Observation date unverified,vpa-open-space-snapshot
206011106,green_space_per_resident,population_denominator,14693,persons,2025-06-30,abs-erp-2024-25
206011107,population_growth,population_start,15010,persons,2020-06-30,abs-erp-2024-25
206011107,population_growth,population_end,15988,persons,2025-06-30,abs-erp-2024-25
206011107,transport_access,weighted_index_area_sum,60390602.878762275,access_index*m2,Retrieved 2026-09-08,dtp-ptal-snapshot
206011107,transport_access,valid_intersection_area,3178667.0515242284,m2,Retrieved 2026-09-08,dtp-ptal-snapshot
206011107,transport_access,sa2_area,3178667.0515242172,m2,Boundary 2021,abs-sa2-2021
206011107,green_space_per_resident,eligible_open_space_area,232409.32997947713,m2,Observation date unverified,vpa-open-space-snapshot
206011107,green_space_per_resident,population_denominator,15988,persons,2025-06-30,abs-erp-2024-25
206011109,population_growth,population_start,10836,persons,2020-06-30,abs-erp-2024-25
206011109,population_growth,population_end,10907,persons,2025-06-30,abs-erp-2024-25
206011109,transport_access,weighted_index_area_sum,41260843.31434393,access_index*m2,Retrieved 2026-09-08,dtp-ptal-snapshot
206011109,transport_access,valid_intersection_area,2988928.136666232,m2,Retrieved 2026-09-08,dtp-ptal-snapshot
206011109,transport_access,sa2_area,2988928.136666245,m2,Boundary 2021,abs-sa2-2021
206011109,green_space_per_resident,eligible_open_space_area,203335.82322385328,m2,Observation date unverified,vpa-open-space-snapshot
206011109,green_space_per_resident,population_denominator,10907,persons,2025-06-30,abs-erp-2024-25
206011495,population_growth,population_start,14124,persons,2020-06-30,abs-erp-2024-25
206011495,population_growth,population_end,15255,persons,2025-06-30,abs-erp-2024-25
206011495,transport_access,weighted_index_area_sum,66138736.9651317,access_index*m2,Retrieved 2026-09-08,dtp-ptal-snapshot
206011495,transport_access,valid_intersection_area,2408738.4501897567,m2,Retrieved 2026-09-08,dtp-ptal-snapshot
206011495,transport_access,sa2_area,2408738.450189732,m2,Boundary 2021,abs-sa2-2021
206011495,green_space_per_resident,eligible_open_space_area,10632.68568624008,m2,Observation date unverified,vpa-open-space-snapshot
206011495,green_space_per_resident,population_denominator,15255,persons,2025-06-30,abs-erp-2024-25
206011496,population_growth,population_start,14235,persons,2020-06-30,abs-erp-2024-25
206011496,population_growth,population_end,15366,persons,2025-06-30,abs-erp-2024-25
206011496,transport_access,weighted_index_area_sum,69767746.22741726,access_index*m2,Retrieved 2026-09-08,dtp-ptal-snapshot
206011496,transport_access,valid_intersection_area,2733708.0260178875,m2,Retrieved 2026-09-08,dtp-ptal-snapshot
206011496,transport_access,sa2_area,2733708.02601791,m2,Boundary 2021,abs-sa2-2021
206011496,green_space_per_resident,eligible_open_space_area,229331.96603142508,m2,Observation date unverified,vpa-open-space-snapshot
206011496,green_space_per_resident,population_denominator,15366,persons,2025-06-30,abs-erp-2024-25
206011497,population_growth,population_start,13265,persons,2020-06-30,abs-erp-2024-25
206011497,population_growth,population_end,14457,persons,2025-06-30,abs-erp-2024-25
206011497,transport_access,weighted_index_area_sum,90156369.29835685,access_index*m2,Retrieved 2026-09-08,dtp-ptal-snapshot
206011497,transport_access,valid_intersection_area,3746611.2105023707,m2,Retrieved 2026-09-08,dtp-ptal-snapshot
206011497,transport_access,sa2_area,3746611.210502393,m2,Boundary 2021,abs-sa2-2021
206011497,green_space_per_resident,eligible_open_space_area,418701.5718021475,m2,Observation date unverified,vpa-open-space-snapshot
206011497,green_space_per_resident,population_denominator,14457,persons,2025-06-30,abs-erp-2024-25
206011498,population_growth,population_start,14523,persons,2020-06-30,abs-erp-2024-25
206011498,population_growth,population_end,14989,persons,2025-06-30,abs-erp-2024-25
206011498,transport_access,weighted_index_area_sum,56136086.36912495,access_index*m2,Retrieved 2026-09-08,dtp-ptal-snapshot
206011498,transport_access,valid_intersection_area,3187053.253762056,m2,Retrieved 2026-09-08,dtp-ptal-snapshot
206011498,transport_access,sa2_area,3187053.253762021,m2,Boundary 2021,abs-sa2-2021
206011498,green_space_per_resident,eligible_open_space_area,70070.91105007728,m2,Observation date unverified,vpa-open-space-snapshot
206011498,green_space_per_resident,population_denominator,14989,persons,2025-06-30,abs-erp-2024-25
206021110,population_growth,population_start,9538,persons,2020-06-30,abs-erp-2024-25
206021110,population_growth,population_end,9749,persons,2025-06-30,abs-erp-2024-25
206021110,transport_access,weighted_index_area_sum,46719364.08249029,access_index*m2,Retrieved 2026-09-08,dtp-ptal-snapshot
206021110,transport_access,valid_intersection_area,2884964.5118796667,m2,Retrieved 2026-09-08,dtp-ptal-snapshot
206021110,transport_access,sa2_area,2884964.511879732,m2,Boundary 2021,abs-sa2-2021
206021110,green_space_per_resident,eligible_open_space_area,255042.30327926474,m2,Observation date unverified,vpa-open-space-snapshot
206021110,green_space_per_resident,population_denominator,9749,persons,2025-06-30,abs-erp-2024-25
206021112,population_growth,population_start,19791,persons,2020-06-30,abs-erp-2024-25
206021112,population_growth,population_end,20234,persons,2025-06-30,abs-erp-2024-25
206021112,transport_access,weighted_index_area_sum,89914344.73170279,access_index*m2,Retrieved 2026-09-08,dtp-ptal-snapshot
206021112,transport_access,valid_intersection_area,4996935.896138967,m2,Retrieved 2026-09-08,dtp-ptal-snapshot
206021112,transport_access,sa2_area,4996935.896138901,m2,Boundary 2021,abs-sa2-2021
206021112,green_space_per_resident,eligible_open_space_area,462813.3513109946,m2,Observation date unverified,vpa-open-space-snapshot
206021112,green_space_per_resident,population_denominator,20234,persons,2025-06-30,abs-erp-2024-25
206021499,population_growth,population_start,16183,persons,2020-06-30,abs-erp-2024-25
206021499,population_growth,population_end,15969,persons,2025-06-30,abs-erp-2024-25
206021499,transport_access,weighted_index_area_sum,84035834.69721366,access_index*m2,Retrieved 2026-09-08,dtp-ptal-snapshot
206021499,transport_access,valid_intersection_area,3513479.705043039,m2,Retrieved 2026-09-08,dtp-ptal-snapshot
206021499,transport_access,sa2_area,3513479.7050430644,m2,Boundary 2021,abs-sa2-2021
206021499,green_space_per_resident,eligible_open_space_area,349789.98684507643,m2,Observation date unverified,vpa-open-space-snapshot
206021499,green_space_per_resident,population_denominator,15969,persons,2025-06-30,abs-erp-2024-25
206021500,population_growth,population_start,10887,persons,2020-06-30,abs-erp-2024-25
206021500,population_growth,population_end,11026,persons,2025-06-30,abs-erp-2024-25
206021500,transport_access,weighted_index_area_sum,63910704.872177266,access_index*m2,Retrieved 2026-09-08,dtp-ptal-snapshot
206021500,transport_access,valid_intersection_area,2631389.2592040724,m2,Retrieved 2026-09-08,dtp-ptal-snapshot
206021500,transport_access,sa2_area,2631389.259204071,m2,Boundary 2021,abs-sa2-2021
206021500,green_space_per_resident,eligible_open_space_area,239996.90404407727,m2,Observation date unverified,vpa-open-space-snapshot
206021500,green_space_per_resident,population_denominator,11026,persons,2025-06-30,abs-erp-2024-25
206031113,population_growth,population_start,15784,persons,2020-06-30,abs-erp-2024-25
206031113,population_growth,population_end,16398,persons,2025-06-30,abs-erp-2024-25
206031113,transport_access,weighted_index_area_sum,65746449.07035766,access_index*m2,Retrieved 2026-09-08,dtp-ptal-snapshot
206031113,transport_access,valid_intersection_area,3836150.670750697,m2,Retrieved 2026-09-08,dtp-ptal-snapshot
206031113,transport_access,sa2_area,3836150.670750758,m2,Boundary 2021,abs-sa2-2021
206031113,green_space_per_resident,eligible_open_space_area,449257.4618794218,m2,Observation date unverified,vpa-open-space-snapshot
206031113,green_space_per_resident,population_denominator,16398,persons,2025-06-30,abs-erp-2024-25
206031115,population_growth,population_start,10270,persons,2020-06-30,abs-erp-2024-25
206031115,population_growth,population_end,9935,persons,2025-06-30,abs-erp-2024-25
206031115,transport_access,weighted_index_area_sum,34086714.44721863,access_index*m2,Retrieved 2026-09-08,dtp-ptal-snapshot
206031115,transport_access,valid_intersection_area,1580897.1963042216,m2,Retrieved 2026-09-08,dtp-ptal-snapshot
206031115,transport_access,sa2_area,1580897.1963042412,m2,Boundary 2021,abs-sa2-2021
206031115,green_space_per_resident,eligible_open_space_area,163614.1116879991,m2,Observation date unverified,vpa-open-space-snapshot
206031115,green_space_per_resident,population_denominator,9935,persons,2025-06-30,abs-erp-2024-25
206031116,population_growth,population_start,16639,persons,2020-06-30,abs-erp-2024-25
206031116,population_growth,population_end,17965,persons,2025-06-30,abs-erp-2024-25
206031116,transport_access,weighted_index_area_sum,94750371.2258909,access_index*m2,Retrieved 2026-09-08,dtp-ptal-snapshot
206031116,transport_access,valid_intersection_area,4355548.917716883,m2,Retrieved 2026-09-08,dtp-ptal-snapshot
206031116,transport_access,sa2_area,4355548.917716893,m2,Boundary 2021,abs-sa2-2021
206031116,green_space_per_resident,eligible_open_space_area,327457.6682165765,m2,Observation date unverified,vpa-open-space-snapshot
206031116,green_space_per_resident,population_denominator,17965,persons,2025-06-30,abs-erp-2024-25
206031501,population_growth,population_start,16920,persons,2020-06-30,abs-erp-2024-25
206031501,population_growth,population_end,17119,persons,2025-06-30,abs-erp-2024-25
206031501,transport_access,weighted_index_area_sum,64608975.88052912,access_index*m2,Retrieved 2026-09-08,dtp-ptal-snapshot
206031501,transport_access,valid_intersection_area,4888945.682654537,m2,Retrieved 2026-09-08,dtp-ptal-snapshot
206031501,transport_access,sa2_area,4888945.682654568,m2,Boundary 2021,abs-sa2-2021
206031501,green_space_per_resident,eligible_open_space_area,410373.46082754387,m2,Observation date unverified,vpa-open-space-snapshot
206031501,green_space_per_resident,population_denominator,17119,persons,2025-06-30,abs-erp-2024-25
206031502,population_growth,population_start,12763,persons,2020-06-30,abs-erp-2024-25
206031502,population_growth,population_end,13196,persons,2025-06-30,abs-erp-2024-25
206031502,transport_access,weighted_index_area_sum,91029733.18847881,access_index*m2,Retrieved 2026-09-08,dtp-ptal-snapshot
206031502,transport_access,valid_intersection_area,3554485.2433554004,m2,Retrieved 2026-09-08,dtp-ptal-snapshot
206031502,transport_access,sa2_area,3554485.243355272,m2,Boundary 2021,abs-sa2-2021
206031502,green_space_per_resident,eligible_open_space_area,323875.2975214139,m2,Observation date unverified,vpa-open-space-snapshot
206031502,green_space_per_resident,population_denominator,13196,persons,2025-06-30,abs-erp-2024-25
206041117,population_growth,population_start,20865,persons,2020-06-30,abs-erp-2024-25
206041117,population_growth,population_end,25267,persons,2025-06-30,abs-erp-2024-25
206041117,transport_access,weighted_index_area_sum,76034106.3774678,access_index*m2,Retrieved 2026-09-08,dtp-ptal-snapshot
206041117,transport_access,valid_intersection_area,1818205.838113357,m2,Retrieved 2026-09-08,dtp-ptal-snapshot
206041117,transport_access,sa2_area,1818205.8381134425,m2,Boundary 2021,abs-sa2-2021
206041117,green_space_per_resident,eligible_open_space_area,280199.0661233622,m2,Observation date unverified,vpa-open-space-snapshot
206041117,green_space_per_resident,population_denominator,25267,persons,2025-06-30,abs-erp-2024-25
206041118,population_growth,population_start,16671,persons,2020-06-30,abs-erp-2024-25
206041118,population_growth,population_end,19139,persons,2025-06-30,abs-erp-2024-25
206041118,transport_access,weighted_index_area_sum,79682259.16090293,access_index*m2,Retrieved 2026-09-08,dtp-ptal-snapshot
206041118,transport_access,valid_intersection_area,2443695.9230297613,m2,Retrieved 2026-09-08,dtp-ptal-snapshot
206041118,transport_access,sa2_area,2443695.9230298568,m2,Boundary 2021,abs-sa2-2021
206041118,green_space_per_resident,eligible_open_space_area,649740.8208895284,m2,Observation date unverified,vpa-open-space-snapshot
206041118,green_space_per_resident,population_denominator,19139,persons,2025-06-30,abs-erp-2024-25
206041119,population_growth,population_start,5383,persons,2020-06-30,abs-erp-2024-25
206041119,population_growth,population_end,5245,persons,2025-06-30,abs-erp-2024-25
206041119,transport_access,weighted_index_area_sum,123180021.66188857,access_index*m2,Retrieved 2026-09-08,dtp-ptal-snapshot
206041119,transport_access,valid_intersection_area,2899659.6156477034,m2,Retrieved 2026-09-08,dtp-ptal-snapshot
206041119,transport_access,sa2_area,2899659.6156476145,m2,Boundary 2021,abs-sa2-2021
206041119,green_space_per_resident,eligible_open_space_area,974465.5992278714,m2,Observation date unverified,vpa-open-space-snapshot
206041119,green_space_per_resident,population_denominator,5245,persons,2025-06-30,abs-erp-2024-25
206041120,population_growth,population_start,81,persons,2020-06-30,abs-erp-2024-25
206041120,population_growth,population_end,78,persons,2025-06-30,abs-erp-2024-25
206041120,transport_access,weighted_index_area_sum,8393161.428445138,access_index*m2,Retrieved 2026-09-08,dtp-ptal-snapshot
206041120,transport_access,valid_intersection_area,1709307.1228722092,m2,Retrieved 2026-09-08,dtp-ptal-snapshot
206041120,transport_access,sa2_area,1709307.1228721559,m2,Boundary 2021,abs-sa2-2021
206041120,green_space_per_resident,eligible_open_space_area,38168.45572551124,m2,Observation date unverified,vpa-open-space-snapshot
206041120,green_space_per_resident,population_denominator,78,persons,2025-06-30,abs-erp-2024-25
206041121,population_growth,population_start,11416,persons,2020-06-30,abs-erp-2024-25
206041121,population_growth,population_end,12423,persons,2025-06-30,abs-erp-2024-25
206041121,transport_access,weighted_index_area_sum,37891273.73858626,access_index*m2,Retrieved 2026-09-08,dtp-ptal-snapshot
206041121,transport_access,valid_intersection_area,2146982.914453759,m2,Retrieved 2026-09-08,dtp-ptal-snapshot
206041121,transport_access,sa2_area,2146982.91445397,m2,Boundary 2021,abs-sa2-2021
206041121,green_space_per_resident,eligible_open_space_area,306741.0524237424,m2,Observation date unverified,vpa-open-space-snapshot
206041121,green_space_per_resident,population_denominator,12423,persons,2025-06-30,abs-erp-2024-25
206041124,population_growth,population_start,8318,persons,2020-06-30,abs-erp-2024-25
206041124,population_growth,population_end,8280,persons,2025-06-30,abs-erp-2024-25
206041124,transport_access,weighted_index_area_sum,63370723.55984481,access_index*m2,Retrieved 2026-09-08,dtp-ptal-snapshot
206041124,transport_access,valid_intersection_area,4048708.027355338,m2,Retrieved 2026-09-08,dtp-ptal-snapshot
206041124,transport_access,sa2_area,4048708.027355277,m2,Boundary 2021,abs-sa2-2021
206041124,green_space_per_resident,eligible_open_space_area,1384149.5460095818,m2,Observation date unverified,vpa-open-space-snapshot
206041124,green_space_per_resident,population_denominator,8280,persons,2025-06-30,abs-erp-2024-25
206041125,population_growth,population_start,6960,persons,2020-06-30,abs-erp-2024-25
206041125,population_growth,population_end,6894,persons,2025-06-30,abs-erp-2024-25
206041125,transport_access,weighted_index_area_sum,41218440.92765167,access_index*m2,Retrieved 2026-09-08,dtp-ptal-snapshot
206041125,transport_access,valid_intersection_area,1502222.254324082,m2,Retrieved 2026-09-08,dtp-ptal-snapshot
206041125,transport_access,sa2_area,1502222.2543241538,m2,Boundary 2021,abs-sa2-2021
206041125,green_space_per_resident,eligible_open_space_area,412640.72687421215,m2,Observation date unverified,vpa-open-space-snapshot
206041125,green_space_per_resident,population_denominator,6894,persons,2025-06-30,abs-erp-2024-25
206041127,population_growth,population_start,0,persons,2020-06-30,abs-erp-2024-25
206041127,population_growth,population_end,0,persons,2025-06-30,abs-erp-2024-25
206041127,transport_access,weighted_index_area_sum,22984349.87998439,access_index*m2,Retrieved 2026-09-08,dtp-ptal-snapshot
206041127,transport_access,valid_intersection_area,6199353.756776195,m2,Retrieved 2026-09-08,dtp-ptal-snapshot
206041127,transport_access,sa2_area,6199353.756776023,m2,Boundary 2021,abs-sa2-2021
206041127,green_space_per_resident,eligible_open_space_area,1031658.5414077368,m2,Observation date unverified,vpa-open-space-snapshot
206041127,green_space_per_resident,population_denominator,0,persons,2025-06-30,abs-erp-2024-25
206041503,population_growth,population_start,12346,persons,2020-06-30,abs-erp-2024-25
206041503,population_growth,population_end,14266,persons,2025-06-30,abs-erp-2024-25
206041503,transport_access,weighted_index_area_sum,78179955.1905144,access_index*m2,Retrieved 2026-09-08,dtp-ptal-snapshot
206041503,transport_access,valid_intersection_area,801785.083464937,m2,Retrieved 2026-09-08,dtp-ptal-snapshot
206041503,transport_access,sa2_area,801785.0834650251,m2,Boundary 2021,abs-sa2-2021
206041503,green_space_per_resident,eligible_open_space_area,5567.90094897581,m2,Observation date unverified,vpa-open-space-snapshot
206041503,green_space_per_resident,population_denominator,14266,persons,2025-06-30,abs-erp-2024-25
206041504,population_growth,population_start,19155,persons,2020-06-30,abs-erp-2024-25
206041504,population_growth,population_end,24296,persons,2025-06-30,abs-erp-2024-25
206041504,transport_access,weighted_index_area_sum,49591555.9752924,access_index*m2,Retrieved 2026-09-08,dtp-ptal-snapshot
206041504,transport_access,valid_intersection_area,561494.3395572373,m2,Retrieved 2026-09-08,dtp-ptal-snapshot
206041504,transport_access,sa2_area,561494.3395572322,m2,Boundary 2021,abs-sa2-2021
206041504,green_space_per_resident,eligible_open_space_area,6713.300142847603,m2,Observation date unverified,vpa-open-space-snapshot
206041504,green_space_per_resident,population_denominator,24296,persons,2025-06-30,abs-erp-2024-25
206041505,population_growth,population_start,18796,persons,2020-06-30,abs-erp-2024-25
206041505,population_growth,population_end,22163,persons,2025-06-30,abs-erp-2024-25
206041505,transport_access,weighted_index_area_sum,110039635.32221915,access_index*m2,Retrieved 2026-09-08,dtp-ptal-snapshot
206041505,transport_access,valid_intersection_area,1005333.2936493176,m2,Retrieved 2026-09-08,dtp-ptal-snapshot
206041505,transport_access,sa2_area,1005333.2936492868,m2,Boundary 2021,abs-sa2-2021
206041505,green_space_per_resident,eligible_open_space_area,74829.76048114692,m2,Observation date unverified,vpa-open-space-snapshot
206041505,green_space_per_resident,population_denominator,22163,persons,2025-06-30,abs-erp-2024-25
206041506,population_growth,population_start,18154,persons,2020-06-30,abs-erp-2024-25
206041506,population_growth,population_end,19286,persons,2025-06-30,abs-erp-2024-25
206041506,transport_access,weighted_index_area_sum,69966110.79530038,access_index*m2,Retrieved 2026-09-08,dtp-ptal-snapshot
206041506,transport_access,valid_intersection_area,2425252.559916237,m2,Retrieved 2026-09-08,dtp-ptal-snapshot
206041506,transport_access,sa2_area,2425252.559916196,m2,Boundary 2021,abs-sa2-2021
206041506,green_space_per_resident,eligible_open_space_area,114254.1605893363,m2,Observation date unverified,vpa-open-space-snapshot
206041506,green_space_per_resident,population_denominator,19286,persons,2025-06-30,abs-erp-2024-25
206041507,population_growth,population_start,0,persons,2020-06-30,abs-erp-2024-25
206041507,population_growth,population_end,0,persons,2025-06-30,abs-erp-2024-25
206041507,transport_access,weighted_index_area_sum,23363825.551667802,access_index*m2,Retrieved 2026-09-08,dtp-ptal-snapshot
206041507,transport_access,valid_intersection_area,1351088.2005964292,m2,Retrieved 2026-09-08,dtp-ptal-snapshot
206041507,transport_access,sa2_area,1351088.200596366,m2,Boundary 2021,abs-sa2-2021
206041507,green_space_per_resident,eligible_open_space_area,1094022.5850621013,m2,Observation date unverified,vpa-open-space-snapshot
206041507,green_space_per_resident,population_denominator,0,persons,2025-06-30,abs-erp-2024-25
206041508,population_growth,population_start,7551,persons,2020-06-30,abs-erp-2024-25
206041508,population_growth,population_end,8122,persons,2025-06-30,abs-erp-2024-25
206041508,transport_access,weighted_index_area_sum,34601496.34037489,access_index*m2,Retrieved 2026-09-08,dtp-ptal-snapshot
206041508,transport_access,valid_intersection_area,849835.3721751341,m2,Retrieved 2026-09-08,dtp-ptal-snapshot
206041508,transport_access,sa2_area,849835.3721750878,m2,Boundary 2021,abs-sa2-2021
206041508,green_space_per_resident,eligible_open_space_area,91800.35889668927,m2,Observation date unverified,vpa-open-space-snapshot
206041508,green_space_per_resident,population_denominator,8122,persons,2025-06-30,abs-erp-2024-25
206041509,population_growth,population_start,17305,persons,2020-06-30,abs-erp-2024-25
206041509,population_growth,population_end,19552,persons,2025-06-30,abs-erp-2024-25
206041509,transport_access,weighted_index_area_sum,29358017.527471036,access_index*m2,Retrieved 2026-09-08,dtp-ptal-snapshot
206041509,transport_access,valid_intersection_area,803842.5516341968,m2,Retrieved 2026-09-08,dtp-ptal-snapshot
206041509,transport_access,sa2_area,803842.5516341922,m2,Boundary 2021,abs-sa2-2021
206041509,green_space_per_resident,eligible_open_space_area,8537.369930367395,m2,Observation date unverified,vpa-open-space-snapshot
206041509,green_space_per_resident,population_denominator,19552,persons,2025-06-30,abs-erp-2024-25
206041510,population_growth,population_start,7567,persons,2020-06-30,abs-erp-2024-25
206041510,population_growth,population_end,9699,persons,2025-06-30,abs-erp-2024-25
206041510,transport_access,weighted_index_area_sum,41446018.2627728,access_index*m2,Retrieved 2026-09-08,dtp-ptal-snapshot
206041510,transport_access,valid_intersection_area,824582.6171310046,m2,Retrieved 2026-09-08,dtp-ptal-snapshot
206041510,transport_access,sa2_area,824582.6171310915,m2,Boundary 2021,abs-sa2-2021
206041510,green_space_per_resident,eligible_open_space_area,86700.32481168618,m2,Observation date unverified,vpa-open-space-snapshot
206041510,green_space_per_resident,population_denominator,9699,persons,2025-06-30,abs-erp-2024-25
206051128,population_growth,population_start,16955,persons,2020-06-30,abs-erp-2024-25
206051128,population_growth,population_end,17253,persons,2025-06-30,abs-erp-2024-25
206051128,transport_access,weighted_index_area_sum,73547309.64028542,access_index*m2,Retrieved 2026-09-08,dtp-ptal-snapshot
206051128,transport_access,valid_intersection_area,4675440.288755991,m2,Retrieved 2026-09-08,dtp-ptal-snapshot
206051128,transport_access,sa2_area,4675451.132721832,m2,Boundary 2021,abs-sa2-2021
206051128,green_space_per_resident,eligible_open_space_area,1574660.5739351711,m2,Observation date unverified,vpa-open-space-snapshot
206051128,green_space_per_resident,population_denominator,17253,persons,2025-06-30,abs-erp-2024-25
206051129,population_growth,population_start,15925,persons,2020-06-30,abs-erp-2024-25
206051129,population_growth,population_end,16056,persons,2025-06-30,abs-erp-2024-25
206051129,transport_access,weighted_index_area_sum,46634060.49728251,access_index*m2,Retrieved 2026-09-08,dtp-ptal-snapshot
206051129,transport_access,valid_intersection_area,2553507.8124464857,m2,Retrieved 2026-09-08,dtp-ptal-snapshot
206051129,transport_access,sa2_area,2553507.8124464955,m2,Boundary 2021,abs-sa2-2021
206051129,green_space_per_resident,eligible_open_space_area,365338.3401570447,m2,Observation date unverified,vpa-open-space-snapshot
206051129,green_space_per_resident,population_denominator,16056,persons,2025-06-30,abs-erp-2024-25
206051130,population_growth,population_start,16998,persons,2020-06-30,abs-erp-2024-25
206051130,population_growth,population_end,16927,persons,2025-06-30,abs-erp-2024-25
206051130,transport_access,weighted_index_area_sum,41160873.55232467,access_index*m2,Retrieved 2026-09-08,dtp-ptal-snapshot
206051130,transport_access,valid_intersection_area,2702133.1291686124,m2,Retrieved 2026-09-08,dtp-ptal-snapshot
206051130,transport_access,sa2_area,2789070.115734684,m2,Boundary 2021,abs-sa2-2021
206051130,green_space_per_resident,eligible_open_space_area,498202.11808355234,m2,Observation date unverified,vpa-open-space-snapshot
206051130,green_space_per_resident,population_denominator,16927,persons,2025-06-30,abs-erp-2024-25
206051134,population_growth,population_start,17259,persons,2020-06-30,abs-erp-2024-25
206051134,population_growth,population_end,17380,persons,2025-06-30,abs-erp-2024-25
206051134,transport_access,weighted_index_area_sum,56054236.89549032,access_index*m2,Retrieved 2026-09-08,dtp-ptal-snapshot
206051134,transport_access,valid_intersection_area,2413147.024779621,m2,Retrieved 2026-09-08,dtp-ptal-snapshot
206051134,transport_access,sa2_area,2413147.024779577,m2,Boundary 2021,abs-sa2-2021
206051134,green_space_per_resident,eligible_open_space_area,106597.44801438636,m2,Observation date unverified,vpa-open-space-snapshot
206051134,green_space_per_resident,population_denominator,17380,persons,2025-06-30,abs-erp-2024-25
206051511,population_growth,population_start,1709,persons,2020-06-30,abs-erp-2024-25
206051511,population_growth,population_end,3148,persons,2025-06-30,abs-erp-2024-25
206051511,transport_access,weighted_index_area_sum,49891138.73105093,access_index*m2,Retrieved 2026-09-08,dtp-ptal-snapshot
206051511,transport_access,valid_intersection_area,7578861.829734525,m2,Retrieved 2026-09-08,dtp-ptal-snapshot
206051511,transport_access,sa2_area,7642695.28550099,m2,Boundary 2021,abs-sa2-2021
206051511,green_space_per_resident,eligible_open_space_area,781666.0229238531,m2,Observation date unverified,vpa-open-space-snapshot
206051511,green_space_per_resident,population_denominator,3148,persons,2025-06-30,abs-erp-2024-25
206051512,population_growth,population_start,12721,persons,2020-06-30,abs-erp-2024-25
206051512,population_growth,population_end,13132,persons,2025-06-30,abs-erp-2024-25
206051512,transport_access,weighted_index_area_sum,52721176.90364385,access_index*m2,Retrieved 2026-09-08,dtp-ptal-snapshot
206051512,transport_access,valid_intersection_area,1889630.3745029839,m2,Retrieved 2026-09-08,dtp-ptal-snapshot
206051512,transport_access,sa2_area,1889630.3745031357,m2,Boundary 2021,abs-sa2-2021
206051512,green_space_per_resident,eligible_open_space_area,38738.99991320884,m2,Observation date unverified,vpa-open-space-snapshot
206051512,green_space_per_resident,population_denominator,13132,persons,2025-06-30,abs-erp-2024-25
206051513,population_growth,population_start,13380,persons,2020-06-30,abs-erp-2024-25
206051513,population_growth,population_end,14012,persons,2025-06-30,abs-erp-2024-25
206051513,transport_access,weighted_index_area_sum,53201047.07908414,access_index*m2,Retrieved 2026-09-08,dtp-ptal-snapshot
206051513,transport_access,valid_intersection_area,1537613.7240889217,m2,Retrieved 2026-09-08,dtp-ptal-snapshot
206051513,transport_access,sa2_area,1537613.7240889466,m2,Boundary 2021,abs-sa2-2021
206051513,green_space_per_resident,eligible_open_space_area,75738.30883664393,m2,Observation date unverified,vpa-open-space-snapshot
206051513,green_space_per_resident,population_denominator,14012,persons,2025-06-30,abs-erp-2024-25
206051514,population_growth,population_start,15648,persons,2020-06-30,abs-erp-2024-25
206051514,population_growth,population_end,16298,persons,2025-06-30,abs-erp-2024-25
206051514,transport_access,weighted_index_area_sum,62163351.90352472,access_index*m2,Retrieved 2026-09-08,dtp-ptal-snapshot
206051514,transport_access,valid_intersection_area,2363690.467493593,m2,Retrieved 2026-09-08,dtp-ptal-snapshot
206051514,transport_access,sa2_area,2363735.134814597,m2,Boundary 2021,abs-sa2-2021
206051514,green_space_per_resident,eligible_open_space_area,639889.7109927052,m2,Observation date unverified,vpa-open-space-snapshot
206051514,green_space_per_resident,population_denominator,16298,persons,2025-06-30,abs-erp-2024-25
206061135,population_growth,population_start,10075,persons,2020-06-30,abs-erp-2024-25
206061135,population_growth,population_end,10032,persons,2025-06-30,abs-erp-2024-25
206061135,transport_access,weighted_index_area_sum,72841763.12021953,access_index*m2,Retrieved 2026-09-08,dtp-ptal-snapshot
206061135,transport_access,valid_intersection_area,2182790.1348122885,m2,Retrieved 2026-09-08,dtp-ptal-snapshot
206061135,transport_access,sa2_area,2182790.1348123155,m2,Boundary 2021,abs-sa2-2021
206061135,green_space_per_resident,eligible_open_space_area,52156.133419192294,m2,Observation date unverified,vpa-open-space-snapshot
206061135,green_space_per_resident,population_denominator,10032,persons,2025-06-30,abs-erp-2024-25
206061136,population_growth,population_start,20847,persons,2020-06-30,abs-erp-2024-25
206061136,population_growth,population_end,21112,persons,2025-06-30,abs-erp-2024-25
206061136,transport_access,weighted_index_area_sum,95962002.54325813,access_index*m2,Retrieved 2026-09-08,dtp-ptal-snapshot
206061136,transport_access,valid_intersection_area,2904489.4528978304,m2,Retrieved 2026-09-08,dtp-ptal-snapshot
206061136,transport_access,sa2_area,2904489.4528979026,m2,Boundary 2021,abs-sa2-2021
206061136,green_space_per_resident,eligible_open_space_area,141069.02238918253,m2,Observation date unverified,vpa-open-space-snapshot
206061136,green_space_per_resident,population_denominator,21112,persons,2025-06-30,abs-erp-2024-25
206061138,population_growth,population_start,13644,persons,2020-06-30,abs-erp-2024-25
206061138,population_growth,population_end,13610,persons,2025-06-30,abs-erp-2024-25
206061138,transport_access,weighted_index_area_sum,78173932.56459287,access_index*m2,Retrieved 2026-09-08,dtp-ptal-snapshot
206061138,transport_access,valid_intersection_area,4323341.196810309,m2,Retrieved 2026-09-08,dtp-ptal-snapshot
206061138,transport_access,sa2_area,4323341.196810246,m2,Boundary 2021,abs-sa2-2021
206061138,green_space_per_resident,eligible_open_space_area,100836.8195890481,m2,Observation date unverified,vpa-open-space-snapshot
206061138,green_space_per_resident,population_denominator,13610,persons,2025-06-30,abs-erp-2024-25
206061515,population_growth,population_start,12223,persons,2020-06-30,abs-erp-2024-25
206061515,population_growth,population_end,13779,persons,2025-06-30,abs-erp-2024-25
206061515,transport_access,weighted_index_area_sum,30598270.070598025,access_index*m2,Retrieved 2026-09-08,dtp-ptal-snapshot
206061515,transport_access,valid_intersection_area,1169588.1205542732,m2,Retrieved 2026-09-08,dtp-ptal-snapshot
206061515,transport_access,sa2_area,1169588.1205543452,m2,Boundary 2021,abs-sa2-2021
206061515,green_space_per_resident,eligible_open_space_area,225831.23369706704,m2,Observation date unverified,vpa-open-space-snapshot
206061515,green_space_per_resident,population_denominator,13779,persons,2025-06-30,abs-erp-2024-25
206061516,population_growth,population_start,11285,persons,2020-06-30,abs-erp-2024-25
206061516,population_growth,population_end,10440,persons,2025-06-30,abs-erp-2024-25
206061516,transport_access,weighted_index_area_sum,45842283.50185567,access_index*m2,Retrieved 2026-09-08,dtp-ptal-snapshot
206061516,transport_access,valid_intersection_area,1347806.617158035,m2,Retrieved 2026-09-08,dtp-ptal-snapshot
206061516,transport_access,sa2_area,1347806.6171579387,m2,Boundary 2021,abs-sa2-2021
206061516,green_space_per_resident,eligible_open_space_area,28800.172156805715,m2,Observation date unverified,vpa-open-space-snapshot
206061516,green_space_per_resident,population_denominator,10440,persons,2025-06-30,abs-erp-2024-25
206071139,population_growth,population_start,9672,persons,2020-06-30,abs-erp-2024-25
206071139,population_growth,population_end,10316,persons,2025-06-30,abs-erp-2024-25
206071139,transport_access,weighted_index_area_sum,39841615.08526891,access_index*m2,Retrieved 2026-09-08,dtp-ptal-snapshot
206071139,transport_access,valid_intersection_area,1740629.0253779115,m2,Retrieved 2026-09-08,dtp-ptal-snapshot
206071139,transport_access,sa2_area,1740629.025377814,m2,Boundary 2021,abs-sa2-2021
206071139,green_space_per_resident,eligible_open_space_area,271425.928582433,m2,Observation date unverified,vpa-open-space-snapshot
206071139,green_space_per_resident,population_denominator,10316,persons,2025-06-30,abs-erp-2024-25
206071140,population_growth,population_start,8899,persons,2020-06-30,abs-erp-2024-25
206071140,population_growth,population_end,8828,persons,2025-06-30,abs-erp-2024-25
206071140,transport_access,weighted_index_area_sum,47044833.18518157,access_index*m2,Retrieved 2026-09-08,dtp-ptal-snapshot
206071140,transport_access,valid_intersection_area,2304088.4046391104,m2,Retrieved 2026-09-08,dtp-ptal-snapshot
206071140,transport_access,sa2_area,2304088.4046390904,m2,Boundary 2021,abs-sa2-2021
206071140,green_space_per_resident,eligible_open_space_area,377336.8791565898,m2,Observation date unverified,vpa-open-space-snapshot
206071140,green_space_per_resident,population_denominator,8828,persons,2025-06-30,abs-erp-2024-25
206071141,population_growth,population_start,9969,persons,2020-06-30,abs-erp-2024-25
206071141,population_growth,population_end,11383,persons,2025-06-30,abs-erp-2024-25
206071141,transport_access,weighted_index_area_sum,37207359.961171575,access_index*m2,Retrieved 2026-09-08,dtp-ptal-snapshot
206071141,transport_access,valid_intersection_area,1267010.4629399218,m2,Retrieved 2026-09-08,dtp-ptal-snapshot
206071141,transport_access,sa2_area,1267010.462939915,m2,Boundary 2021,abs-sa2-2021
206071141,green_space_per_resident,eligible_open_space_area,3461.740113669628,m2,Observation date unverified,vpa-open-space-snapshot
206071141,green_space_per_resident,population_denominator,11383,persons,2025-06-30,abs-erp-2024-25
206071142,population_growth,population_start,11299,persons,2020-06-30,abs-erp-2024-25
206071142,population_growth,population_end,12135,persons,2025-06-30,abs-erp-2024-25
206071142,transport_access,weighted_index_area_sum,53153221.31554114,access_index*m2,Retrieved 2026-09-08,dtp-ptal-snapshot
206071142,transport_access,valid_intersection_area,1377460.5795185324,m2,Retrieved 2026-09-08,dtp-ptal-snapshot
206071142,transport_access,sa2_area,1377460.5795185543,m2,Boundary 2021,abs-sa2-2021
206071142,green_space_per_resident,eligible_open_space_area,21130.143752877222,m2,Observation date unverified,vpa-open-space-snapshot
206071142,green_space_per_resident,population_denominator,12135,persons,2025-06-30,abs-erp-2024-25
206071143,population_growth,population_start,13659,persons,2020-06-30,abs-erp-2024-25
206071143,population_growth,population_end,13749,persons,2025-06-30,abs-erp-2024-25
206071143,transport_access,weighted_index_area_sum,76629093.95395868,access_index*m2,Retrieved 2026-09-08,dtp-ptal-snapshot
206071143,transport_access,valid_intersection_area,2504967.1995227127,m2,Retrieved 2026-09-08,dtp-ptal-snapshot
206071143,transport_access,sa2_area,2504967.1995227817,m2,Boundary 2021,abs-sa2-2021
206071143,green_space_per_resident,eligible_open_space_area,303190.320104136,m2,Observation date unverified,vpa-open-space-snapshot
206071143,green_space_per_resident,population_denominator,13749,persons,2025-06-30,abs-erp-2024-25
206071145,population_growth,population_start,10163,persons,2020-06-30,abs-erp-2024-25
206071145,population_growth,population_end,11419,persons,2025-06-30,abs-erp-2024-25
206071145,transport_access,weighted_index_area_sum,45701242.97794801,access_index*m2,Retrieved 2026-09-08,dtp-ptal-snapshot
206071145,transport_access,valid_intersection_area,5208342.0608449485,m2,Retrieved 2026-09-08,dtp-ptal-snapshot
206071145,transport_access,sa2_area,5208342.060844936,m2,Boundary 2021,abs-sa2-2021
206071145,green_space_per_resident,eligible_open_space_area,1645547.555213583,m2,Observation date unverified,vpa-open-space-snapshot
206071145,green_space_per_resident,population_denominator,11419,persons,2025-06-30,abs-erp-2024-25
206071517,population_growth,population_start,18929,persons,2020-06-30,abs-erp-2024-25
206071517,population_growth,population_end,19225,persons,2025-06-30,abs-erp-2024-25
206071517,transport_access,weighted_index_area_sum,106137244.14382726,access_index*m2,Retrieved 2026-09-08,dtp-ptal-snapshot
206071517,transport_access,valid_intersection_area,4288771.8349519055,m2,Retrieved 2026-09-08,dtp-ptal-snapshot
206071517,transport_access,sa2_area,4288771.83495195,m2,Boundary 2021,abs-sa2-2021
206071517,green_space_per_resident,eligible_open_space_area,639690.0280585785,m2,Observation date unverified,vpa-open-space-snapshot
206071517,green_space_per_resident,population_denominator,19225,persons,2025-06-30,abs-erp-2024-25
206071518,population_growth,population_start,15025,persons,2020-06-30,abs-erp-2024-25
206071518,population_growth,population_end,15303,persons,2025-06-30,abs-erp-2024-25
206071518,transport_access,weighted_index_area_sum,47313172.206189945,access_index*m2,Retrieved 2026-09-08,dtp-ptal-snapshot
206071518,transport_access,valid_intersection_area,1923595.305010533,m2,Retrieved 2026-09-08,dtp-ptal-snapshot
206071518,transport_access,sa2_area,1923595.3050105397,m2,Boundary 2021,abs-sa2-2021
206071518,green_space_per_resident,eligible_open_space_area,73040.84459566367,m2,Observation date unverified,vpa-open-space-snapshot
206071518,green_space_per_resident,population_denominator,15303,persons,2025-06-30,abs-erp-2024-25
207011146,population_growth,population_start,8309,persons,2020-06-30,abs-erp-2024-25
207011146,population_growth,population_end,8471,persons,2025-06-30,abs-erp-2024-25
207011146,transport_access,weighted_index_area_sum,30947618.303159956,access_index*m2,Retrieved 2026-09-08,dtp-ptal-snapshot
207011146,transport_access,valid_intersection_area,2836246.7513350723,m2,Retrieved 2026-09-08,dtp-ptal-snapshot
207011146,transport_access,sa2_area,2836246.751335078,m2,Boundary 2021,abs-sa2-2021
207011146,green_space_per_resident,eligible_open_space_area,271090.25051224063,m2,Observation date unverified,vpa-open-space-snapshot
207011146,green_space_per_resident,population_denominator,8471,persons,2025-06-30,abs-erp-2024-25
207011147,population_growth,population_start,17031,persons,2020-06-30,abs-erp-2024-25
207011147,population_growth,population_end,16868,persons,2025-06-30,abs-erp-2024-25
207011147,transport_access,weighted_index_area_sum,58270182.818386704,access_index*m2,Retrieved 2026-09-08,dtp-ptal-snapshot
207011147,transport_access,valid_intersection_area,5584971.600078918,m2,Retrieved 2026-09-08,dtp-ptal-snapshot
207011147,transport_access,sa2_area,5584971.600078988,m2,Boundary 2021,abs-sa2-2021
207011147,green_space_per_resident,eligible_open_space_area,304033.5985244504,m2,Observation date unverified,vpa-open-space-snapshot
207011147,green_space_per_resident,population_denominator,16868,persons,2025-06-30,abs-erp-2024-25
207011148,population_growth,population_start,21930,persons,2020-06-30,abs-erp-2024-25
207011148,population_growth,population_end,22454,persons,2025-06-30,abs-erp-2024-25
207011148,transport_access,weighted_index_area_sum,92920901.18336411,access_index*m2,Retrieved 2026-09-08,dtp-ptal-snapshot
207011148,transport_access,valid_intersection_area,8848160.565778172,m2,Retrieved 2026-09-08,dtp-ptal-snapshot
207011148,transport_access,sa2_area,8848160.56577819,m2,Boundary 2021,abs-sa2-2021
207011148,green_space_per_resident,eligible_open_space_area,1042600.4657546582,m2,Observation date unverified,vpa-open-space-snapshot
207011148,green_space_per_resident,population_denominator,22454,persons,2025-06-30,abs-erp-2024-25
207011149,population_growth,population_start,22604,persons,2020-06-30,abs-erp-2024-25
207011149,population_growth,population_end,22052,persons,2025-06-30,abs-erp-2024-25
207011149,transport_access,weighted_index_area_sum,120648594.20769285,access_index*m2,Retrieved 2026-09-08,dtp-ptal-snapshot
207011149,transport_access,valid_intersection_area,7290909.797609002,m2,Retrieved 2026-09-08,dtp-ptal-snapshot
207011149,transport_access,sa2_area,7290909.79760894,m2,Boundary 2021,abs-sa2-2021
207011149,green_space_per_resident,eligible_open_space_area,435775.5096025372,m2,Observation date unverified,vpa-open-space-snapshot
207011149,green_space_per_resident,population_denominator,22052,persons,2025-06-30,abs-erp-2024-25
207011150,population_growth,population_start,17375,persons,2020-06-30,abs-erp-2024-25
207011150,population_growth,population_end,17650,persons,2025-06-30,abs-erp-2024-25
207011150,transport_access,weighted_index_area_sum,59232946.53811214,access_index*m2,Retrieved 2026-09-08,dtp-ptal-snapshot
207011150,transport_access,valid_intersection_area,5704877.243684943,m2,Retrieved 2026-09-08,dtp-ptal-snapshot
207011150,transport_access,sa2_area,5704877.243684929,m2,Boundary 2021,abs-sa2-2021
207011150,green_space_per_resident,eligible_open_space_area,566316.7978551966,m2,Observation date unverified,vpa-open-space-snapshot
207011150,green_space_per_resident,population_denominator,17650,persons,2025-06-30,abs-erp-2024-25
207011152,population_growth,population_start,16698,persons,2020-06-30,abs-erp-2024-25
207011152,population_growth,population_end,17541,persons,2025-06-30,abs-erp-2024-25
207011152,transport_access,weighted_index_area_sum,55256972.00237678,access_index*m2,Retrieved 2026-09-08,dtp-ptal-snapshot
207011152,transport_access,valid_intersection_area,3824272.491220398,m2,Retrieved 2026-09-08,dtp-ptal-snapshot
207011152,transport_access,sa2_area,3824272.4912203653,m2,Boundary 2021,abs-sa2-2021
207011152,green_space_per_resident,eligible_open_space_area,288779.77207202354,m2,Observation date unverified,vpa-open-space-snapshot
207011152,green_space_per_resident,population_denominator,17541,persons,2025-06-30,abs-erp-2024-25
207011154,population_growth,population_start,6783,persons,2020-06-30,abs-erp-2024-25
207011154,population_growth,population_end,6759,persons,2025-06-30,abs-erp-2024-25
207011154,transport_access,weighted_index_area_sum,41274658.7584718,access_index*m2,Retrieved 2026-09-08,dtp-ptal-snapshot
207011154,transport_access,valid_intersection_area,4015302.3645962495,m2,Retrieved 2026-09-08,dtp-ptal-snapshot
207011154,transport_access,sa2_area,4015302.364596197,m2,Boundary 2021,abs-sa2-2021
207011154,green_space_per_resident,eligible_open_space_area,540382.0339283162,m2,Observation date unverified,vpa-open-space-snapshot
207011154,green_space_per_resident,population_denominator,6759,persons,2025-06-30,abs-erp-2024-25
207011155,population_growth,population_start,16786,persons,2020-06-30,abs-erp-2024-25
207011155,population_growth,population_end,16229,persons,2025-06-30,abs-erp-2024-25
207011155,transport_access,weighted_index_area_sum,78226155.18060261,access_index*m2,Retrieved 2026-09-08,dtp-ptal-snapshot
207011155,transport_access,valid_intersection_area,5702012.308670506,m2,Retrieved 2026-09-08,dtp-ptal-snapshot
207011155,transport_access,sa2_area,5702012.308670495,m2,Boundary 2021,abs-sa2-2021
207011155,green_space_per_resident,eligible_open_space_area,258049.0605551358,m2,Observation date unverified,vpa-open-space-snapshot
207011155,green_space_per_resident,population_denominator,16229,persons,2025-06-30,abs-erp-2024-25
207011519,population_growth,population_start,10862,persons,2020-06-30,abs-erp-2024-25
207011519,population_growth,population_end,10910,persons,2025-06-30,abs-erp-2024-25
207011519,transport_access,weighted_index_area_sum,37991893.07178767,access_index*m2,Retrieved 2026-09-08,dtp-ptal-snapshot
207011519,transport_access,valid_intersection_area,2455658.439843884,m2,Retrieved 2026-09-08,dtp-ptal-snapshot
207011519,transport_access,sa2_area,2455658.4398440206,m2,Boundary 2021,abs-sa2-2021
207011519,green_space_per_resident,eligible_open_space_area,261821.67848314994,m2,Observation date unverified,vpa-open-space-snapshot
207011519,green_space_per_resident,population_denominator,10910,persons,2025-06-30,abs-erp-2024-25
207011520,population_growth,population_start,13360,persons,2020-06-30,abs-erp-2024-25
207011520,population_growth,population_end,13562,persons,2025-06-30,abs-erp-2024-25
207011520,transport_access,weighted_index_area_sum,61582742.84774957,access_index*m2,Retrieved 2026-09-08,dtp-ptal-snapshot
207011520,transport_access,valid_intersection_area,3216011.644266094,m2,Retrieved 2026-09-08,dtp-ptal-snapshot
207011520,transport_access,sa2_area,3216011.6442660163,m2,Boundary 2021,abs-sa2-2021
207011520,green_space_per_resident,eligible_open_space_area,251160.42928857123,m2,Observation date unverified,vpa-open-space-snapshot
207011520,green_space_per_resident,population_denominator,13562,persons,2025-06-30,abs-erp-2024-25
207011521,population_growth,population_start,12385,persons,2020-06-30,abs-erp-2024-25
207011521,population_growth,population_end,12306,persons,2025-06-30,abs-erp-2024-25
207011521,transport_access,weighted_index_area_sum,64462926.02079353,access_index*m2,Retrieved 2026-09-08,dtp-ptal-snapshot
207011521,transport_access,valid_intersection_area,4322953.799969929,m2,Retrieved 2026-09-08,dtp-ptal-snapshot
207011521,transport_access,sa2_area,4322953.799970018,m2,Boundary 2021,abs-sa2-2021
207011521,green_space_per_resident,eligible_open_space_area,198591.36493961816,m2,Observation date unverified,vpa-open-space-snapshot
207011521,green_space_per_resident,population_denominator,12306,persons,2025-06-30,abs-erp-2024-25
207011522,population_growth,population_start,13752,persons,2020-06-30,abs-erp-2024-25
207011522,population_growth,population_end,13799,persons,2025-06-30,abs-erp-2024-25
207011522,transport_access,weighted_index_area_sum,50552027.30486747,access_index*m2,Retrieved 2026-09-08,dtp-ptal-snapshot
207011522,transport_access,valid_intersection_area,6209705.989278791,m2,Retrieved 2026-09-08,dtp-ptal-snapshot
207011522,transport_access,sa2_area,6209705.989278751,m2,Boundary 2021,abs-sa2-2021
207011522,green_space_per_resident,eligible_open_space_area,1675388.4981857066,m2,Observation date unverified,vpa-open-space-snapshot
207011522,green_space_per_resident,population_denominator,13799,persons,2025-06-30,abs-erp-2024-25
207021156,population_growth,population_start,11657,persons,2020-06-30,abs-erp-2024-25
207021156,population_growth,population_end,11810,persons,2025-06-30,abs-erp-2024-25
207021156,transport_access,weighted_index_area_sum,35321738.36711449,access_index*m2,Retrieved 2026-09-08,dtp-ptal-snapshot
207021156,transport_access,valid_intersection_area,6670411.905845855,m2,Retrieved 2026-09-08,dtp-ptal-snapshot
207021156,transport_access,sa2_area,6670411.905845785,m2,Boundary 2021,abs-sa2-2021
207021156,green_space_per_resident,eligible_open_space_area,1400003.5523537945,m2,Observation date unverified,vpa-open-space-snapshot
207021156,green_space_per_resident,population_denominator,11810,persons,2025-06-30,abs-erp-2024-25
207021157,population_growth,population_start,25118,persons,2020-06-30,abs-erp-2024-25
207021157,population_growth,population_end,28353,persons,2025-06-30,abs-erp-2024-25
207021157,transport_access,weighted_index_area_sum,82307063.10496852,access_index*m2,Retrieved 2026-09-08,dtp-ptal-snapshot
207021157,transport_access,valid_intersection_area,8773244.51766798,m2,Retrieved 2026-09-08,dtp-ptal-snapshot
207021157,transport_access,sa2_area,8773244.517668,m2,Boundary 2021,abs-sa2-2021
207021157,green_space_per_resident,eligible_open_space_area,943318.6322243116,m2,Observation date unverified,vpa-open-space-snapshot
207021157,green_space_per_resident,population_denominator,28353,persons,2025-06-30,abs-erp-2024-25
207021159,population_growth,population_start,17548,persons,2020-06-30,abs-erp-2024-25
207021159,population_growth,population_end,17442,persons,2025-06-30,abs-erp-2024-25
207021159,transport_access,weighted_index_area_sum,72313329.63310643,access_index*m2,Retrieved 2026-09-08,dtp-ptal-snapshot
207021159,transport_access,valid_intersection_area,16114902.61983413,m2,Retrieved 2026-09-08,dtp-ptal-snapshot
207021159,transport_access,sa2_area,16114902.619834172,m2,Boundary 2021,abs-sa2-2021
207021159,green_space_per_resident,eligible_open_space_area,5432994.208180471,m2,Observation date unverified,vpa-open-space-snapshot
207021159,green_space_per_resident,population_denominator,17442,persons,2025-06-30,abs-erp-2024-25
207021160,population_growth,population_start,14581,persons,2020-06-30,abs-erp-2024-25
207021160,population_growth,population_end,14695,persons,2025-06-30,abs-erp-2024-25
207021160,transport_access,weighted_index_area_sum,46733744.03945443,access_index*m2,Retrieved 2026-09-08,dtp-ptal-snapshot
207021160,transport_access,valid_intersection_area,5937488.674628727,m2,Retrieved 2026-09-08,dtp-ptal-snapshot
207021160,transport_access,sa2_area,5937488.674628687,m2,Boundary 2021,abs-sa2-2021
207021160,green_space_per_resident,eligible_open_space_area,910441.5189354914,m2,Observation date unverified,vpa-open-space-snapshot
207021160,green_space_per_resident,population_denominator,14695,persons,2025-06-30,abs-erp-2024-25
207021424,population_growth,population_start,16144,persons,2020-06-30,abs-erp-2024-25
207021424,population_growth,population_end,16642,persons,2025-06-30,abs-erp-2024-25
207021424,transport_access,weighted_index_area_sum,46960700.52878933,access_index*m2,Retrieved 2026-09-08,dtp-ptal-snapshot
207021424,transport_access,valid_intersection_area,6402257.944830469,m2,Retrieved 2026-09-08,dtp-ptal-snapshot
207021424,transport_access,sa2_area,6402257.944830492,m2,Boundary 2021,abs-sa2-2021
207021424,green_space_per_resident,eligible_open_space_area,677020.0495460674,m2,Observation date unverified,vpa-open-space-snapshot
207021424,green_space_per_resident,population_denominator,16642,persons,2025-06-30,abs-erp-2024-25
207021425,population_growth,population_start,15942,persons,2020-06-30,abs-erp-2024-25
207021425,population_growth,population_end,16983,persons,2025-06-30,abs-erp-2024-25
207021425,transport_access,weighted_index_area_sum,49903071.93530197,access_index*m2,Retrieved 2026-09-08,dtp-ptal-snapshot
207021425,transport_access,valid_intersection_area,4767989.962844482,m2,Retrieved 2026-09-08,dtp-ptal-snapshot
207021425,transport_access,sa2_area,4767989.962844413,m2,Boundary 2021,abs-sa2-2021
207021425,green_space_per_resident,eligible_open_space_area,266596.6209571999,m2,Observation date unverified,vpa-open-space-snapshot
207021425,green_space_per_resident,population_denominator,16983,persons,2025-06-30,abs-erp-2024-25
207031161,population_growth,population_start,23032,persons,2020-06-30,abs-erp-2024-25
207031161,population_growth,population_end,23732,persons,2025-06-30,abs-erp-2024-25
207031161,transport_access,weighted_index_area_sum,113975801.36974236,access_index*m2,Retrieved 2026-09-08,dtp-ptal-snapshot
207031161,transport_access,valid_intersection_area,8605918.863558117,m2,Retrieved 2026-09-08,dtp-ptal-snapshot
207031161,transport_access,sa2_area,8605918.863558155,m2,Boundary 2021,abs-sa2-2021
207031161,green_space_per_resident,eligible_open_space_area,949357.0136360738,m2,Observation date unverified,vpa-open-space-snapshot
207031161,green_space_per_resident,population_denominator,23732,persons,2025-06-30,abs-erp-2024-25
207031162,population_growth,population_start,11342,persons,2020-06-30,abs-erp-2024-25
207031162,population_growth,population_end,11072,persons,2025-06-30,abs-erp-2024-25
207031162,transport_access,weighted_index_area_sum,28349308.260502037,access_index*m2,Retrieved 2026-09-08,dtp-ptal-snapshot
207031162,transport_access,valid_intersection_area,3596190.1913426802,m2,Retrieved 2026-09-08,dtp-ptal-snapshot
207031162,transport_access,sa2_area,3596190.1913425755,m2,Boundary 2021,abs-sa2-2021
207031162,green_space_per_resident,eligible_open_space_area,322676.3621956277,m2,Observation date unverified,vpa-open-space-snapshot
207031162,green_space_per_resident,population_denominator,11072,persons,2025-06-30,abs-erp-2024-25
207031163,population_growth,population_start,24118,persons,2020-06-30,abs-erp-2024-25
207031163,population_growth,population_end,27206,persons,2025-06-30,abs-erp-2024-25
207031163,transport_access,weighted_index_area_sum,121577776.06839432,access_index*m2,Retrieved 2026-09-08,dtp-ptal-snapshot
207031163,transport_access,valid_intersection_area,7011467.635906242,m2,Retrieved 2026-09-08,dtp-ptal-snapshot
207031163,transport_access,sa2_area,7011467.635906093,m2,Boundary 2021,abs-sa2-2021
207031163,green_space_per_resident,eligible_open_space_area,583117.8647251654,m2,Observation date unverified,vpa-open-space-snapshot
207031163,green_space_per_resident,population_denominator,27206,persons,2025-06-30,abs-erp-2024-25
207031164,population_growth,population_start,18903,persons,2020-06-30,abs-erp-2024-25
207031164,population_growth,population_end,19760,persons,2025-06-30,abs-erp-2024-25
207031164,transport_access,weighted_index_area_sum,73888126.50120212,access_index*m2,Retrieved 2026-09-08,dtp-ptal-snapshot
207031164,transport_access,valid_intersection_area,6207573.866143402,m2,Retrieved 2026-09-08,dtp-ptal-snapshot
207031164,transport_access,sa2_area,6207573.86614349,m2,Boundary 2021,abs-sa2-2021
207031164,green_space_per_resident,eligible_open_space_area,612637.0920432985,m2,Observation date unverified,vpa-open-space-snapshot
207031164,green_space_per_resident,population_denominator,19760,persons,2025-06-30,abs-erp-2024-25
207031165,population_growth,population_start,13468,persons,2020-06-30,abs-erp-2024-25
207031165,population_growth,population_end,15480,persons,2025-06-30,abs-erp-2024-25
207031165,transport_access,weighted_index_area_sum,59042077.12600496,access_index*m2,Retrieved 2026-09-08,dtp-ptal-snapshot
207031165,transport_access,valid_intersection_area,5038577.855604879,m2,Retrieved 2026-09-08,dtp-ptal-snapshot
207031165,transport_access,sa2_area,5038577.855604747,m2,Boundary 2021,abs-sa2-2021
207031165,green_space_per_resident,eligible_open_space_area,709672.6574857825,m2,Observation date unverified,vpa-open-space-snapshot
207031165,green_space_per_resident,population_denominator,15480,persons,2025-06-30,abs-erp-2024-25
207031166,population_growth,population_start,11053,persons,2020-06-30,abs-erp-2024-25
207031166,population_growth,population_end,12460,persons,2025-06-30,abs-erp-2024-25
207031166,transport_access,weighted_index_area_sum,46098128.65767129,access_index*m2,Retrieved 2026-09-08,dtp-ptal-snapshot
207031166,transport_access,valid_intersection_area,4261720.373150738,m2,Retrieved 2026-09-08,dtp-ptal-snapshot
207031166,transport_access,sa2_area,4261720.373150725,m2,Boundary 2021,abs-sa2-2021
207031166,green_space_per_resident,eligible_open_space_area,349843.0960985788,m2,Observation date unverified,vpa-open-space-snapshot
207031166,green_space_per_resident,population_denominator,12460,persons,2025-06-30,abs-erp-2024-25
207031167,population_growth,population_start,10666,persons,2020-06-30,abs-erp-2024-25
207031167,population_growth,population_end,10776,persons,2025-06-30,abs-erp-2024-25
207031167,transport_access,weighted_index_area_sum,35881944.49392651,access_index*m2,Retrieved 2026-09-08,dtp-ptal-snapshot
207031167,transport_access,valid_intersection_area,3327567.6328410623,m2,Retrieved 2026-09-08,dtp-ptal-snapshot
207031167,transport_access,sa2_area,3327567.6328410874,m2,Boundary 2021,abs-sa2-2021
207031167,green_space_per_resident,eligible_open_space_area,61842.83440817543,m2,Observation date unverified,vpa-open-space-snapshot
207031167,green_space_per_resident,population_denominator,10776,persons,2025-06-30,abs-erp-2024-25
208011168,population_growth,population_start,14362,persons,2020-06-30,abs-erp-2024-25
208011168,population_growth,population_end,14486,persons,2025-06-30,abs-erp-2024-25
208011168,transport_access,weighted_index_area_sum,40155636.203467526,access_index*m2,Retrieved 2026-09-08,dtp-ptal-snapshot
208011168,transport_access,valid_intersection_area,5966798.382981484,m2,Retrieved 2026-09-08,dtp-ptal-snapshot
208011168,transport_access,sa2_area,5967589.649324388,m2,Boundary 2021,abs-sa2-2021
208011168,green_space_per_resident,eligible_open_space_area,446268.5156140516,m2,Observation date unverified,vpa-open-space-snapshot
208011168,green_space_per_resident,population_denominator,14486,persons,2025-06-30,abs-erp-2024-25
208011169,population_growth,population_start,24136,persons,2020-06-30,abs-erp-2024-25
208011169,population_growth,population_end,24340,persons,2025-06-30,abs-erp-2024-25
208011169,transport_access,weighted_index_area_sum,112245082.24347186,access_index*m2,Retrieved 2026-09-08,dtp-ptal-snapshot
208011169,transport_access,valid_intersection_area,8199969.425848048,m2,Retrieved 2026-09-08,dtp-ptal-snapshot
208011169,transport_access,sa2_area,8200203.057314385,m2,Boundary 2021,abs-sa2-2021
208011169,green_space_per_resident,eligible_open_space_area,636440.740956547,m2,Observation date unverified,vpa-open-space-snapshot
208011169,green_space_per_resident,population_denominator,24340,persons,2025-06-30,abs-erp-2024-25
208011170,population_growth,population_start,17010,persons,2020-06-30,abs-erp-2024-25
208011170,population_growth,population_end,17486,persons,2025-06-30,abs-erp-2024-25
208011170,transport_access,weighted_index_area_sum,40735575.44142783,access_index*m2,Retrieved 2026-09-08,dtp-ptal-snapshot
208011170,transport_access,valid_intersection_area,5607535.201830272,m2,Retrieved 2026-09-08,dtp-ptal-snapshot
208011170,transport_access,sa2_area,5607535.201830331,m2,Boundary 2021,abs-sa2-2021
208011170,green_space_per_resident,eligible_open_space_area,391694.7136812267,m2,Observation date unverified,vpa-open-space-snapshot
208011170,green_space_per_resident,population_denominator,17486,persons,2025-06-30,abs-erp-2024-25
208011171,population_growth,population_start,12601,persons,2020-06-30,abs-erp-2024-25
208011171,population_growth,population_end,13257,persons,2025-06-30,abs-erp-2024-25
208011171,transport_access,weighted_index_area_sum,37972250.63323122,access_index*m2,Retrieved 2026-09-08,dtp-ptal-snapshot
208011171,transport_access,valid_intersection_area,5319200.720240247,m2,Retrieved 2026-09-08,dtp-ptal-snapshot
208011171,transport_access,sa2_area,5319200.7202402,m2,Boundary 2021,abs-sa2-2021
208011171,green_space_per_resident,eligible_open_space_area,172708.75962502262,m2,Observation date unverified,vpa-open-space-snapshot
208011171,green_space_per_resident,population_denominator,13257,persons,2025-06-30,abs-erp-2024-25
208011172,population_growth,population_start,18997,persons,2020-06-30,abs-erp-2024-25
208011172,population_growth,population_end,19524,persons,2025-06-30,abs-erp-2024-25
208011172,transport_access,weighted_index_area_sum,51883496.39435844,access_index*m2,Retrieved 2026-09-08,dtp-ptal-snapshot
208011172,transport_access,valid_intersection_area,5521200.335050932,m2,Retrieved 2026-09-08,dtp-ptal-snapshot
208011172,transport_access,sa2_area,5684605.55402354,m2,Boundary 2021,abs-sa2-2021
208011172,green_space_per_resident,eligible_open_space_area,526389.5760516659,m2,Observation date unverified,vpa-open-space-snapshot
208011172,green_space_per_resident,population_denominator,19524,persons,2025-06-30,abs-erp-2024-25
208011173,population_growth,population_start,17912,persons,2020-06-30,abs-erp-2024-25
208011173,population_growth,population_end,18071,persons,2025-06-30,abs-erp-2024-25
208011173,transport_access,weighted_index_area_sum,51030244.83694859,access_index*m2,Retrieved 2026-09-08,dtp-ptal-snapshot
208011173,transport_access,valid_intersection_area,6425932.083329005,m2,Retrieved 2026-09-08,dtp-ptal-snapshot
208011173,transport_access,sa2_area,6429504.80195837,m2,Boundary 2021,abs-sa2-2021
208011173,green_space_per_resident,eligible_open_space_area,761233.0804770276,m2,Observation date unverified,vpa-open-space-snapshot
208011173,green_space_per_resident,population_denominator,18071,persons,2025-06-30,abs-erp-2024-25
208021174,population_growth,population_start,25447,persons,2020-06-30,abs-erp-2024-25
208021174,population_growth,population_end,26966,persons,2025-06-30,abs-erp-2024-25
208021174,transport_access,weighted_index_area_sum,71395705.45594147,access_index*m2,Retrieved 2026-09-08,dtp-ptal-snapshot
208021174,transport_access,valid_intersection_area,6224252.785333478,m2,Retrieved 2026-09-08,dtp-ptal-snapshot
208021174,transport_access,sa2_area,6224252.78533343,m2,Boundary 2021,abs-sa2-2021
208021174,green_space_per_resident,eligible_open_space_area,273858.1373847389,m2,Observation date unverified,vpa-open-space-snapshot
208021174,green_space_per_resident,population_denominator,26966,persons,2025-06-30,abs-erp-2024-25
208021176,population_growth,population_start,19676,persons,2020-06-30,abs-erp-2024-25
208021176,population_growth,population_end,21266,persons,2025-06-30,abs-erp-2024-25
208021176,transport_access,weighted_index_area_sum,72021945.8899926,access_index*m2,Retrieved 2026-09-08,dtp-ptal-snapshot
208021176,transport_access,valid_intersection_area,3804359.926890264,m2,Retrieved 2026-09-08,dtp-ptal-snapshot
208021176,transport_access,sa2_area,3804359.9268902354,m2,Boundary 2021,abs-sa2-2021
208021176,green_space_per_resident,eligible_open_space_area,189174.76103830495,m2,Observation date unverified,vpa-open-space-snapshot
208021176,green_space_per_resident,population_denominator,21266,persons,2025-06-30,abs-erp-2024-25
208021177,population_growth,population_start,23399,persons,2020-06-30,abs-erp-2024-25
208021177,population_growth,population_end,24635,persons,2025-06-30,abs-erp-2024-25
208021177,transport_access,weighted_index_area_sum,125146248.22579266,access_index*m2,Retrieved 2026-09-08,dtp-ptal-snapshot
208021177,transport_access,valid_intersection_area,6418842.188875613,m2,Retrieved 2026-09-08,dtp-ptal-snapshot
208021177,transport_access,sa2_area,6418842.188875705,m2,Boundary 2021,abs-sa2-2021
208021177,green_space_per_resident,eligible_open_space_area,360409.1746565491,m2,Observation date unverified,vpa-open-space-snapshot
208021177,green_space_per_resident,population_denominator,24635,persons,2025-06-30,abs-erp-2024-25
208021178,population_growth,population_start,18714,persons,2020-06-30,abs-erp-2024-25
208021178,population_growth,population_end,19226,persons,2025-06-30,abs-erp-2024-25
208021178,transport_access,weighted_index_area_sum,78392329.29212381,access_index*m2,Retrieved 2026-09-08,dtp-ptal-snapshot
208021178,transport_access,valid_intersection_area,4742017.622300339,m2,Retrieved 2026-09-08,dtp-ptal-snapshot
208021178,transport_access,sa2_area,4742017.622300294,m2,Boundary 2021,abs-sa2-2021
208021178,green_space_per_resident,eligible_open_space_area,145108.29063968765,m2,Observation date unverified,vpa-open-space-snapshot
208021178,green_space_per_resident,population_denominator,19226,persons,2025-06-30,abs-erp-2024-25
208021179,population_growth,population_start,12509,persons,2020-06-30,abs-erp-2024-25
208021179,population_growth,population_end,12827,persons,2025-06-30,abs-erp-2024-25
208021179,transport_access,weighted_index_area_sum,59484422.657060474,access_index*m2,Retrieved 2026-09-08,dtp-ptal-snapshot
208021179,transport_access,valid_intersection_area,2861624.702217552,m2,Retrieved 2026-09-08,dtp-ptal-snapshot
208021179,transport_access,sa2_area,2861624.702217493,m2,Boundary 2021,abs-sa2-2021
208021179,green_space_per_resident,eligible_open_space_area,38654.52472455892,m2,Observation date unverified,vpa-open-space-snapshot
208021179,green_space_per_resident,population_denominator,12827,persons,2025-06-30,abs-erp-2024-25
208021180,population_growth,population_start,7957,persons,2020-06-30,abs-erp-2024-25
208021180,population_growth,population_end,8132,persons,2025-06-30,abs-erp-2024-25
208021180,transport_access,weighted_index_area_sum,33335107.053281702,access_index*m2,Retrieved 2026-09-08,dtp-ptal-snapshot
208021180,transport_access,valid_intersection_area,2009487.0673644026,m2,Retrieved 2026-09-08,dtp-ptal-snapshot
208021180,transport_access,sa2_area,2009487.0673644086,m2,Boundary 2021,abs-sa2-2021
208021180,green_space_per_resident,eligible_open_space_area,35131.3959447508,m2,Observation date unverified,vpa-open-space-snapshot
208021180,green_space_per_resident,population_denominator,8132,persons,2025-06-30,abs-erp-2024-25
208021181,population_growth,population_start,9771,persons,2020-06-30,abs-erp-2024-25
208021181,population_growth,population_end,10126,persons,2025-06-30,abs-erp-2024-25
208021181,transport_access,weighted_index_area_sum,38358364.62719403,access_index*m2,Retrieved 2026-09-08,dtp-ptal-snapshot
208021181,transport_access,valid_intersection_area,2514550.363971742,m2,Retrieved 2026-09-08,dtp-ptal-snapshot
208021181,transport_access,sa2_area,2514550.363971753,m2,Boundary 2021,abs-sa2-2021
208021181,green_space_per_resident,eligible_open_space_area,215371.56579254527,m2,Observation date unverified,vpa-open-space-snapshot
208021181,green_space_per_resident,population_denominator,10126,persons,2025-06-30,abs-erp-2024-25
208021182,population_growth,population_start,14198,persons,2020-06-30,abs-erp-2024-25
208021182,population_growth,population_end,15157,persons,2025-06-30,abs-erp-2024-25
208021182,transport_access,weighted_index_area_sum,51468252.82939428,access_index*m2,Retrieved 2026-09-08,dtp-ptal-snapshot
208021182,transport_access,valid_intersection_area,2936719.3976729386,m2,Retrieved 2026-09-08,dtp-ptal-snapshot
208021182,transport_access,sa2_area,2936719.3976728893,m2,Boundary 2021,abs-sa2-2021
208021182,green_space_per_resident,eligible_open_space_area,98346.9236459872,m2,Observation date unverified,vpa-open-space-snapshot
208021182,green_space_per_resident,population_denominator,15157,persons,2025-06-30,abs-erp-2024-25
208021426,population_growth,population_start,16815,persons,2020-06-30,abs-erp-2024-25
208021426,population_growth,population_end,17873,persons,2025-06-30,abs-erp-2024-25
208021426,transport_access,weighted_index_area_sum,40919228.30439554,access_index*m2,Retrieved 2026-09-08,dtp-ptal-snapshot
208021426,transport_access,valid_intersection_area,4598658.150537194,m2,Retrieved 2026-09-08,dtp-ptal-snapshot
208021426,transport_access,sa2_area,4598658.150537179,m2,Boundary 2021,abs-sa2-2021
208021426,green_space_per_resident,eligible_open_space_area,151330.6388063685,m2,Observation date unverified,vpa-open-space-snapshot
208021426,green_space_per_resident,population_denominator,17873,persons,2025-06-30,abs-erp-2024-25
208021427,population_growth,population_start,14127,persons,2020-06-30,abs-erp-2024-25
208021427,population_growth,population_end,14949,persons,2025-06-30,abs-erp-2024-25
208021427,transport_access,weighted_index_area_sum,35842381.83349851,access_index*m2,Retrieved 2026-09-08,dtp-ptal-snapshot
208021427,transport_access,valid_intersection_area,4587620.40139335,m2,Retrieved 2026-09-08,dtp-ptal-snapshot
208021427,transport_access,sa2_area,4587620.401393411,m2,Boundary 2021,abs-sa2-2021
208021427,green_space_per_resident,eligible_open_space_area,188288.3254017589,m2,Observation date unverified,vpa-open-space-snapshot
208021427,green_space_per_resident,population_denominator,14949,persons,2025-06-30,abs-erp-2024-25
208031183,population_growth,population_start,9188,persons,2020-06-30,abs-erp-2024-25
208031183,population_growth,population_end,9063,persons,2025-06-30,abs-erp-2024-25
208031183,transport_access,weighted_index_area_sum,10585919.72784126,access_index*m2,Retrieved 2026-09-08,dtp-ptal-snapshot
208031183,transport_access,valid_intersection_area,5306508.050352475,m2,Retrieved 2026-09-08,dtp-ptal-snapshot
208031183,transport_access,sa2_area,5306508.0503522195,m2,Boundary 2021,abs-sa2-2021
208031183,green_space_per_resident,eligible_open_space_area,1936136.5409165332,m2,Observation date unverified,vpa-open-space-snapshot
208031183,green_space_per_resident,population_denominator,9063,persons,2025-06-30,abs-erp-2024-25
208031184,population_growth,population_start,34,persons,2020-06-30,abs-erp-2024-25
208031184,population_growth,population_end,28,persons,2025-06-30,abs-erp-2024-25
208031184,transport_access,weighted_index_area_sum,13662279.276508592,access_index*m2,Retrieved 2026-09-08,dtp-ptal-snapshot
208031184,transport_access,valid_intersection_area,9080767.600980608,m2,Retrieved 2026-09-08,dtp-ptal-snapshot
208031184,transport_access,sa2_area,9080767.6009808,m2,Boundary 2021,abs-sa2-2021
208031184,green_space_per_resident,eligible_open_space_area,3328669.3981455527,m2,Observation date unverified,vpa-open-space-snapshot
208031184,green_space_per_resident,population_denominator,28,persons,2025-06-30,abs-erp-2024-25
208031185,population_growth,population_start,12269,persons,2020-06-30,abs-erp-2024-25
208031185,population_growth,population_end,12478,persons,2025-06-30,abs-erp-2024-25
208031185,transport_access,weighted_index_area_sum,19776985.912156302,access_index*m2,Retrieved 2026-09-08,dtp-ptal-snapshot
208031185,transport_access,valid_intersection_area,5823703.6537495,m2,Retrieved 2026-09-08,dtp-ptal-snapshot
208031185,transport_access,sa2_area,5824096.498041001,m2,Boundary 2021,abs-sa2-2021
208031185,green_space_per_resident,eligible_open_space_area,1240547.1046163465,m2,Observation date unverified,vpa-open-space-snapshot
208031185,green_space_per_resident,population_denominator,12478,persons,2025-06-30,abs-erp-2024-25
208031186,population_growth,population_start,15426,persons,2020-06-30,abs-erp-2024-25
208031186,population_growth,population_end,16058,persons,2025-06-30,abs-erp-2024-25
208031186,transport_access,weighted_index_area_sum,28407422.04548005,access_index*m2,Retrieved 2026-09-08,dtp-ptal-snapshot
208031186,transport_access,valid_intersection_area,5422336.999055189,m2,Retrieved 2026-09-08,dtp-ptal-snapshot
208031186,transport_access,sa2_area,5422336.999055137,m2,Boundary 2021,abs-sa2-2021
208031186,green_space_per_resident,eligible_open_space_area,907922.6612721244,m2,Observation date unverified,vpa-open-space-snapshot
208031186,green_space_per_resident,population_denominator,16058,persons,2025-06-30,abs-erp-2024-25
208031187,population_growth,population_start,5562,persons,2020-06-30,abs-erp-2024-25
208031187,population_growth,population_end,5445,persons,2025-06-30,abs-erp-2024-25
208031187,transport_access,weighted_index_area_sum,13277150.62508702,access_index*m2,Retrieved 2026-09-08,dtp-ptal-snapshot
208031187,transport_access,valid_intersection_area,3195023.3629505048,m2,Retrieved 2026-09-08,dtp-ptal-snapshot
208031187,transport_access,sa2_area,3195023.362950542,m2,Boundary 2021,abs-sa2-2021
208031187,green_space_per_resident,eligible_open_space_area,836042.0526806759,m2,Observation date unverified,vpa-open-space-snapshot
208031187,green_space_per_resident,population_denominator,5445,persons,2025-06-30,abs-erp-2024-25
208031188,population_growth,population_start,24808,persons,2020-06-30,abs-erp-2024-25
208031188,population_growth,population_end,26320,persons,2025-06-30,abs-erp-2024-25
208031188,transport_access,weighted_index_area_sum,66493647.74042134,access_index*m2,Retrieved 2026-09-08,dtp-ptal-snapshot
208031188,transport_access,valid_intersection_area,8736083.505630946,m2,Retrieved 2026-09-08,dtp-ptal-snapshot
208031188,transport_access,sa2_area,8736083.505630568,m2,Boundary 2021,abs-sa2-2021
208031188,green_space_per_resident,eligible_open_space_area,673595.6845996825,m2,Observation date unverified,vpa-open-space-snapshot
208031188,green_space_per_resident,population_denominator,26320,persons,2025-06-30,abs-erp-2024-25
208031189,population_growth,population_start,13778,persons,2020-06-30,abs-erp-2024-25
208031189,population_growth,population_end,14365,persons,2025-06-30,abs-erp-2024-25
208031189,transport_access,weighted_index_area_sum,26116380.895902555,access_index*m2,Retrieved 2026-09-08,dtp-ptal-snapshot
208031189,transport_access,valid_intersection_area,5098966.343511479,m2,Retrieved 2026-09-08,dtp-ptal-snapshot
208031189,transport_access,sa2_area,5099796.781421367,m2,Boundary 2021,abs-sa2-2021
208031189,green_space_per_resident,eligible_open_space_area,704970.8646156392,m2,Observation date unverified,vpa-open-space-snapshot
208031189,green_space_per_resident,population_denominator,14365,persons,2025-06-30,abs-erp-2024-25
208031190,population_growth,population_start,13856,persons,2020-06-30,abs-erp-2024-25
208031190,population_growth,population_end,14155,persons,2025-06-30,abs-erp-2024-25
208031190,transport_access,weighted_index_area_sum,45372425.1968902,access_index*m2,Retrieved 2026-09-08,dtp-ptal-snapshot
208031190,transport_access,valid_intersection_area,4449167.635435483,m2,Retrieved 2026-09-08,dtp-ptal-snapshot
208031190,transport_access,sa2_area,4449167.635435694,m2,Boundary 2021,abs-sa2-2021
208031190,green_space_per_resident,eligible_open_space_area,276175.70857038366,m2,Observation date unverified,vpa-open-space-snapshot
208031190,green_space_per_resident,population_denominator,14155,persons,2025-06-30,abs-erp-2024-25
208031191,population_growth,population_start,9450,persons,2020-06-30,abs-erp-2024-25
208031191,population_growth,population_end,9826,persons,2025-06-30,abs-erp-2024-25
208031191,transport_access,weighted_index_area_sum,41944441.04042526,access_index*m2,Retrieved 2026-09-08,dtp-ptal-snapshot
208031191,transport_access,valid_intersection_area,11698837.531139644,m2,Retrieved 2026-09-08,dtp-ptal-snapshot
208031191,transport_access,sa2_area,11698837.531139705,m2,Boundary 2021,abs-sa2-2021
208031191,green_space_per_resident,eligible_open_space_area,742692.093759166,m2,Observation date unverified,vpa-open-space-snapshot
208031191,green_space_per_resident,population_denominator,9826,persons,2025-06-30,abs-erp-2024-25
208031192,population_growth,population_start,21,persons,2020-06-30,abs-erp-2024-25
208031192,population_growth,population_end,26,persons,2025-06-30,abs-erp-2024-25
208031192,transport_access,weighted_index_area_sum,3610398.194946701,access_index*m2,Retrieved 2026-09-08,dtp-ptal-snapshot
208031192,transport_access,valid_intersection_area,3075216.6695364495,m2,Retrieved 2026-09-08,dtp-ptal-snapshot
208031192,transport_access,sa2_area,3075216.669536413,m2,Boundary 2021,abs-sa2-2021
208031192,green_space_per_resident,eligible_open_space_area,0.0,m2,Observation date unverified,vpa-open-space-snapshot
208031192,green_space_per_resident,population_denominator,26,persons,2025-06-30,abs-erp-2024-25
208031193,population_growth,population_start,21782,persons,2020-06-30,abs-erp-2024-25
208031193,population_growth,population_end,22437,persons,2025-06-30,abs-erp-2024-25
208031193,transport_access,weighted_index_area_sum,52305491.48938657,access_index*m2,Retrieved 2026-09-08,dtp-ptal-snapshot
208031193,transport_access,valid_intersection_area,7967035.876987425,m2,Retrieved 2026-09-08,dtp-ptal-snapshot
208031193,transport_access,sa2_area,7967035.87698765,m2,Boundary 2021,abs-sa2-2021
208031193,green_space_per_resident,eligible_open_space_area,697854.2124750073,m2,Observation date unverified,vpa-open-space-snapshot
208031193,green_space_per_resident,population_denominator,22437,persons,2025-06-30,abs-erp-2024-25
208041194,population_growth,population_start,21457,persons,2020-06-30,abs-erp-2024-25
208041194,population_growth,population_end,21820,persons,2025-06-30,abs-erp-2024-25
208041194,transport_access,weighted_index_area_sum,109964336.89745605,access_index*m2,Retrieved 2026-09-08,dtp-ptal-snapshot
208041194,transport_access,valid_intersection_area,6154948.306092732,m2,Retrieved 2026-09-08,dtp-ptal-snapshot
208041194,transport_access,sa2_area,6154948.306092753,m2,Boundary 2021,abs-sa2-2021
208041194,green_space_per_resident,eligible_open_space_area,449608.4608852494,m2,Observation date unverified,vpa-open-space-snapshot
208041194,green_space_per_resident,population_denominator,21820,persons,2025-06-30,abs-erp-2024-25
208041195,population_growth,population_start,23079,persons,2020-06-30,abs-erp-2024-25
208041195,population_growth,population_end,23996,persons,2025-06-30,abs-erp-2024-25
208041195,transport_access,weighted_index_area_sum,95477957.1003704,access_index*m2,Retrieved 2026-09-08,dtp-ptal-snapshot
208041195,transport_access,valid_intersection_area,7567251.841826149,m2,Retrieved 2026-09-08,dtp-ptal-snapshot
208041195,transport_access,sa2_area,7567251.841826231,m2,Boundary 2021,abs-sa2-2021
208041195,green_space_per_resident,eligible_open_space_area,537502.2335632921,m2,Observation date unverified,vpa-open-space-snapshot
208041195,green_space_per_resident,population_denominator,23996,persons,2025-06-30,abs-erp-2024-25
209011196,population_growth,population_start,10295,persons,2020-06-30,abs-erp-2024-25
209011196,population_growth,population_end,10339,persons,2025-06-30,abs-erp-2024-25
209011196,transport_access,weighted_index_area_sum,25215344.771198988,access_index*m2,Retrieved 2026-09-08,dtp-ptal-snapshot
209011196,transport_access,valid_intersection_area,4074714.77999235,m2,Retrieved 2026-09-08,dtp-ptal-snapshot
209011196,transport_access,sa2_area,4074714.7799926545,m2,Boundary 2021,abs-sa2-2021
209011196,green_space_per_resident,eligible_open_space_area,347341.4697706172,m2,Observation date unverified,vpa-open-space-snapshot
209011196,green_space_per_resident,population_denominator,10339,persons,2025-06-30,abs-erp-2024-25
209011197,population_growth,population_start,21373,persons,2020-06-30,abs-erp-2024-25
209011197,population_growth,population_end,21386,persons,2025-06-30,abs-erp-2024-25
209011197,transport_access,weighted_index_area_sum,64141641.41940157,access_index*m2,Retrieved 2026-09-08,dtp-ptal-snapshot
209011197,transport_access,valid_intersection_area,10095887.074842842,m2,Retrieved 2026-09-08,dtp-ptal-snapshot
209011197,transport_access,sa2_area,10095887.07484312,m2,Boundary 2021,abs-sa2-2021
209011197,green_space_per_resident,eligible_open_space_area,1252178.5346553966,m2,Observation date unverified,vpa-open-space-snapshot
209011197,green_space_per_resident,population_denominator,21386,persons,2025-06-30,abs-erp-2024-25
209011198,population_growth,population_start,16650,persons,2020-06-30,abs-erp-2024-25
209011198,population_growth,population_end,16925,persons,2025-06-30,abs-erp-2024-25
209011198,transport_access,weighted_index_area_sum,60209789.32944637,access_index*m2,Retrieved 2026-09-08,dtp-ptal-snapshot
209011198,transport_access,valid_intersection_area,6371455.012317088,m2,Retrieved 2026-09-08,dtp-ptal-snapshot
209011198,transport_access,sa2_area,6371455.012317021,m2,Boundary 2021,abs-sa2-2021
209011198,green_space_per_resident,eligible_open_space_area,928026.6631232474,m2,Observation date unverified,vpa-open-space-snapshot
209011198,green_space_per_resident,population_denominator,16925,persons,2025-06-30,abs-erp-2024-25
209011199,population_growth,population_start,15540,persons,2020-06-30,abs-erp-2024-25
209011199,population_growth,population_end,17224,persons,2025-06-30,abs-erp-2024-25
209011199,transport_access,weighted_index_area_sum,72029559.99069673,access_index*m2,Retrieved 2026-09-08,dtp-ptal-snapshot
209011199,transport_access,valid_intersection_area,6690936.112441791,m2,Retrieved 2026-09-08,dtp-ptal-snapshot
209011199,transport_access,sa2_area,6690936.112441852,m2,Boundary 2021,abs-sa2-2021
209011199,green_space_per_resident,eligible_open_space_area,757677.9017180032,m2,Observation date unverified,vpa-open-space-snapshot
209011199,green_space_per_resident,population_denominator,17224,persons,2025-06-30,abs-erp-2024-25
209011200,population_growth,population_start,12883,persons,2020-06-30,abs-erp-2024-25
209011200,population_growth,population_end,13188,persons,2025-06-30,abs-erp-2024-25
209011200,transport_access,weighted_index_area_sum,56145842.71334073,access_index*m2,Retrieved 2026-09-08,dtp-ptal-snapshot
209011200,transport_access,valid_intersection_area,5049959.365837136,m2,Retrieved 2026-09-08,dtp-ptal-snapshot
209011200,transport_access,sa2_area,5049959.3658372825,m2,Boundary 2021,abs-sa2-2021
209011200,green_space_per_resident,eligible_open_space_area,697081.2325306413,m2,Observation date unverified,vpa-open-space-snapshot
209011200,green_space_per_resident,population_denominator,13188,persons,2025-06-30,abs-erp-2024-25
209011201,population_growth,population_start,7984,persons,2020-06-30,abs-erp-2024-25
209011201,population_growth,population_end,8169,persons,2025-06-30,abs-erp-2024-25
209011201,transport_access,weighted_index_area_sum,28022793.783107728,access_index*m2,Retrieved 2026-09-08,dtp-ptal-snapshot
209011201,transport_access,valid_intersection_area,4277315.740114989,m2,Retrieved 2026-09-08,dtp-ptal-snapshot
209011201,transport_access,sa2_area,4277315.7401149655,m2,Boundary 2021,abs-sa2-2021
209011201,green_space_per_resident,eligible_open_space_area,958096.6884258594,m2,Observation date unverified,vpa-open-space-snapshot
209011201,green_space_per_resident,population_denominator,8169,persons,2025-06-30,abs-erp-2024-25
209011202,population_growth,population_start,16905,persons,2020-06-30,abs-erp-2024-25
209011202,population_growth,population_end,17042,persons,2025-06-30,abs-erp-2024-25
209011202,transport_access,weighted_index_area_sum,46290550.02626893,access_index*m2,Retrieved 2026-09-08,dtp-ptal-snapshot
209011202,transport_access,valid_intersection_area,12026295.755745485,m2,Retrieved 2026-09-08,dtp-ptal-snapshot
209011202,transport_access,sa2_area,12026295.755745396,m2,Boundary 2021,abs-sa2-2021
209011202,green_space_per_resident,eligible_open_space_area,1482781.7166974603,m2,Observation date unverified,vpa-open-space-snapshot
209011202,green_space_per_resident,population_denominator,17042,persons,2025-06-30,abs-erp-2024-25
209011203,population_growth,population_start,19188,persons,2020-06-30,abs-erp-2024-25
209011203,population_growth,population_end,18993,persons,2025-06-30,abs-erp-2024-25
209011203,transport_access,weighted_index_area_sum,40570800.147335395,access_index*m2,Retrieved 2026-09-08,dtp-ptal-snapshot
209011203,transport_access,valid_intersection_area,10237530.093466308,m2,Retrieved 2026-09-08,dtp-ptal-snapshot
209011203,transport_access,sa2_area,10237530.09346646,m2,Boundary 2021,abs-sa2-2021
209011203,green_space_per_resident,eligible_open_space_area,2116899.918040504,m2,Observation date unverified,vpa-open-space-snapshot
209011203,green_space_per_resident,population_denominator,18993,persons,2025-06-30,abs-erp-2024-25
209011204,population_growth,population_start,9476,persons,2020-06-30,abs-erp-2024-25
209011204,population_growth,population_end,9504,persons,2025-06-30,abs-erp-2024-25
209011204,transport_access,weighted_index_area_sum,31841324.857966904,access_index*m2,Retrieved 2026-09-08,dtp-ptal-snapshot
209011204,transport_access,valid_intersection_area,3785228.2621722086,m2,Retrieved 2026-09-08,dtp-ptal-snapshot
209011204,transport_access,sa2_area,3785228.2621721574,m2,Boundary 2021,abs-sa2-2021
209011204,green_space_per_resident,eligible_open_space_area,358855.251349605,m2,Observation date unverified,vpa-open-space-snapshot
209011204,green_space_per_resident,population_denominator,9504,persons,2025-06-30,abs-erp-2024-25
209021205,population_growth,population_start,11525,persons,2020-06-30,abs-erp-2024-25
209021205,population_growth,population_end,12932,persons,2025-06-30,abs-erp-2024-25
209021205,transport_access,weighted_index_area_sum,42566711.38337692,access_index*m2,Retrieved 2026-09-08,dtp-ptal-snapshot
209021205,transport_access,valid_intersection_area,9008470.695915509,m2,Retrieved 2026-09-08,dtp-ptal-snapshot
209021205,transport_access,sa2_area,9008470.695915096,m2,Boundary 2021,abs-sa2-2021
209021205,green_space_per_resident,eligible_open_space_area,1744486.3109516718,m2,Observation date unverified,vpa-open-space-snapshot
209021205,green_space_per_resident,population_denominator,12932,persons,2025-06-30,abs-erp-2024-25
209021428,population_growth,population_start,21746,persons,2020-06-30,abs-erp-2024-25
209021428,population_growth,population_end,23403,persons,2025-06-30,abs-erp-2024-25
209021428,transport_access,weighted_index_area_sum,138997396.50819838,access_index*m2,Retrieved 2026-09-08,dtp-ptal-snapshot
209021428,transport_access,valid_intersection_area,7744420.9420032725,m2,Retrieved 2026-09-08,dtp-ptal-snapshot
209021428,transport_access,sa2_area,7744420.942003213,m2,Boundary 2021,abs-sa2-2021
209021428,green_space_per_resident,eligible_open_space_area,352224.7571985144,m2,Observation date unverified,vpa-open-space-snapshot
209021428,green_space_per_resident,population_denominator,23403,persons,2025-06-30,abs-erp-2024-25
209021429,population_growth,population_start,13278,persons,2020-06-30,abs-erp-2024-25
209021429,population_growth,population_end,13610,persons,2025-06-30,abs-erp-2024-25
209021429,transport_access,weighted_index_area_sum,56048631.51725367,access_index*m2,Retrieved 2026-09-08,dtp-ptal-snapshot
209021429,transport_access,valid_intersection_area,3567539.488779353,m2,Retrieved 2026-09-08,dtp-ptal-snapshot
209021429,transport_access,sa2_area,3567539.488779351,m2,Boundary 2021,abs-sa2-2021
209021429,green_space_per_resident,eligible_open_space_area,167793.00319925105,m2,Observation date unverified,vpa-open-space-snapshot
209021429,green_space_per_resident,population_denominator,13610,persons,2025-06-30,abs-erp-2024-25
209021523,population_growth,population_start,15565,persons,2020-06-30,abs-erp-2024-25
209021523,population_growth,population_end,16329,persons,2025-06-30,abs-erp-2024-25
209021523,transport_access,weighted_index_area_sum,55325406.70581568,access_index*m2,Retrieved 2026-09-08,dtp-ptal-snapshot
209021523,transport_access,valid_intersection_area,4787793.841962053,m2,Retrieved 2026-09-08,dtp-ptal-snapshot
209021523,transport_access,sa2_area,4787793.841962125,m2,Boundary 2021,abs-sa2-2021
209021523,green_space_per_resident,eligible_open_space_area,565951.1565762429,m2,Observation date unverified,vpa-open-space-snapshot
209021523,green_space_per_resident,population_denominator,16329,persons,2025-06-30,abs-erp-2024-25
209021524,population_growth,population_start,10346,persons,2020-06-30,abs-erp-2024-25
209021524,population_growth,population_end,9751,persons,2025-06-30,abs-erp-2024-25
209021524,transport_access,weighted_index_area_sum,30192738.731382806,access_index*m2,Retrieved 2026-09-08,dtp-ptal-snapshot
209021524,transport_access,valid_intersection_area,4530057.533737375,m2,Retrieved 2026-09-08,dtp-ptal-snapshot
209021524,transport_access,sa2_area,4530057.533737241,m2,Boundary 2021,abs-sa2-2021
209021524,green_space_per_resident,eligible_open_space_area,452183.36490053573,m2,Observation date unverified,vpa-open-space-snapshot
209021524,green_space_per_resident,population_denominator,9751,persons,2025-06-30,abs-erp-2024-25
209021525,population_growth,population_start,13399,persons,2020-06-30,abs-erp-2024-25
209021525,population_growth,population_end,14143,persons,2025-06-30,abs-erp-2024-25
209021525,transport_access,weighted_index_area_sum,67168831.9899053,access_index*m2,Retrieved 2026-09-08,dtp-ptal-snapshot
209021525,transport_access,valid_intersection_area,4178369.9955097083,m2,Retrieved 2026-09-08,dtp-ptal-snapshot
209021525,transport_access,sa2_area,4178369.9955098075,m2,Boundary 2021,abs-sa2-2021
209021525,green_space_per_resident,eligible_open_space_area,393125.1821291015,m2,Observation date unverified,vpa-open-space-snapshot
209021525,green_space_per_resident,population_denominator,14143,persons,2025-06-30,abs-erp-2024-25
209021526,population_growth,population_start,14798,persons,2020-06-30,abs-erp-2024-25
209021526,population_growth,population_end,15350,persons,2025-06-30,abs-erp-2024-25
209021526,transport_access,weighted_index_area_sum,62855865.771786936,access_index*m2,Retrieved 2026-09-08,dtp-ptal-snapshot
209021526,transport_access,valid_intersection_area,5624967.459709989,m2,Retrieved 2026-09-08,dtp-ptal-snapshot
209021526,transport_access,sa2_area,5624967.459710054,m2,Boundary 2021,abs-sa2-2021
209021526,green_space_per_resident,eligible_open_space_area,535917.5615188838,m2,Observation date unverified,vpa-open-space-snapshot
209021526,green_space_per_resident,population_denominator,15350,persons,2025-06-30,abs-erp-2024-25
209031209,population_growth,population_start,24113,persons,2020-06-30,abs-erp-2024-25
209031209,population_growth,population_end,23669,persons,2025-06-30,abs-erp-2024-25
209031209,transport_access,weighted_index_area_sum,51912326.49239112,access_index*m2,Retrieved 2026-09-08,dtp-ptal-snapshot
209031209,transport_access,valid_intersection_area,19484551.716349743,m2,Retrieved 2026-09-08,dtp-ptal-snapshot
209031209,transport_access,sa2_area,19484551.716349524,m2,Boundary 2021,abs-sa2-2021
209031209,green_space_per_resident,eligible_open_space_area,3120946.207624085,m2,Observation date unverified,vpa-open-space-snapshot
209031209,green_space_per_resident,population_denominator,23669,persons,2025-06-30,abs-erp-2024-25
209031210,population_growth,population_start,3632,persons,2020-06-30,abs-erp-2024-25
209031210,population_growth,population_end,3521,persons,2025-06-30,abs-erp-2024-25
209031210,transport_access,weighted_index_area_sum,5770976.010670416,access_index*m2,Retrieved 2026-09-08,dtp-ptal-snapshot
209031210,transport_access,valid_intersection_area,14839304.976640122,m2,Retrieved 2026-09-08,dtp-ptal-snapshot
209031210,transport_access,sa2_area,14839304.97664026,m2,Boundary 2021,abs-sa2-2021
209031210,green_space_per_resident,eligible_open_space_area,645348.0292490381,m2,Observation date unverified,vpa-open-space-snapshot
209031210,green_space_per_resident,population_denominator,3521,persons,2025-06-30,abs-erp-2024-25
209031211,population_growth,population_start,4172,persons,2020-06-30,abs-erp-2024-25
209031211,population_growth,population_end,4419,persons,2025-06-30,abs-erp-2024-25
209031211,transport_access,weighted_index_area_sum,63156.475053894486,access_index*m2,Retrieved 2026-09-08,dtp-ptal-snapshot
209031211,transport_access,valid_intersection_area,6087577.051011846,m2,Retrieved 2026-09-08,dtp-ptal-snapshot
209031211,transport_access,sa2_area,319404469.4536734,m2,Boundary 2021,abs-sa2-2021
209031211,green_space_per_resident,eligible_open_space_area,957.6558257201334,m2,Observation date unverified,vpa-open-space-snapshot
209031211,green_space_per_resident,population_denominator,4419,persons,2025-06-30,abs-erp-2024-25
209031212,population_growth,population_start,5236,persons,2020-06-30,abs-erp-2024-25
209031212,population_growth,population_end,5130,persons,2025-06-30,abs-erp-2024-25
209031212,transport_access,weighted_index_area_sum,1419729.9016209266,access_index*m2,Retrieved 2026-09-08,dtp-ptal-snapshot
209031212,transport_access,valid_intersection_area,292133467.903217,m2,Retrieved 2026-09-08,dtp-ptal-snapshot
209031212,transport_access,sa2_area,292133467.9032173,m2,Boundary 2021,abs-sa2-2021
209031212,green_space_per_resident,eligible_open_space_area,6272062.017438048,m2,Observation date unverified,vpa-open-space-snapshot
209031212,green_space_per_resident,population_denominator,5130,persons,2025-06-30,abs-erp-2024-25
209031213,population_growth,population_start,9763,persons,2020-06-30,abs-erp-2024-25
209031213,population_growth,population_end,9579,persons,2025-06-30,abs-erp-2024-25
209031213,transport_access,weighted_index_area_sum,28893405.252774578,access_index*m2,Retrieved 2026-09-08,dtp-ptal-snapshot
209031213,transport_access,valid_intersection_area,29113397.136708673,m2,Retrieved 2026-09-08,dtp-ptal-snapshot
209031213,transport_access,sa2_area,29113397.13670872,m2,Boundary 2021,abs-sa2-2021
209031213,green_space_per_resident,eligible_open_space_area,4746237.203067979,m2,Observation date unverified,vpa-open-space-snapshot
209031213,green_space_per_resident,population_denominator,9579,persons,2025-06-30,abs-erp-2024-25
209031214,population_growth,population_start,6999,persons,2020-06-30,abs-erp-2024-25
209031214,population_growth,population_end,7039,persons,2025-06-30,abs-erp-2024-25
209031214,transport_access,weighted_index_area_sum,25214487.171340805,access_index*m2,Retrieved 2026-09-08,dtp-ptal-snapshot
209031214,transport_access,valid_intersection_area,49785384.17511997,m2,Retrieved 2026-09-08,dtp-ptal-snapshot
209031214,transport_access,sa2_area,49785384.17511963,m2,Boundary 2021,abs-sa2-2021
209031214,green_space_per_resident,eligible_open_space_area,2563306.4418070475,m2,Observation date unverified,vpa-open-space-snapshot
209031214,green_space_per_resident,population_denominator,7039,persons,2025-06-30,abs-erp-2024-25
209031215,population_growth,population_start,14579,persons,2020-06-30,abs-erp-2024-25
209031215,population_growth,population_end,14859,persons,2025-06-30,abs-erp-2024-25
209031215,transport_access,weighted_index_area_sum,34733084.6418685,access_index*m2,Retrieved 2026-09-08,dtp-ptal-snapshot
209031215,transport_access,valid_intersection_area,26820395.01049791,m2,Retrieved 2026-09-08,dtp-ptal-snapshot
209031215,transport_access,sa2_area,26820395.01049793,m2,Boundary 2021,abs-sa2-2021
209031215,green_space_per_resident,eligible_open_space_area,946435.8170936721,m2,Observation date unverified,vpa-open-space-snapshot
209031215,green_space_per_resident,population_denominator,14859,persons,2025-06-30,abs-erp-2024-25
209041216,population_growth,population_start,7760,persons,2020-06-30,abs-erp-2024-25
209041216,population_growth,population_end,8014,persons,2025-06-30,abs-erp-2024-25
209041216,transport_access,weighted_index_area_sum,16687250.37852677,access_index*m2,Retrieved 2026-09-08,dtp-ptal-snapshot
209041216,transport_access,valid_intersection_area,4714039.568822005,m2,Retrieved 2026-09-08,dtp-ptal-snapshot
209041216,transport_access,sa2_area,4714039.568821731,m2,Boundary 2021,abs-sa2-2021
209041216,green_space_per_resident,eligible_open_space_area,1534995.6896316623,m2,Observation date unverified,vpa-open-space-snapshot
209041216,green_space_per_resident,population_denominator,8014,persons,2025-06-30,abs-erp-2024-25
209041217,population_growth,population_start,6463,persons,2020-06-30,abs-erp-2024-25
209041217,population_growth,population_end,6806,persons,2025-06-30,abs-erp-2024-25
209041217,transport_access,weighted_index_area_sum,15523436.230908863,access_index*m2,Retrieved 2026-09-08,dtp-ptal-snapshot
209041217,transport_access,valid_intersection_area,2560522.9904989623,m2,Retrieved 2026-09-08,dtp-ptal-snapshot
209041217,transport_access,sa2_area,2560522.990498909,m2,Boundary 2021,abs-sa2-2021
209041217,green_space_per_resident,eligible_open_space_area,355014.84663735284,m2,Observation date unverified,vpa-open-space-snapshot
209041217,green_space_per_resident,population_denominator,6806,persons,2025-06-30,abs-erp-2024-25
209041220,population_growth,population_start,18274,persons,2020-06-30,abs-erp-2024-25
209041220,population_growth,population_end,17610,persons,2025-06-30,abs-erp-2024-25
209041220,transport_access,weighted_index_area_sum,36959683.591583066,access_index*m2,Retrieved 2026-09-08,dtp-ptal-snapshot
209041220,transport_access,valid_intersection_area,8135139.547952224,m2,Retrieved 2026-09-08,dtp-ptal-snapshot
209041220,transport_access,sa2_area,8135139.547952602,m2,Boundary 2021,abs-sa2-2021
209041220,green_space_per_resident,eligible_open_space_area,1414533.876398023,m2,Observation date unverified,vpa-open-space-snapshot
209041220,green_space_per_resident,population_denominator,17610,persons,2025-06-30,abs-erp-2024-25
209041221,population_growth,population_start,11897,persons,2020-06-30,abs-erp-2024-25
209041221,population_growth,population_end,11494,persons,2025-06-30,abs-erp-2024-25
209041221,transport_access,weighted_index_area_sum,20289955.49009913,access_index*m2,Retrieved 2026-09-08,dtp-ptal-snapshot
209041221,transport_access,valid_intersection_area,4929577.491259944,m2,Retrieved 2026-09-08,dtp-ptal-snapshot
209041221,transport_access,sa2_area,4929577.491259919,m2,Boundary 2021,abs-sa2-2021
209041221,green_space_per_resident,eligible_open_space_area,888702.7203778324,m2,Observation date unverified,vpa-open-space-snapshot
209041221,green_space_per_resident,population_denominator,11494,persons,2025-06-30,abs-erp-2024-25
209041223,population_growth,population_start,21173,persons,2020-06-30,abs-erp-2024-25
209041223,population_growth,population_end,20595,persons,2025-06-30,abs-erp-2024-25
209041223,transport_access,weighted_index_area_sum,70896201.39796968,access_index*m2,Retrieved 2026-09-08,dtp-ptal-snapshot
209041223,transport_access,valid_intersection_area,14683708.886230217,m2,Retrieved 2026-09-08,dtp-ptal-snapshot
209041223,transport_access,sa2_area,14683708.886230096,m2,Boundary 2021,abs-sa2-2021
209041223,green_space_per_resident,eligible_open_space_area,1296355.994302065,m2,Observation date unverified,vpa-open-space-snapshot
209041223,green_space_per_resident,population_denominator,20595,persons,2025-06-30,abs-erp-2024-25
209041224,population_growth,population_start,21543,persons,2020-06-30,abs-erp-2024-25
209041224,population_growth,population_end,30342,persons,2025-06-30,abs-erp-2024-25
209041224,transport_access,weighted_index_area_sum,1910863.6929603491,access_index*m2,Retrieved 2026-09-08,dtp-ptal-snapshot
209041224,transport_access,valid_intersection_area,87296585.67600757,m2,Retrieved 2026-09-08,dtp-ptal-snapshot
209041224,transport_access,sa2_area,507704974.7410063,m2,Boundary 2021,abs-sa2-2021
209041224,green_space_per_resident,eligible_open_space_area,658613.4031281203,m2,Observation date unverified,vpa-open-space-snapshot
209041224,green_space_per_resident,population_denominator,30342,persons,2025-06-30,abs-erp-2024-25
209041225,population_growth,population_start,9803,persons,2020-06-30,abs-erp-2024-25
209041225,population_growth,population_end,18174,persons,2025-06-30,abs-erp-2024-25
209041225,transport_access,weighted_index_area_sum,17486478.456797667,access_index*m2,Retrieved 2026-09-08,dtp-ptal-snapshot
209041225,transport_access,valid_intersection_area,297947685.09198487,m2,Retrieved 2026-09-08,dtp-ptal-snapshot
209041225,transport_access,sa2_area,297948222.76143056,m2,Boundary 2021,abs-sa2-2021
209041225,green_space_per_resident,eligible_open_space_area,19488667.132648155,m2,Observation date unverified,vpa-open-space-snapshot
209041225,green_space_per_resident,population_denominator,18174,persons,2025-06-30,abs-erp-2024-25
209041431,population_growth,population_start,13793,persons,2020-06-30,abs-erp-2024-25
209041431,population_growth,population_end,13555,persons,2025-06-30,abs-erp-2024-25
209041431,transport_access,weighted_index_area_sum,26362594.81460683,access_index*m2,Retrieved 2026-09-08,dtp-ptal-snapshot
209041431,transport_access,valid_intersection_area,7768401.6308986405,m2,Retrieved 2026-09-08,dtp-ptal-snapshot
209041431,transport_access,sa2_area,7768401.630898746,m2,Boundary 2021,abs-sa2-2021
209041431,green_space_per_resident,eligible_open_space_area,1157271.5478658748,m2,Observation date unverified,vpa-open-space-snapshot
209041431,green_space_per_resident,population_denominator,13555,persons,2025-06-30,abs-erp-2024-25
209041432,population_growth,population_start,8655,persons,2020-06-30,abs-erp-2024-25
209041432,population_growth,population_end,8322,persons,2025-06-30,abs-erp-2024-25
209041432,transport_access,weighted_index_area_sum,53934395.94564899,access_index*m2,Retrieved 2026-09-08,dtp-ptal-snapshot
209041432,transport_access,valid_intersection_area,15870886.224353878,m2,Retrieved 2026-09-08,dtp-ptal-snapshot
209041432,transport_access,sa2_area,15870886.224353513,m2,Boundary 2021,abs-sa2-2021
209041432,green_space_per_resident,eligible_open_space_area,481269.7360048425,m2,Observation date unverified,vpa-open-space-snapshot
209041432,green_space_per_resident,population_denominator,8322,persons,2025-06-30,abs-erp-2024-25
209041433,population_growth,population_start,12552,persons,2020-06-30,abs-erp-2024-25
209041433,population_growth,population_end,12895,persons,2025-06-30,abs-erp-2024-25
209041433,transport_access,weighted_index_area_sum,17613948.052042533,access_index*m2,Retrieved 2026-09-08,dtp-ptal-snapshot
209041433,transport_access,valid_intersection_area,7357188.948937608,m2,Retrieved 2026-09-08,dtp-ptal-snapshot
209041433,transport_access,sa2_area,7357188.948937592,m2,Boundary 2021,abs-sa2-2021
209041433,green_space_per_resident,eligible_open_space_area,730654.9806104224,m2,Observation date unverified,vpa-open-space-snapshot
209041433,green_space_per_resident,population_denominator,12895,persons,2025-06-30,abs-erp-2024-25
209041435,population_growth,population_start,12942,persons,2020-06-30,abs-erp-2024-25
209041435,population_growth,population_end,13259,persons,2025-06-30,abs-erp-2024-25
209041435,transport_access,weighted_index_area_sum,33483486.987065483,access_index*m2,Retrieved 2026-09-08,dtp-ptal-snapshot
209041435,transport_access,valid_intersection_area,13708120.340915712,m2,Retrieved 2026-09-08,dtp-ptal-snapshot
209041435,transport_access,sa2_area,13708120.340915946,m2,Boundary 2021,abs-sa2-2021
209041435,green_space_per_resident,eligible_open_space_area,5460044.648089437,m2,Observation date unverified,vpa-open-space-snapshot
209041435,green_space_per_resident,population_denominator,13259,persons,2025-06-30,abs-erp-2024-25
209041436,population_growth,population_start,12856,persons,2020-06-30,abs-erp-2024-25
209041436,population_growth,population_end,13054,persons,2025-06-30,abs-erp-2024-25
209041436,transport_access,weighted_index_area_sum,27834058.183818735,access_index*m2,Retrieved 2026-09-08,dtp-ptal-snapshot
209041436,transport_access,valid_intersection_area,7743972.713112705,m2,Retrieved 2026-09-08,dtp-ptal-snapshot
209041436,transport_access,sa2_area,7743972.713112275,m2,Boundary 2021,abs-sa2-2021
209041436,green_space_per_resident,eligible_open_space_area,1782456.9811269485,m2,Observation date unverified,vpa-open-space-snapshot
209041436,green_space_per_resident,population_denominator,13054,persons,2025-06-30,abs-erp-2024-25
209041437,population_growth,population_start,20975,persons,2020-06-30,abs-erp-2024-25
209041437,population_growth,population_end,36658,persons,2025-06-30,abs-erp-2024-25
209041437,transport_access,weighted_index_area_sum,16378531.676719904,access_index*m2,Retrieved 2026-09-08,dtp-ptal-snapshot
209041437,transport_access,valid_intersection_area,53890011.71303214,m2,Retrieved 2026-09-08,dtp-ptal-snapshot
209041437,transport_access,sa2_area,53890011.71303226,m2,Boundary 2021,abs-sa2-2021
209041437,green_space_per_resident,eligible_open_space_area,624583.4769779267,m2,Observation date unverified,vpa-open-space-snapshot
209041437,green_space_per_resident,population_denominator,36658,persons,2025-06-30,abs-erp-2024-25
209041527,population_growth,population_start,16321,persons,2020-06-30,abs-erp-2024-25
209041527,population_growth,population_end,17283,persons,2025-06-30,abs-erp-2024-25
209041527,transport_access,weighted_index_area_sum,20378381.99753232,access_index*m2,Retrieved 2026-09-08,dtp-ptal-snapshot
209041527,transport_access,valid_intersection_area,9438120.306053665,m2,Retrieved 2026-09-08,dtp-ptal-snapshot
209041527,transport_access,sa2_area,9438120.306053607,m2,Boundary 2021,abs-sa2-2021
209041527,green_space_per_resident,eligible_open_space_area,1062181.0201574543,m2,Observation date unverified,vpa-open-space-snapshot
209041527,green_space_per_resident,population_denominator,17283,persons,2025-06-30,abs-erp-2024-25
209041528,population_growth,population_start,10137,persons,2020-06-30,abs-erp-2024-25
209041528,population_growth,population_end,11947,persons,2025-06-30,abs-erp-2024-25
209041528,transport_access,weighted_index_area_sum,13083016.59668846,access_index*m2,Retrieved 2026-09-08,dtp-ptal-snapshot
209041528,transport_access,valid_intersection_area,5021685.579237075,m2,Retrieved 2026-09-08,dtp-ptal-snapshot
209041528,transport_access,sa2_area,5021685.579237294,m2,Boundary 2021,abs-sa2-2021
209041528,green_space_per_resident,eligible_open_space_area,1289488.0188444282,m2,Observation date unverified,vpa-open-space-snapshot
209041528,green_space_per_resident,population_denominator,11947,persons,2025-06-30,abs-erp-2024-25
209041529,population_growth,population_start,10426,persons,2020-06-30,abs-erp-2024-25
209041529,population_growth,population_end,10253,persons,2025-06-30,abs-erp-2024-25
209041529,transport_access,weighted_index_area_sum,23854704.129263382,access_index*m2,Retrieved 2026-09-08,dtp-ptal-snapshot
209041529,transport_access,valid_intersection_area,3322976.0288028773,m2,Retrieved 2026-09-08,dtp-ptal-snapshot
209041529,transport_access,sa2_area,3322976.0288028726,m2,Boundary 2021,abs-sa2-2021
209041529,green_space_per_resident,eligible_open_space_area,242729.87009931437,m2,Observation date unverified,vpa-open-space-snapshot
209041529,green_space_per_resident,population_denominator,10253,persons,2025-06-30,abs-erp-2024-25
209041530,population_growth,population_start,13900,persons,2020-06-30,abs-erp-2024-25
209041530,population_growth,population_end,13925,persons,2025-06-30,abs-erp-2024-25
209041530,transport_access,weighted_index_area_sum,23343112.05522083,access_index*m2,Retrieved 2026-09-08,dtp-ptal-snapshot
209041530,transport_access,valid_intersection_area,8736656.339012654,m2,Retrieved 2026-09-08,dtp-ptal-snapshot
209041530,transport_access,sa2_area,8736656.339012695,m2,Boundary 2021,abs-sa2-2021
209041530,green_space_per_resident,eligible_open_space_area,624226.7431764978,m2,Observation date unverified,vpa-open-space-snapshot
209041530,green_space_per_resident,population_denominator,13925,persons,2025-06-30,abs-erp-2024-25
209041531,population_growth,population_start,11473,persons,2020-06-30,abs-erp-2024-25
209041531,population_growth,population_end,12061,persons,2025-06-30,abs-erp-2024-25
209041531,transport_access,weighted_index_area_sum,19612183.046821952,access_index*m2,Retrieved 2026-09-08,dtp-ptal-snapshot
209041531,transport_access,valid_intersection_area,15194393.236561434,m2,Retrieved 2026-09-08,dtp-ptal-snapshot
209041531,transport_access,sa2_area,15194393.236561406,m2,Boundary 2021,abs-sa2-2021
209041531,green_space_per_resident,eligible_open_space_area,972736.0653425795,m2,Observation date unverified,vpa-open-space-snapshot
209041531,green_space_per_resident,population_denominator,12061,persons,2025-06-30,abs-erp-2024-25
209041532,population_growth,population_start,11640,persons,2020-06-30,abs-erp-2024-25
209041532,population_growth,population_end,13854,persons,2025-06-30,abs-erp-2024-25
209041532,transport_access,weighted_index_area_sum,23942207.0234001,access_index*m2,Retrieved 2026-09-08,dtp-ptal-snapshot
209041532,transport_access,valid_intersection_area,8626219.03742139,m2,Retrieved 2026-09-08,dtp-ptal-snapshot
209041532,transport_access,sa2_area,8626219.037421564,m2,Boundary 2021,abs-sa2-2021
209041532,green_space_per_resident,eligible_open_space_area,1154161.1133785602,m2,Observation date unverified,vpa-open-space-snapshot
209041532,green_space_per_resident,population_denominator,13854,persons,2025-06-30,abs-erp-2024-25
210011226,population_growth,population_start,8362,persons,2020-06-30,abs-erp-2024-25
210011226,population_growth,population_end,8783,persons,2025-06-30,abs-erp-2024-25
210011226,transport_access,weighted_index_area_sum,38799178.24220746,access_index*m2,Retrieved 2026-09-08,dtp-ptal-snapshot
210011226,transport_access,valid_intersection_area,3720000.1603458715,m2,Retrieved 2026-09-08,dtp-ptal-snapshot
210011226,transport_access,sa2_area,3720000.1603458016,m2,Boundary 2021,abs-sa2-2021
210011226,green_space_per_resident,eligible_open_space_area,252299.23139718545,m2,Observation date unverified,vpa-open-space-snapshot
210011226,green_space_per_resident,population_denominator,8783,persons,2025-06-30,abs-erp-2024-25
210011227,population_growth,population_start,11,persons,2020-06-30,abs-erp-2024-25
210011227,population_growth,population_end,14,persons,2025-06-30,abs-erp-2024-25
210011227,transport_access,weighted_index_area_sum,9702770.238820734,access_index*m2,Retrieved 2026-09-08,dtp-ptal-snapshot
210011227,transport_access,valid_intersection_area,3355066.594249324,m2,Retrieved 2026-09-08,dtp-ptal-snapshot
210011227,transport_access,sa2_area,3355066.5942491945,m2,Boundary 2021,abs-sa2-2021
210011227,green_space_per_resident,eligible_open_space_area,0.0,m2,Observation date unverified,vpa-open-space-snapshot
210011227,green_space_per_resident,population_denominator,14,persons,2025-06-30,abs-erp-2024-25
210011228,population_growth,population_start,8778,persons,2020-06-30,abs-erp-2024-25
210011228,population_growth,population_end,8732,persons,2025-06-30,abs-erp-2024-25
210011228,transport_access,weighted_index_area_sum,37024697.412978455,access_index*m2,Retrieved 2026-09-08,dtp-ptal-snapshot
210011228,transport_access,valid_intersection_area,17513864.71379185,m2,Retrieved 2026-09-08,dtp-ptal-snapshot
210011228,transport_access,sa2_area,17513864.713791627,m2,Boundary 2021,abs-sa2-2021
210011228,green_space_per_resident,eligible_open_space_area,4638271.972428047,m2,Observation date unverified,vpa-open-space-snapshot
210011228,green_space_per_resident,population_denominator,8732,persons,2025-06-30,abs-erp-2024-25
210011230,population_growth,population_start,7646,persons,2020-06-30,abs-erp-2024-25
210011230,population_growth,population_end,8048,persons,2025-06-30,abs-erp-2024-25
210011230,transport_access,weighted_index_area_sum,25760205.667802855,access_index*m2,Retrieved 2026-09-08,dtp-ptal-snapshot
210011230,transport_access,valid_intersection_area,2803158.859227902,m2,Retrieved 2026-09-08,dtp-ptal-snapshot
210011230,transport_access,sa2_area,2803158.859227845,m2,Boundary 2021,abs-sa2-2021
210011230,green_space_per_resident,eligible_open_space_area,504304.223369086,m2,Observation date unverified,vpa-open-space-snapshot
210011230,green_space_per_resident,population_denominator,8048,persons,2025-06-30,abs-erp-2024-25
210011231,population_growth,population_start,10277,persons,2020-06-30,abs-erp-2024-25
210011231,population_growth,population_end,10536,persons,2025-06-30,abs-erp-2024-25
210011231,transport_access,weighted_index_area_sum,36976909.753587276,access_index*m2,Retrieved 2026-09-08,dtp-ptal-snapshot
210011231,transport_access,valid_intersection_area,4144892.691144194,m2,Retrieved 2026-09-08,dtp-ptal-snapshot
210011231,transport_access,sa2_area,4144892.6911443905,m2,Boundary 2021,abs-sa2-2021
210011231,green_space_per_resident,eligible_open_space_area,635518.5225170978,m2,Observation date unverified,vpa-open-space-snapshot
210011231,green_space_per_resident,population_denominator,10536,persons,2025-06-30,abs-erp-2024-25
210011533,population_growth,population_start,12642,persons,2020-06-30,abs-erp-2024-25
210011533,population_growth,population_end,12861,persons,2025-06-30,abs-erp-2024-25
210011533,transport_access,weighted_index_area_sum,27228299.063740365,access_index*m2,Retrieved 2026-09-08,dtp-ptal-snapshot
210011533,transport_access,valid_intersection_area,5408878.296055155,m2,Retrieved 2026-09-08,dtp-ptal-snapshot
210011533,transport_access,sa2_area,5408878.296055322,m2,Boundary 2021,abs-sa2-2021
210011533,green_space_per_resident,eligible_open_space_area,1566679.5900825222,m2,Observation date unverified,vpa-open-space-snapshot
210011533,green_space_per_resident,population_denominator,12861,persons,2025-06-30,abs-erp-2024-25
210011534,population_growth,population_start,15471,persons,2020-06-30,abs-erp-2024-25
210011534,population_growth,population_end,15645,persons,2025-06-30,abs-erp-2024-25
210011534,transport_access,weighted_index_area_sum,43324169.482240066,access_index*m2,Retrieved 2026-09-08,dtp-ptal-snapshot
210011534,transport_access,valid_intersection_area,5483820.1382812355,m2,Retrieved 2026-09-08,dtp-ptal-snapshot
210011534,transport_access,sa2_area,5483820.138281094,m2,Boundary 2021,abs-sa2-2021
210011534,green_space_per_resident,eligible_open_space_area,613435.5830448382,m2,Observation date unverified,vpa-open-space-snapshot
210011534,green_space_per_resident,population_denominator,15645,persons,2025-06-30,abs-erp-2024-25
210021232,population_growth,population_start,14245,persons,2020-06-30,abs-erp-2024-25
210021232,population_growth,population_end,15959,persons,2025-06-30,abs-erp-2024-25
210021232,transport_access,weighted_index_area_sum,0.0,access_index*m2,Retrieved 2026-09-08,dtp-ptal-snapshot
210021232,transport_access,valid_intersection_area,1975367.9713112216,m2,Retrieved 2026-09-08,dtp-ptal-snapshot
210021232,transport_access,sa2_area,211131505.33750132,m2,Boundary 2021,abs-sa2-2021
210021232,green_space_per_resident,eligible_open_space_area,0.0,m2,Observation date unverified,vpa-open-space-snapshot
210021232,green_space_per_resident,population_denominator,15959,persons,2025-06-30,abs-erp-2024-25
210021233,population_growth,population_start,3536,persons,2020-06-30,abs-erp-2024-25
210021233,population_growth,population_end,3615,persons,2025-06-30,abs-erp-2024-25
210021233,transport_access,weighted_index_area_sum,0.0,access_index*m2,Retrieved 2026-09-08,dtp-ptal-snapshot
210021233,transport_access,valid_intersection_area,0.0,m2,Retrieved 2026-09-08,dtp-ptal-snapshot
210021233,transport_access,sa2_area,73014883.97107753,m2,Boundary 2021,abs-sa2-2021
210021233,green_space_per_resident,eligible_open_space_area,0.0,m2,Observation date unverified,vpa-open-space-snapshot
210021233,green_space_per_resident,population_denominator,3615,persons,2025-06-30,abs-erp-2024-25
210021234,population_growth,population_start,4442,persons,2020-06-30,abs-erp-2024-25
210021234,population_growth,population_end,4589,persons,2025-06-30,abs-erp-2024-25
210021234,transport_access,weighted_index_area_sum,0.0,access_index*m2,Retrieved 2026-09-08,dtp-ptal-snapshot
210021234,transport_access,valid_intersection_area,1043544.8625854447,m2,Retrieved 2026-09-08,dtp-ptal-snapshot
210021234,transport_access,sa2_area,83370188.36358887,m2,Boundary 2021,abs-sa2-2021
210021234,green_space_per_resident,eligible_open_space_area,0.0,m2,Observation date unverified,vpa-open-space-snapshot
210021234,green_space_per_resident,population_denominator,4589,persons,2025-06-30,abs-erp-2024-25
210021235,population_growth,population_start,10612,persons,2020-06-30,abs-erp-2024-25
210021235,population_growth,population_end,11567,persons,2025-06-30,abs-erp-2024-25
210021235,transport_access,weighted_index_area_sum,0.0,access_index*m2,Retrieved 2026-09-08,dtp-ptal-snapshot
210021235,transport_access,valid_intersection_area,2001381.7693045733,m2,Retrieved 2026-09-08,dtp-ptal-snapshot
210021235,transport_access,sa2_area,624814333.4874488,m2,Boundary 2021,abs-sa2-2021
210021235,green_space_per_resident,eligible_open_space_area,8045.535467377054,m2,Observation date unverified,vpa-open-space-snapshot
210021235,green_space_per_resident,population_denominator,11567,persons,2025-06-30,abs-erp-2024-25
210031236,population_growth,population_start,8775,persons,2020-06-30,abs-erp-2024-25
210031236,population_growth,population_end,8932,persons,2025-06-30,abs-erp-2024-25
210031236,transport_access,weighted_index_area_sum,45746370.14200433,access_index*m2,Retrieved 2026-09-08,dtp-ptal-snapshot
210031236,transport_access,valid_intersection_area,4878153.30491038,m2,Retrieved 2026-09-08,dtp-ptal-snapshot
210031236,transport_access,sa2_area,4878153.304910326,m2,Boundary 2021,abs-sa2-2021
210031236,green_space_per_resident,eligible_open_space_area,951756.1059218084,m2,Observation date unverified,vpa-open-space-snapshot
210031236,green_space_per_resident,population_denominator,8932,persons,2025-06-30,abs-erp-2024-25
210031237,population_growth,population_start,14781,persons,2020-06-30,abs-erp-2024-25
210031237,population_growth,population_end,15096,persons,2025-06-30,abs-erp-2024-25
210031237,transport_access,weighted_index_area_sum,47902678.52107133,access_index*m2,Retrieved 2026-09-08,dtp-ptal-snapshot
210031237,transport_access,valid_intersection_area,5084872.6695150435,m2,Retrieved 2026-09-08,dtp-ptal-snapshot
210031237,transport_access,sa2_area,5084872.669514974,m2,Boundary 2021,abs-sa2-2021
210031237,green_space_per_resident,eligible_open_space_area,859935.4999832385,m2,Observation date unverified,vpa-open-space-snapshot
210031237,green_space_per_resident,population_denominator,15096,persons,2025-06-30,abs-erp-2024-25
210031439,population_growth,population_start,3156,persons,2020-06-30,abs-erp-2024-25
210031439,population_growth,population_end,3215,persons,2025-06-30,abs-erp-2024-25
210031439,transport_access,weighted_index_area_sum,4979753.321136527,access_index*m2,Retrieved 2026-09-08,dtp-ptal-snapshot
210031439,transport_access,valid_intersection_area,1522773.1493210243,m2,Retrieved 2026-09-08,dtp-ptal-snapshot
210031439,transport_access,sa2_area,1522773.1493211421,m2,Boundary 2021,abs-sa2-2021
210031439,green_space_per_resident,eligible_open_space_area,392941.7998418082,m2,Observation date unverified,vpa-open-space-snapshot
210031439,green_space_per_resident,population_denominator,3215,persons,2025-06-30,abs-erp-2024-25
210031440,population_growth,population_start,6394,persons,2020-06-30,abs-erp-2024-25
210031440,population_growth,population_end,6650,persons,2025-06-30,abs-erp-2024-25
210031440,transport_access,weighted_index_area_sum,20427733.538111046,access_index*m2,Retrieved 2026-09-08,dtp-ptal-snapshot
210031440,transport_access,valid_intersection_area,3050365.3897674927,m2,Retrieved 2026-09-08,dtp-ptal-snapshot
210031440,transport_access,sa2_area,3050365.389767584,m2,Boundary 2021,abs-sa2-2021
210031440,green_space_per_resident,eligible_open_space_area,80222.51729846402,m2,Observation date unverified,vpa-open-space-snapshot
210031440,green_space_per_resident,population_denominator,6650,persons,2025-06-30,abs-erp-2024-25
210031535,population_growth,population_start,15565,persons,2020-06-30,abs-erp-2024-25
210031535,population_growth,population_end,15762,persons,2025-06-30,abs-erp-2024-25
210031535,transport_access,weighted_index_area_sum,36044806.07061386,access_index*m2,Retrieved 2026-09-08,dtp-ptal-snapshot
210031535,transport_access,valid_intersection_area,6247702.403900289,m2,Retrieved 2026-09-08,dtp-ptal-snapshot
210031535,transport_access,sa2_area,6247702.403900054,m2,Boundary 2021,abs-sa2-2021
210031535,green_space_per_resident,eligible_open_space_area,435980.08355998265,m2,Observation date unverified,vpa-open-space-snapshot
210031535,green_space_per_resident,population_denominator,15762,persons,2025-06-30,abs-erp-2024-25
210031536,population_growth,population_start,9246,persons,2020-06-30,abs-erp-2024-25
210031536,population_growth,population_end,9563,persons,2025-06-30,abs-erp-2024-25
210031536,transport_access,weighted_index_area_sum,15934446.440779801,access_index*m2,Retrieved 2026-09-08,dtp-ptal-snapshot
210031536,transport_access,valid_intersection_area,2611095.7299408778,m2,Retrieved 2026-09-08,dtp-ptal-snapshot
210031536,transport_access,sa2_area,2611095.7299408787,m2,Boundary 2021,abs-sa2-2021
210031536,green_space_per_resident,eligible_open_space_area,372321.37891597144,m2,Observation date unverified,vpa-open-space-snapshot
210031536,green_space_per_resident,population_denominator,9563,persons,2025-06-30,abs-erp-2024-25
210031537,population_growth,population_start,8153,persons,2020-06-30,abs-erp-2024-25
210031537,population_growth,population_end,8559,persons,2025-06-30,abs-erp-2024-25
210031537,transport_access,weighted_index_area_sum,15727644.263840115,access_index*m2,Retrieved 2026-09-08,dtp-ptal-snapshot
210031537,transport_access,valid_intersection_area,2353830.8605503025,m2,Retrieved 2026-09-08,dtp-ptal-snapshot
210031537,transport_access,sa2_area,2353830.8605503095,m2,Boundary 2021,abs-sa2-2021
210031537,green_space_per_resident,eligible_open_space_area,300440.3241108376,m2,Observation date unverified,vpa-open-space-snapshot
210031537,green_space_per_resident,population_denominator,8559,persons,2025-06-30,abs-erp-2024-25
210031538,population_growth,population_start,17951,persons,2020-06-30,abs-erp-2024-25
210031538,population_growth,population_end,18674,persons,2025-06-30,abs-erp-2024-25
210031538,transport_access,weighted_index_area_sum,44967561.76647625,access_index*m2,Retrieved 2026-09-08,dtp-ptal-snapshot
210031538,transport_access,valid_intersection_area,4630118.611682837,m2,Retrieved 2026-09-08,dtp-ptal-snapshot
210031538,transport_access,sa2_area,4630118.611682812,m2,Boundary 2021,abs-sa2-2021
210031538,green_space_per_resident,eligible_open_space_area,302685.1332190818,m2,Observation date unverified,vpa-open-space-snapshot
210031538,green_space_per_resident,population_denominator,18674,persons,2025-06-30,abs-erp-2024-25
210041240,population_growth,population_start,13858,persons,2020-06-30,abs-erp-2024-25
210041240,population_growth,population_end,15364,persons,2025-06-30,abs-erp-2024-25
210041240,transport_access,weighted_index_area_sum,32937840.65187583,access_index*m2,Retrieved 2026-09-08,dtp-ptal-snapshot
210041240,transport_access,valid_intersection_area,129565979.14055368,m2,Retrieved 2026-09-08,dtp-ptal-snapshot
210041240,transport_access,sa2_area,129569148.82732762,m2,Boundary 2021,abs-sa2-2021
210041240,green_space_per_resident,eligible_open_space_area,2682318.045983698,m2,Observation date unverified,vpa-open-space-snapshot
210041240,green_space_per_resident,population_denominator,15364,persons,2025-06-30,abs-erp-2024-25
210041539,population_growth,population_start,4651,persons,2020-06-30,abs-erp-2024-25
210041539,population_growth,population_end,7434,persons,2025-06-30,abs-erp-2024-25
210041539,transport_access,weighted_index_area_sum,18438388.05842517,access_index*m2,Retrieved 2026-09-08,dtp-ptal-snapshot
210041539,transport_access,valid_intersection_area,51904065.29361002,m2,Retrieved 2026-09-08,dtp-ptal-snapshot
210041539,transport_access,sa2_area,51904065.29361066,m2,Boundary 2021,abs-sa2-2021
210041539,green_space_per_resident,eligible_open_space_area,134045.1446007889,m2,Observation date unverified,vpa-open-space-snapshot
210041539,green_space_per_resident,population_denominator,7434,persons,2025-06-30,abs-erp-2024-25
210041540,population_growth,population_start,15046,persons,2020-06-30,abs-erp-2024-25
210041540,population_growth,population_end,17683,persons,2025-06-30,abs-erp-2024-25
210041540,transport_access,weighted_index_area_sum,64393409.75299199,access_index*m2,Retrieved 2026-09-08,dtp-ptal-snapshot
210041540,transport_access,valid_intersection_area,41457245.89878641,m2,Retrieved 2026-09-08,dtp-ptal-snapshot
210041540,transport_access,sa2_area,41457245.89878654,m2,Boundary 2021,abs-sa2-2021
210041540,green_space_per_resident,eligible_open_space_area,1323827.5517540781,m2,Observation date unverified,vpa-open-space-snapshot
210041540,green_space_per_resident,population_denominator,17683,persons,2025-06-30,abs-erp-2024-25
210041541,population_growth,population_start,11547,persons,2020-06-30,abs-erp-2024-25
210041541,population_growth,population_end,11497,persons,2025-06-30,abs-erp-2024-25
210041541,transport_access,weighted_index_area_sum,37209139.93856009,access_index*m2,Retrieved 2026-09-08,dtp-ptal-snapshot
210041541,transport_access,valid_intersection_area,37785744.19072106,m2,Retrieved 2026-09-08,dtp-ptal-snapshot
210041541,transport_access,sa2_area,37803114.09500551,m2,Boundary 2021,abs-sa2-2021
210041541,green_space_per_resident,eligible_open_space_area,1088613.8378712286,m2,Observation date unverified,vpa-open-space-snapshot
210041541,green_space_per_resident,population_denominator,11497,persons,2025-06-30,abs-erp-2024-25
210051242,population_growth,population_start,14747,persons,2020-06-30,abs-erp-2024-25
210051242,population_growth,population_end,14972,persons,2025-06-30,abs-erp-2024-25
210051242,transport_access,weighted_index_area_sum,64981869.158208326,access_index*m2,Retrieved 2026-09-08,dtp-ptal-snapshot
210051242,transport_access,valid_intersection_area,8826804.964068534,m2,Retrieved 2026-09-08,dtp-ptal-snapshot
210051242,transport_access,sa2_area,8826804.96406874,m2,Boundary 2021,abs-sa2-2021
210051242,green_space_per_resident,eligible_open_space_area,1133602.0655605851,m2,Observation date unverified,vpa-open-space-snapshot
210051242,green_space_per_resident,population_denominator,14972,persons,2025-06-30,abs-erp-2024-25
210051243,population_growth,population_start,16885,persons,2020-06-30,abs-erp-2024-25
210051243,population_growth,population_end,16386,persons,2025-06-30,abs-erp-2024-25
210051243,transport_access,weighted_index_area_sum,62644563.53526737,access_index*m2,Retrieved 2026-09-08,dtp-ptal-snapshot
210051243,transport_access,valid_intersection_area,18186770.26855787,m2,Retrieved 2026-09-08,dtp-ptal-snapshot
210051243,transport_access,sa2_area,18186770.268558096,m2,Boundary 2021,abs-sa2-2021
210051243,green_space_per_resident,eligible_open_space_area,1157146.823741367,m2,Observation date unverified,vpa-open-space-snapshot
210051243,green_space_per_resident,population_denominator,16386,persons,2025-06-30,abs-erp-2024-25
210051245,population_growth,population_start,18598,persons,2020-06-30,abs-erp-2024-25
210051245,population_growth,population_end,18285,persons,2025-06-30,abs-erp-2024-25
210051245,transport_access,weighted_index_area_sum,34367879.87554157,access_index*m2,Retrieved 2026-09-08,dtp-ptal-snapshot
210051245,transport_access,valid_intersection_area,13937720.092398752,m2,Retrieved 2026-09-08,dtp-ptal-snapshot
210051245,transport_access,sa2_area,13937720.092398599,m2,Boundary 2021,abs-sa2-2021
210051245,green_space_per_resident,eligible_open_space_area,3262508.629190891,m2,Observation date unverified,vpa-open-space-snapshot
210051245,green_space_per_resident,population_denominator,18285,persons,2025-06-30,abs-erp-2024-25
210051246,population_growth,population_start,21279,persons,2020-06-30,abs-erp-2024-25
210051246,population_growth,population_end,26757,persons,2025-06-30,abs-erp-2024-25
210051246,transport_access,weighted_index_area_sum,21898322.731183868,access_index*m2,Retrieved 2026-09-08,dtp-ptal-snapshot
210051246,transport_access,valid_intersection_area,95915621.4227054,m2,Retrieved 2026-09-08,dtp-ptal-snapshot
210051246,transport_access,sa2_area,95915621.42270541,m2,Boundary 2021,abs-sa2-2021
210051246,green_space_per_resident,eligible_open_space_area,10993618.759629747,m2,Observation date unverified,vpa-open-space-snapshot
210051246,green_space_per_resident,population_denominator,26757,persons,2025-06-30,abs-erp-2024-25
210051247,population_growth,population_start,15840,persons,2020-06-30,abs-erp-2024-25
210051247,population_growth,population_end,14841,persons,2025-06-30,abs-erp-2024-25
210051247,transport_access,weighted_index_area_sum,23543418.85680232,access_index*m2,Retrieved 2026-09-08,dtp-ptal-snapshot
210051247,transport_access,valid_intersection_area,4625431.802630371,m2,Retrieved 2026-09-08,dtp-ptal-snapshot
210051247,transport_access,sa2_area,4625431.802630498,m2,Boundary 2021,abs-sa2-2021
210051247,green_space_per_resident,eligible_open_space_area,814775.9056823498,m2,Observation date unverified,vpa-open-space-snapshot
210051247,green_space_per_resident,population_denominator,14841,persons,2025-06-30,abs-erp-2024-25
210051248,population_growth,population_start,143,persons,2020-06-30,abs-erp-2024-25
210051248,population_growth,population_end,130,persons,2025-06-30,abs-erp-2024-25
210051248,transport_access,weighted_index_area_sum,5177159.146221006,access_index*m2,Retrieved 2026-09-08,dtp-ptal-snapshot
210051248,transport_access,valid_intersection_area,30387801.75659109,m2,Retrieved 2026-09-08,dtp-ptal-snapshot
210051248,transport_access,sa2_area,30387801.75659102,m2,Boundary 2021,abs-sa2-2021
210051248,green_space_per_resident,eligible_open_space_area,460410.0620561753,m2,Observation date unverified,vpa-open-space-snapshot
210051248,green_space_per_resident,population_denominator,130,persons,2025-06-30,abs-erp-2024-25
210051250,population_growth,population_start,6824,persons,2020-06-30,abs-erp-2024-25
210051250,population_growth,population_end,6727,persons,2025-06-30,abs-erp-2024-25
210051250,transport_access,weighted_index_area_sum,16600147.087402845,access_index*m2,Retrieved 2026-09-08,dtp-ptal-snapshot
210051250,transport_access,valid_intersection_area,3859821.3986021327,m2,Retrieved 2026-09-08,dtp-ptal-snapshot
210051250,transport_access,sa2_area,3859821.398602174,m2,Boundary 2021,abs-sa2-2021
210051250,green_space_per_resident,eligible_open_space_area,186762.38279019686,m2,Observation date unverified,vpa-open-space-snapshot
210051250,green_space_per_resident,population_denominator,6727,persons,2025-06-30,abs-erp-2024-25
210051441,population_growth,population_start,8715,persons,2020-06-30,abs-erp-2024-25
210051441,population_growth,population_end,8172,persons,2025-06-30,abs-erp-2024-25
210051441,transport_access,weighted_index_area_sum,18029228.520532265,access_index*m2,Retrieved 2026-09-08,dtp-ptal-snapshot
210051441,transport_access,valid_intersection_area,3968562.4853283083,m2,Retrieved 2026-09-08,dtp-ptal-snapshot
210051441,transport_access,sa2_area,3968562.485328337,m2,Boundary 2021,abs-sa2-2021
210051441,green_space_per_resident,eligible_open_space_area,275724.3196063443,m2,Observation date unverified,vpa-open-space-snapshot
210051441,green_space_per_resident,population_denominator,8172,persons,2025-06-30,abs-erp-2024-25
210051442,population_growth,population_start,12893,persons,2020-06-30,abs-erp-2024-25
210051442,population_growth,population_end,12846,persons,2025-06-30,abs-erp-2024-25
210051442,transport_access,weighted_index_area_sum,18938656.06838005,access_index*m2,Retrieved 2026-09-08,dtp-ptal-snapshot
210051442,transport_access,valid_intersection_area,13351986.745955335,m2,Retrieved 2026-09-08,dtp-ptal-snapshot
210051442,transport_access,sa2_area,13351986.745955193,m2,Boundary 2021,abs-sa2-2021
210051442,green_space_per_resident,eligible_open_space_area,1358742.084143195,m2,Observation date unverified,vpa-open-space-snapshot
210051442,green_space_per_resident,population_denominator,12846,persons,2025-06-30,abs-erp-2024-25
210051443,population_growth,population_start,21632,persons,2020-06-30,abs-erp-2024-25
210051443,population_growth,population_end,24431,persons,2025-06-30,abs-erp-2024-25
210051443,transport_access,weighted_index_area_sum,54153060.54722113,access_index*m2,Retrieved 2026-09-08,dtp-ptal-snapshot
210051443,transport_access,valid_intersection_area,11914524.854686482,m2,Retrieved 2026-09-08,dtp-ptal-snapshot
210051443,transport_access,sa2_area,11914524.854686527,m2,Boundary 2021,abs-sa2-2021
210051443,green_space_per_resident,eligible_open_space_area,892058.5942750581,m2,Observation date unverified,vpa-open-space-snapshot
210051443,green_space_per_resident,population_denominator,24431,persons,2025-06-30,abs-erp-2024-25
210051445,population_growth,population_start,18657,persons,2020-06-30,abs-erp-2024-25
210051445,population_growth,population_end,39389,persons,2025-06-30,abs-erp-2024-25
210051445,transport_access,weighted_index_area_sum,22693229.332339253,access_index*m2,Retrieved 2026-09-08,dtp-ptal-snapshot
210051445,transport_access,valid_intersection_area,70839340.33547093,m2,Retrieved 2026-09-08,dtp-ptal-snapshot
210051445,transport_access,sa2_area,70839340.33547084,m2,Boundary 2021,abs-sa2-2021
210051445,green_space_per_resident,eligible_open_space_area,444982.7725802009,m2,Observation date unverified,vpa-open-space-snapshot
210051445,green_space_per_resident,population_denominator,39389,persons,2025-06-30,abs-erp-2024-25
210051542,population_growth,population_start,9253,persons,2020-06-30,abs-erp-2024-25
210051542,population_growth,population_end,11293,persons,2025-06-30,abs-erp-2024-25
210051542,transport_access,weighted_index_area_sum,10433482.395103093,access_index*m2,Retrieved 2026-09-08,dtp-ptal-snapshot
210051542,transport_access,valid_intersection_area,1919668.6963245797,m2,Retrieved 2026-09-08,dtp-ptal-snapshot
210051542,transport_access,sa2_area,1919668.6963246572,m2,Boundary 2021,abs-sa2-2021
210051542,green_space_per_resident,eligible_open_space_area,22581.47162678148,m2,Observation date unverified,vpa-open-space-snapshot
210051542,green_space_per_resident,population_denominator,11293,persons,2025-06-30,abs-erp-2024-25
210051543,population_growth,population_start,12687,persons,2020-06-30,abs-erp-2024-25
210051543,population_growth,population_end,14970,persons,2025-06-30,abs-erp-2024-25
210051543,transport_access,weighted_index_area_sum,25031722.51055692,access_index*m2,Retrieved 2026-09-08,dtp-ptal-snapshot
210051543,transport_access,valid_intersection_area,4089633.5879551144,m2,Retrieved 2026-09-08,dtp-ptal-snapshot
210051543,transport_access,sa2_area,4089633.5879550665,m2,Boundary 2021,abs-sa2-2021
210051543,green_space_per_resident,eligible_open_space_area,343894.16802972794,m2,Observation date unverified,vpa-open-space-snapshot
210051543,green_space_per_resident,population_denominator,14970,persons,2025-06-30,abs-erp-2024-25
210051544,population_growth,population_start,10043,persons,2020-06-30,abs-erp-2024-25
210051544,population_growth,population_end,9699,persons,2025-06-30,abs-erp-2024-25
210051544,transport_access,weighted_index_area_sum,28189861.967111796,access_index*m2,Retrieved 2026-09-08,dtp-ptal-snapshot
210051544,transport_access,valid_intersection_area,8876257.39423664,m2,Retrieved 2026-09-08,dtp-ptal-snapshot
210051544,transport_access,sa2_area,8876257.394236533,m2,Boundary 2021,abs-sa2-2021
210051544,green_space_per_resident,eligible_open_space_area,881527.4782074712,m2,Observation date unverified,vpa-open-space-snapshot
210051544,green_space_per_resident,population_denominator,9699,persons,2025-06-30,abs-erp-2024-25
210051545,population_growth,population_start,14993,persons,2020-06-30,abs-erp-2024-25
210051545,population_growth,population_end,15440,persons,2025-06-30,abs-erp-2024-25
210051545,transport_access,weighted_index_area_sum,10609752.949645437,access_index*m2,Retrieved 2026-09-08,dtp-ptal-snapshot
210051545,transport_access,valid_intersection_area,3414268.7614240204,m2,Retrieved 2026-09-08,dtp-ptal-snapshot
210051545,transport_access,sa2_area,3414268.7614240255,m2,Boundary 2021,abs-sa2-2021
210051545,green_space_per_resident,eligible_open_space_area,355399.38884766743,m2,Observation date unverified,vpa-open-space-snapshot
210051545,green_space_per_resident,population_denominator,15440,persons,2025-06-30,abs-erp-2024-25
211011251,population_growth,population_start,12992,persons,2020-06-30,abs-erp-2024-25
211011251,population_growth,population_end,13388,persons,2025-06-30,abs-erp-2024-25
211011251,transport_access,weighted_index_area_sum,35939626.90344988,access_index*m2,Retrieved 2026-09-08,dtp-ptal-snapshot
211011251,transport_access,valid_intersection_area,8041862.153451595,m2,Retrieved 2026-09-08,dtp-ptal-snapshot
211011251,transport_access,sa2_area,8041862.153451531,m2,Boundary 2021,abs-sa2-2021
211011251,green_space_per_resident,eligible_open_space_area,378288.50942615507,m2,Observation date unverified,vpa-open-space-snapshot
211011251,green_space_per_resident,population_denominator,13388,persons,2025-06-30,abs-erp-2024-25
211011254,population_growth,population_start,17016,persons,2020-06-30,abs-erp-2024-25
211011254,population_growth,population_end,17232,persons,2025-06-30,abs-erp-2024-25
211011254,transport_access,weighted_index_area_sum,60128690.370779976,access_index*m2,Retrieved 2026-09-08,dtp-ptal-snapshot
211011254,transport_access,valid_intersection_area,15262104.990297155,m2,Retrieved 2026-09-08,dtp-ptal-snapshot
211011254,transport_access,sa2_area,15262104.990297183,m2,Boundary 2021,abs-sa2-2021
211011254,green_space_per_resident,eligible_open_space_area,1625883.2718442257,m2,Observation date unverified,vpa-open-space-snapshot
211011254,green_space_per_resident,population_denominator,17232,persons,2025-06-30,abs-erp-2024-25
211011255,population_growth,population_start,6802,persons,2020-06-30,abs-erp-2024-25
211011255,population_growth,population_end,6622,persons,2025-06-30,abs-erp-2024-25
211011255,transport_access,weighted_index_area_sum,5805352.426908318,access_index*m2,Retrieved 2026-09-08,dtp-ptal-snapshot
211011255,transport_access,valid_intersection_area,18489246.896974847,m2,Retrieved 2026-09-08,dtp-ptal-snapshot
211011255,transport_access,sa2_area,18489246.896974597,m2,Boundary 2021,abs-sa2-2021
211011255,green_space_per_resident,eligible_open_space_area,5691551.992255213,m2,Observation date unverified,vpa-open-space-snapshot
211011255,green_space_per_resident,population_denominator,6622,persons,2025-06-30,abs-erp-2024-25
211011256,population_growth,population_start,15826,persons,2020-06-30,abs-erp-2024-25
211011256,population_growth,population_end,15771,persons,2025-06-30,abs-erp-2024-25
211011256,transport_access,weighted_index_area_sum,36372851.10414723,access_index*m2,Retrieved 2026-09-08,dtp-ptal-snapshot
211011256,transport_access,valid_intersection_area,8198601.271614168,m2,Retrieved 2026-09-08,dtp-ptal-snapshot
211011256,transport_access,sa2_area,8198601.271614133,m2,Boundary 2021,abs-sa2-2021
211011256,green_space_per_resident,eligible_open_space_area,707111.7895001491,m2,Observation date unverified,vpa-open-space-snapshot
211011256,green_space_per_resident,population_denominator,15771,persons,2025-06-30,abs-erp-2024-25
211011257,population_growth,population_start,8122,persons,2020-06-30,abs-erp-2024-25
211011257,population_growth,population_end,7827,persons,2025-06-30,abs-erp-2024-25
211011257,transport_access,weighted_index_area_sum,9493824.453212839,access_index*m2,Retrieved 2026-09-08,dtp-ptal-snapshot
211011257,transport_access,valid_intersection_area,4167579.6305844584,m2,Retrieved 2026-09-08,dtp-ptal-snapshot
211011257,transport_access,sa2_area,4167579.6305844155,m2,Boundary 2021,abs-sa2-2021
211011257,green_space_per_resident,eligible_open_space_area,558877.0557312279,m2,Observation date unverified,vpa-open-space-snapshot
211011257,green_space_per_resident,population_denominator,7827,persons,2025-06-30,abs-erp-2024-25
211011258,population_growth,population_start,10754,persons,2020-06-30,abs-erp-2024-25
211011258,population_growth,population_end,10578,persons,2025-06-30,abs-erp-2024-25
211011258,transport_access,weighted_index_area_sum,12803747.83941329,access_index*m2,Retrieved 2026-09-08,dtp-ptal-snapshot
211011258,transport_access,valid_intersection_area,9351500.686197652,m2,Retrieved 2026-09-08,dtp-ptal-snapshot
211011258,transport_access,sa2_area,9351500.686197862,m2,Boundary 2021,abs-sa2-2021
211011258,green_space_per_resident,eligible_open_space_area,1211245.2485082408,m2,Observation date unverified,vpa-open-space-snapshot
211011258,green_space_per_resident,population_denominator,10578,persons,2025-06-30,abs-erp-2024-25
211011259,population_growth,population_start,14866,persons,2020-06-30,abs-erp-2024-25
211011259,population_growth,population_end,14634,persons,2025-06-30,abs-erp-2024-25
211011259,transport_access,weighted_index_area_sum,30288294.878530677,access_index*m2,Retrieved 2026-09-08,dtp-ptal-snapshot
211011259,transport_access,valid_intersection_area,8304688.523317981,m2,Retrieved 2026-09-08,dtp-ptal-snapshot
211011259,transport_access,sa2_area,8304688.523318087,m2,Boundary 2021,abs-sa2-2021
211011259,green_space_per_resident,eligible_open_space_area,1387280.1937203393,m2,Observation date unverified,vpa-open-space-snapshot
211011259,green_space_per_resident,population_denominator,14634,persons,2025-06-30,abs-erp-2024-25
211011260,population_growth,population_start,18602,persons,2020-06-30,abs-erp-2024-25
211011260,population_growth,population_end,18475,persons,2025-06-30,abs-erp-2024-25
211011260,transport_access,weighted_index_area_sum,59044593.308583945,access_index*m2,Retrieved 2026-09-08,dtp-ptal-snapshot
211011260,transport_access,valid_intersection_area,13353313.851667603,m2,Retrieved 2026-09-08,dtp-ptal-snapshot
211011260,transport_access,sa2_area,13353313.851667484,m2,Boundary 2021,abs-sa2-2021
211011260,green_space_per_resident,eligible_open_space_area,4078787.7285827957,m2,Observation date unverified,vpa-open-space-snapshot
211011260,green_space_per_resident,population_denominator,18475,persons,2025-06-30,abs-erp-2024-25
211011446,population_growth,population_start,23924,persons,2020-06-30,abs-erp-2024-25
211011446,population_growth,population_end,24763,persons,2025-06-30,abs-erp-2024-25
211011446,transport_access,weighted_index_area_sum,70588396.28192702,access_index*m2,Retrieved 2026-09-08,dtp-ptal-snapshot
211011446,transport_access,valid_intersection_area,11260795.394918567,m2,Retrieved 2026-09-08,dtp-ptal-snapshot
211011446,transport_access,sa2_area,11260795.394918421,m2,Boundary 2021,abs-sa2-2021
211011446,green_space_per_resident,eligible_open_space_area,894655.3790516965,m2,Observation date unverified,vpa-open-space-snapshot
211011446,green_space_per_resident,population_denominator,24763,persons,2025-06-30,abs-erp-2024-25
211011447,population_growth,population_start,14446,persons,2020-06-30,abs-erp-2024-25
211011447,population_growth,population_end,14538,persons,2025-06-30,abs-erp-2024-25
211011447,transport_access,weighted_index_area_sum,41172343.68947681,access_index*m2,Retrieved 2026-09-08,dtp-ptal-snapshot
211011447,transport_access,valid_intersection_area,6983567.774144008,m2,Retrieved 2026-09-08,dtp-ptal-snapshot
211011447,transport_access,sa2_area,6983567.774144074,m2,Boundary 2021,abs-sa2-2021
211011447,green_space_per_resident,eligible_open_space_area,513254.4230949565,m2,Observation date unverified,vpa-open-space-snapshot
211011447,green_space_per_resident,population_denominator,14538,persons,2025-06-30,abs-erp-2024-25
211011448,population_growth,population_start,15517,persons,2020-06-30,abs-erp-2024-25
211011448,population_growth,population_end,15630,persons,2025-06-30,abs-erp-2024-25
211011448,transport_access,weighted_index_area_sum,51135599.19962984,access_index*m2,Retrieved 2026-09-08,dtp-ptal-snapshot
211011448,transport_access,valid_intersection_area,9148040.80622606,m2,Retrieved 2026-09-08,dtp-ptal-snapshot
211011448,transport_access,sa2_area,9148040.80622617,m2,Boundary 2021,abs-sa2-2021
211011448,green_space_per_resident,eligible_open_space_area,973318.071875934,m2,Observation date unverified,vpa-open-space-snapshot
211011448,green_space_per_resident,population_denominator,15630,persons,2025-06-30,abs-erp-2024-25
211011449,population_growth,population_start,4415,persons,2020-06-30,abs-erp-2024-25
211011449,population_growth,population_end,4336,persons,2025-06-30,abs-erp-2024-25
211011449,transport_access,weighted_index_area_sum,8650325.839832935,access_index*m2,Retrieved 2026-09-08,dtp-ptal-snapshot
211011449,transport_access,valid_intersection_area,5714603.488165985,m2,Retrieved 2026-09-08,dtp-ptal-snapshot
211011449,transport_access,sa2_area,5714603.488166237,m2,Boundary 2021,abs-sa2-2021
211011449,green_space_per_resident,eligible_open_space_area,175012.79233370133,m2,Observation date unverified,vpa-open-space-snapshot
211011449,green_space_per_resident,population_denominator,4336,persons,2025-06-30,abs-erp-2024-25
211021261,population_growth,population_start,16668,persons,2020-06-30,abs-erp-2024-25
211021261,population_growth,population_end,16894,persons,2025-06-30,abs-erp-2024-25
211021261,transport_access,weighted_index_area_sum,54713622.43065122,access_index*m2,Retrieved 2026-09-08,dtp-ptal-snapshot
211021261,transport_access,valid_intersection_area,20798856.76057589,m2,Retrieved 2026-09-08,dtp-ptal-snapshot
211021261,transport_access,sa2_area,20798856.760576025,m2,Boundary 2021,abs-sa2-2021
211021261,green_space_per_resident,eligible_open_space_area,1881301.511403142,m2,Observation date unverified,vpa-open-space-snapshot
211021261,green_space_per_resident,population_denominator,16894,persons,2025-06-30,abs-erp-2024-25
211021262,population_growth,population_start,10404,persons,2020-06-30,abs-erp-2024-25
211021262,population_growth,population_end,10229,persons,2025-06-30,abs-erp-2024-25
211021262,transport_access,weighted_index_area_sum,46874819.15098819,access_index*m2,Retrieved 2026-09-08,dtp-ptal-snapshot
211021262,transport_access,valid_intersection_area,45749743.069978155,m2,Retrieved 2026-09-08,dtp-ptal-snapshot
211021262,transport_access,sa2_area,45749743.06997809,m2,Boundary 2021,abs-sa2-2021
211021262,green_space_per_resident,eligible_open_space_area,2786174.4981893175,m2,Observation date unverified,vpa-open-space-snapshot
211021262,green_space_per_resident,population_denominator,10229,persons,2025-06-30,abs-erp-2024-25
211031263,population_growth,population_start,12332,persons,2020-06-30,abs-erp-2024-25
211031263,population_growth,population_end,12097,persons,2025-06-30,abs-erp-2024-25
211031263,transport_access,weighted_index_area_sum,29503728.978661116,access_index*m2,Retrieved 2026-09-08,dtp-ptal-snapshot
211031263,transport_access,valid_intersection_area,9906917.335194686,m2,Retrieved 2026-09-08,dtp-ptal-snapshot
211031263,transport_access,sa2_area,9906917.335194785,m2,Boundary 2021,abs-sa2-2021
211031263,green_space_per_resident,eligible_open_space_area,643933.874832033,m2,Observation date unverified,vpa-open-space-snapshot
211031263,green_space_per_resident,population_denominator,12097,persons,2025-06-30,abs-erp-2024-25
211031265,population_growth,population_start,18640,persons,2020-06-30,abs-erp-2024-25
211031265,population_growth,population_end,18457,persons,2025-06-30,abs-erp-2024-25
211031265,transport_access,weighted_index_area_sum,33166520.087030258,access_index*m2,Retrieved 2026-09-08,dtp-ptal-snapshot
211031265,transport_access,valid_intersection_area,9489999.536032157,m2,Retrieved 2026-09-08,dtp-ptal-snapshot
211031265,transport_access,sa2_area,9489999.53603233,m2,Boundary 2021,abs-sa2-2021
211031265,green_space_per_resident,eligible_open_space_area,856880.3326187473,m2,Observation date unverified,vpa-open-space-snapshot
211031265,green_space_per_resident,population_denominator,18457,persons,2025-06-30,abs-erp-2024-25
211031266,population_growth,population_start,19158,persons,2020-06-30,abs-erp-2024-25
211031266,population_growth,population_end,19779,persons,2025-06-30,abs-erp-2024-25
211031266,transport_access,weighted_index_area_sum,90452216.40160404,access_index*m2,Retrieved 2026-09-08,dtp-ptal-snapshot
211031266,transport_access,valid_intersection_area,9908942.420793416,m2,Retrieved 2026-09-08,dtp-ptal-snapshot
211031266,transport_access,sa2_area,9908942.420793246,m2,Boundary 2021,abs-sa2-2021
211031266,green_space_per_resident,eligible_open_space_area,1266104.2700890237,m2,Observation date unverified,vpa-open-space-snapshot
211031266,green_space_per_resident,population_denominator,19779,persons,2025-06-30,abs-erp-2024-25
211031267,population_growth,population_start,21785,persons,2020-06-30,abs-erp-2024-25
211031267,population_growth,population_end,22164,persons,2025-06-30,abs-erp-2024-25
211031267,transport_access,weighted_index_area_sum,48360761.002858825,access_index*m2,Retrieved 2026-09-08,dtp-ptal-snapshot
211031267,transport_access,valid_intersection_area,9390989.574092157,m2,Retrieved 2026-09-08,dtp-ptal-snapshot
211031267,transport_access,sa2_area,9390989.574092183,m2,Boundary 2021,abs-sa2-2021
211031267,green_space_per_resident,eligible_open_space_area,759032.5387749808,m2,Observation date unverified,vpa-open-space-snapshot
211031267,green_space_per_resident,population_denominator,22164,persons,2025-06-30,abs-erp-2024-25
211031268,population_growth,population_start,9931,persons,2020-06-30,abs-erp-2024-25
211031268,population_growth,population_end,9839,persons,2025-06-30,abs-erp-2024-25
211031268,transport_access,weighted_index_area_sum,32195059.845980667,access_index*m2,Retrieved 2026-09-08,dtp-ptal-snapshot
211031268,transport_access,valid_intersection_area,4729944.801691387,m2,Retrieved 2026-09-08,dtp-ptal-snapshot
211031268,transport_access,sa2_area,4729944.801691337,m2,Boundary 2021,abs-sa2-2021
211031268,green_space_per_resident,eligible_open_space_area,584830.5323240308,m2,Observation date unverified,vpa-open-space-snapshot
211031268,green_space_per_resident,population_denominator,9839,persons,2025-06-30,abs-erp-2024-25
211031450,population_growth,population_start,16403,persons,2020-06-30,abs-erp-2024-25
211031450,population_growth,population_end,17345,persons,2025-06-30,abs-erp-2024-25
211031450,transport_access,weighted_index_area_sum,44441603.870755635,access_index*m2,Retrieved 2026-09-08,dtp-ptal-snapshot
211031450,transport_access,valid_intersection_area,8096487.344050727,m2,Retrieved 2026-09-08,dtp-ptal-snapshot
211031450,transport_access,sa2_area,8096487.344050592,m2,Boundary 2021,abs-sa2-2021
211031450,green_space_per_resident,eligible_open_space_area,1377018.1023429781,m2,Observation date unverified,vpa-open-space-snapshot
211031450,green_space_per_resident,population_denominator,17345,persons,2025-06-30,abs-erp-2024-25
211031451,population_growth,population_start,14561,persons,2020-06-30,abs-erp-2024-25
211031451,population_growth,population_end,14940,persons,2025-06-30,abs-erp-2024-25
211031451,transport_access,weighted_index_area_sum,43294380.09449589,access_index*m2,Retrieved 2026-09-08,dtp-ptal-snapshot
211031451,transport_access,valid_intersection_area,6796536.499701677,m2,Retrieved 2026-09-08,dtp-ptal-snapshot
211031451,transport_access,sa2_area,6796536.499701735,m2,Boundary 2021,abs-sa2-2021
211031451,green_space_per_resident,eligible_open_space_area,504180.04168078164,m2,Observation date unverified,vpa-open-space-snapshot
211031451,green_space_per_resident,population_denominator,14940,persons,2025-06-30,abs-erp-2024-25
211031452,population_growth,population_start,5015,persons,2020-06-30,abs-erp-2024-25
211031452,population_growth,population_end,5147,persons,2025-06-30,abs-erp-2024-25
211031452,transport_access,weighted_index_area_sum,7295500.287771566,access_index*m2,Retrieved 2026-09-08,dtp-ptal-snapshot
211031452,transport_access,valid_intersection_area,2855215.328699602,m2,Retrieved 2026-09-08,dtp-ptal-snapshot
211031452,transport_access,sa2_area,2855215.328699706,m2,Boundary 2021,abs-sa2-2021
211031452,green_space_per_resident,eligible_open_space_area,97725.55103236095,m2,Observation date unverified,vpa-open-space-snapshot
211031452,green_space_per_resident,population_denominator,5147,persons,2025-06-30,abs-erp-2024-25
211041269,population_growth,population_start,11166,persons,2020-06-30,abs-erp-2024-25
211041269,population_growth,population_end,11256,persons,2025-06-30,abs-erp-2024-25
211041269,transport_access,weighted_index_area_sum,31590786.022963006,access_index*m2,Retrieved 2026-09-08,dtp-ptal-snapshot
211041269,transport_access,valid_intersection_area,4069874.2353081573,m2,Retrieved 2026-09-08,dtp-ptal-snapshot
211041269,transport_access,sa2_area,4069874.235308179,m2,Boundary 2021,abs-sa2-2021
211041269,green_space_per_resident,eligible_open_space_area,305086.08381638647,m2,Observation date unverified,vpa-open-space-snapshot
211041269,green_space_per_resident,population_denominator,11256,persons,2025-06-30,abs-erp-2024-25
211041270,population_growth,population_start,17338,persons,2020-06-30,abs-erp-2024-25
211041270,population_growth,population_end,17496,persons,2025-06-30,abs-erp-2024-25
211041270,transport_access,weighted_index_area_sum,61167876.26363779,access_index*m2,Retrieved 2026-09-08,dtp-ptal-snapshot
211041270,transport_access,valid_intersection_area,6625853.020283487,m2,Retrieved 2026-09-08,dtp-ptal-snapshot
211041270,transport_access,sa2_area,6625853.0202834755,m2,Boundary 2021,abs-sa2-2021
211041270,green_space_per_resident,eligible_open_space_area,617655.3016446894,m2,Observation date unverified,vpa-open-space-snapshot
211041270,green_space_per_resident,population_denominator,17496,persons,2025-06-30,abs-erp-2024-25
211041271,population_growth,population_start,12861,persons,2020-06-30,abs-erp-2024-25
211041271,population_growth,population_end,13247,persons,2025-06-30,abs-erp-2024-25
211041271,transport_access,weighted_index_area_sum,55832554.38028673,access_index*m2,Retrieved 2026-09-08,dtp-ptal-snapshot
211041271,transport_access,valid_intersection_area,5077369.686351402,m2,Retrieved 2026-09-08,dtp-ptal-snapshot
211041271,transport_access,sa2_area,5077369.686351434,m2,Boundary 2021,abs-sa2-2021
211041271,green_space_per_resident,eligible_open_space_area,408969.858445123,m2,Observation date unverified,vpa-open-space-snapshot
211041271,green_space_per_resident,population_denominator,13247,persons,2025-06-30,abs-erp-2024-25
211041272,population_growth,population_start,11337,persons,2020-06-30,abs-erp-2024-25
211041272,population_growth,population_end,11435,persons,2025-06-30,abs-erp-2024-25
211041272,transport_access,weighted_index_area_sum,29087413.923715614,access_index*m2,Retrieved 2026-09-08,dtp-ptal-snapshot
211041272,transport_access,valid_intersection_area,4608632.23705917,m2,Retrieved 2026-09-08,dtp-ptal-snapshot
211041272,transport_access,sa2_area,4608632.237059253,m2,Boundary 2021,abs-sa2-2021
211041272,green_space_per_resident,eligible_open_space_area,452446.26109215856,m2,Observation date unverified,vpa-open-space-snapshot
211041272,green_space_per_resident,population_denominator,11435,persons,2025-06-30,abs-erp-2024-25
211041273,population_growth,population_start,12303,persons,2020-06-30,abs-erp-2024-25
211041273,population_growth,population_end,12250,persons,2025-06-30,abs-erp-2024-25
211041273,transport_access,weighted_index_area_sum,32946690.91401311,access_index*m2,Retrieved 2026-09-08,dtp-ptal-snapshot
211041273,transport_access,valid_intersection_area,6182917.706101012,m2,Retrieved 2026-09-08,dtp-ptal-snapshot
211041273,transport_access,sa2_area,6182917.706101034,m2,Boundary 2021,abs-sa2-2021
211041273,green_space_per_resident,eligible_open_space_area,725028.0828318186,m2,Observation date unverified,vpa-open-space-snapshot
211041273,green_space_per_resident,population_denominator,12250,persons,2025-06-30,abs-erp-2024-25
211051274,population_growth,population_start,10339,persons,2020-06-30,abs-erp-2024-25
211051274,population_growth,population_end,9964,persons,2025-06-30,abs-erp-2024-25
211051274,transport_access,weighted_index_area_sum,36838010.11129025,access_index*m2,Retrieved 2026-09-08,dtp-ptal-snapshot
211051274,transport_access,valid_intersection_area,55635750.23177524,m2,Retrieved 2026-09-08,dtp-ptal-snapshot
211051274,transport_access,sa2_area,55635750.23177518,m2,Boundary 2021,abs-sa2-2021
211051274,green_space_per_resident,eligible_open_space_area,10256602.235134788,m2,Observation date unverified,vpa-open-space-snapshot
211051274,green_space_per_resident,population_denominator,9964,persons,2025-06-30,abs-erp-2024-25
211051275,population_growth,population_start,11767,persons,2020-06-30,abs-erp-2024-25
211051275,population_growth,population_end,12603,persons,2025-06-30,abs-erp-2024-25
211051275,transport_access,weighted_index_area_sum,22473717.466004588,access_index*m2,Retrieved 2026-09-08,dtp-ptal-snapshot
211051275,transport_access,valid_intersection_area,22196963.38957918,m2,Retrieved 2026-09-08,dtp-ptal-snapshot
211051275,transport_access,sa2_area,22196963.389579233,m2,Boundary 2021,abs-sa2-2021
211051275,green_space_per_resident,eligible_open_space_area,401013.58829223976,m2,Observation date unverified,vpa-open-space-snapshot
211051275,green_space_per_resident,population_denominator,12603,persons,2025-06-30,abs-erp-2024-25
211051276,population_growth,population_start,14335,persons,2020-06-30,abs-erp-2024-25
211051276,population_growth,population_end,14116,persons,2025-06-30,abs-erp-2024-25
211051276,transport_access,weighted_index_area_sum,18509643.691988494,access_index*m2,Retrieved 2026-09-08,dtp-ptal-snapshot
211051276,transport_access,valid_intersection_area,369229526.8500585,m2,Retrieved 2026-09-08,dtp-ptal-snapshot
211051276,transport_access,sa2_area,369389871.4112492,m2,Boundary 2021,abs-sa2-2021
211051276,green_space_per_resident,eligible_open_space_area,43047477.02362801,m2,Observation date unverified,vpa-open-space-snapshot
211051276,green_space_per_resident,population_denominator,14116,persons,2025-06-30,abs-erp-2024-25
211051277,population_growth,population_start,9962,persons,2020-06-30,abs-erp-2024-25
211051277,population_growth,population_end,10692,persons,2025-06-30,abs-erp-2024-25
211051277,transport_access,weighted_index_area_sum,19753866.3409064,access_index*m2,Retrieved 2026-09-08,dtp-ptal-snapshot
211051277,transport_access,valid_intersection_area,8240125.443670188,m2,Retrieved 2026-09-08,dtp-ptal-snapshot
211051277,transport_access,sa2_area,8240125.443670158,m2,Boundary 2021,abs-sa2-2021
211051277,green_space_per_resident,eligible_open_space_area,358456.94741846976,m2,Observation date unverified,vpa-open-space-snapshot
211051277,green_space_per_resident,population_denominator,10692,persons,2025-06-30,abs-erp-2024-25
211051278,population_growth,population_start,19952,persons,2020-06-30,abs-erp-2024-25
211051278,population_growth,population_end,20905,persons,2025-06-30,abs-erp-2024-25
211051278,transport_access,weighted_index_area_sum,45954497.6863739,access_index*m2,Retrieved 2026-09-08,dtp-ptal-snapshot
211051278,transport_access,valid_intersection_area,109348464.777703,m2,Retrieved 2026-09-08,dtp-ptal-snapshot
211051278,transport_access,sa2_area,109348464.77770314,m2,Boundary 2021,abs-sa2-2021
211051278,green_space_per_resident,eligible_open_space_area,2970453.2019310463,m2,Observation date unverified,vpa-open-space-snapshot
211051278,green_space_per_resident,population_denominator,20905,persons,2025-06-30,abs-erp-2024-25
211051279,population_growth,population_start,5878,persons,2020-06-30,abs-erp-2024-25
211051279,population_growth,population_end,5840,persons,2025-06-30,abs-erp-2024-25
211051279,transport_access,weighted_index_area_sum,9007534.362841334,access_index*m2,Retrieved 2026-09-08,dtp-ptal-snapshot
211051279,transport_access,valid_intersection_area,68531621.48514631,m2,Retrieved 2026-09-08,dtp-ptal-snapshot
211051279,transport_access,sa2_area,68531621.48514622,m2,Boundary 2021,abs-sa2-2021
211051279,green_space_per_resident,eligible_open_space_area,1442931.4902474822,m2,Observation date unverified,vpa-open-space-snapshot
211051279,green_space_per_resident,population_denominator,5840,persons,2025-06-30,abs-erp-2024-25
211051280,population_growth,population_start,7051,persons,2020-06-30,abs-erp-2024-25
211051280,population_growth,population_end,6904,persons,2025-06-30,abs-erp-2024-25
211051280,transport_access,weighted_index_area_sum,16979765.69320508,access_index*m2,Retrieved 2026-09-08,dtp-ptal-snapshot
211051280,transport_access,valid_intersection_area,10540295.638982393,m2,Retrieved 2026-09-08,dtp-ptal-snapshot
211051280,transport_access,sa2_area,10540295.638982551,m2,Boundary 2021,abs-sa2-2021
211051280,green_space_per_resident,eligible_open_space_area,843158.8040748741,m2,Observation date unverified,vpa-open-space-snapshot
211051280,green_space_per_resident,population_denominator,6904,persons,2025-06-30,abs-erp-2024-25
211051281,population_growth,population_start,23917,persons,2020-06-30,abs-erp-2024-25
211051281,population_growth,population_end,24395,persons,2025-06-30,abs-erp-2024-25
211051281,transport_access,weighted_index_area_sum,23702384.40262958,access_index*m2,Retrieved 2026-09-08,dtp-ptal-snapshot
211051281,transport_access,valid_intersection_area,12540577.964104986,m2,Retrieved 2026-09-08,dtp-ptal-snapshot
211051281,transport_access,sa2_area,12540577.964104895,m2,Boundary 2021,abs-sa2-2021
211051281,green_space_per_resident,eligible_open_space_area,939291.8358073699,m2,Observation date unverified,vpa-open-space-snapshot
211051281,green_space_per_resident,population_denominator,24395,persons,2025-06-30,abs-erp-2024-25
211051282,population_growth,population_start,9953,persons,2020-06-30,abs-erp-2024-25
211051282,population_growth,population_end,9587,persons,2025-06-30,abs-erp-2024-25
211051282,transport_access,weighted_index_area_sum,36764442.22226031,access_index*m2,Retrieved 2026-09-08,dtp-ptal-snapshot
211051282,transport_access,valid_intersection_area,81875354.3250464,m2,Retrieved 2026-09-08,dtp-ptal-snapshot
211051282,transport_access,sa2_area,81875354.32504663,m2,Boundary 2021,abs-sa2-2021
211051282,green_space_per_resident,eligible_open_space_area,8527883.3072755,m2,Observation date unverified,vpa-open-space-snapshot
211051282,green_space_per_resident,population_denominator,9587,persons,2025-06-30,abs-erp-2024-25
211051283,population_growth,population_start,9949,persons,2020-06-30,abs-erp-2024-25
211051283,population_growth,population_end,10043,persons,2025-06-30,abs-erp-2024-25
211051283,transport_access,weighted_index_area_sum,23029301.169373155,access_index*m2,Retrieved 2026-09-08,dtp-ptal-snapshot
211051283,transport_access,valid_intersection_area,16984598.52651228,m2,Retrieved 2026-09-08,dtp-ptal-snapshot
211051283,transport_access,sa2_area,16984598.526512053,m2,Boundary 2021,abs-sa2-2021
211051283,green_space_per_resident,eligible_open_space_area,1565941.768218568,m2,Observation date unverified,vpa-open-space-snapshot
211051283,green_space_per_resident,population_denominator,10043,persons,2025-06-30,abs-erp-2024-25
211051284,population_growth,population_start,9952,persons,2020-06-30,abs-erp-2024-25
211051284,population_growth,population_end,9867,persons,2025-06-30,abs-erp-2024-25
211051284,transport_access,weighted_index_area_sum,23077474.847404163,access_index*m2,Retrieved 2026-09-08,dtp-ptal-snapshot
211051284,transport_access,valid_intersection_area,8888818.171763336,m2,Retrieved 2026-09-08,dtp-ptal-snapshot
211051284,transport_access,sa2_area,8888818.171763346,m2,Boundary 2021,abs-sa2-2021
211051284,green_space_per_resident,eligible_open_space_area,233327.13949789622,m2,Observation date unverified,vpa-open-space-snapshot
211051284,green_space_per_resident,population_denominator,9867,persons,2025-06-30,abs-erp-2024-25
211051285,population_growth,population_start,7996,persons,2020-06-30,abs-erp-2024-25
211051285,population_growth,population_end,7996,persons,2025-06-30,abs-erp-2024-25
211051285,transport_access,weighted_index_area_sum,10944336.294558516,access_index*m2,Retrieved 2026-09-08,dtp-ptal-snapshot
211051285,transport_access,valid_intersection_area,111716524.19325802,m2,Retrieved 2026-09-08,dtp-ptal-snapshot
211051285,transport_access,sa2_area,111716524.19325787,m2,Boundary 2021,abs-sa2-2021
211051285,green_space_per_resident,eligible_open_space_area,1152616.062157098,m2,Observation date unverified,vpa-open-space-snapshot
211051285,green_space_per_resident,population_denominator,7996,persons,2025-06-30,abs-erp-2024-25
211051286,population_growth,population_start,17006,persons,2020-06-30,abs-erp-2024-25
211051286,population_growth,population_end,17087,persons,2025-06-30,abs-erp-2024-25
211051286,transport_access,weighted_index_area_sum,28476867.91397764,access_index*m2,Retrieved 2026-09-08,dtp-ptal-snapshot
211051286,transport_access,valid_intersection_area,729416406.0870814,m2,Retrieved 2026-09-08,dtp-ptal-snapshot
211051286,transport_access,sa2_area,729416424.2360982,m2,Boundary 2021,abs-sa2-2021
211051286,green_space_per_resident,eligible_open_space_area,284107180.34826374,m2,Observation date unverified,vpa-open-space-snapshot
211051286,green_space_per_resident,population_denominator,17087,persons,2025-06-30,abs-erp-2024-25
212011289,population_growth,population_start,18838,persons,2020-06-30,abs-erp-2024-25
212011289,population_growth,population_end,19043,persons,2025-06-30,abs-erp-2024-25
212011289,transport_access,weighted_index_area_sum,22879270.787367046,access_index*m2,Retrieved 2026-09-08,dtp-ptal-snapshot
212011289,transport_access,valid_intersection_area,371473321.7634757,m2,Retrieved 2026-09-08,dtp-ptal-snapshot
212011289,transport_access,sa2_area,371473321.7634766,m2,Boundary 2021,abs-sa2-2021
212011289,green_space_per_resident,eligible_open_space_area,41547619.80640825,m2,Observation date unverified,vpa-open-space-snapshot
212011289,green_space_per_resident,population_denominator,19043,persons,2025-06-30,abs-erp-2024-25
212011546,population_growth,population_start,22381,persons,2020-06-30,abs-erp-2024-25
212011546,population_growth,population_end,29524,persons,2025-06-30,abs-erp-2024-25
212011546,transport_access,weighted_index_area_sum,15730751.347890375,access_index*m2,Retrieved 2026-09-08,dtp-ptal-snapshot
212011546,transport_access,valid_intersection_area,33240512.45232718,m2,Retrieved 2026-09-08,dtp-ptal-snapshot
212011546,transport_access,sa2_area,33240512.452327333,m2,Boundary 2021,abs-sa2-2021
212011546,green_space_per_resident,eligible_open_space_area,1661829.9325451655,m2,Observation date unverified,vpa-open-space-snapshot
212011546,green_space_per_resident,population_denominator,29524,persons,2025-06-30,abs-erp-2024-25
212011547,population_growth,population_start,9701,persons,2020-06-30,abs-erp-2024-25
212011547,population_growth,population_end,10366,persons,2025-06-30,abs-erp-2024-25
212011547,transport_access,weighted_index_area_sum,10947656.789148651,access_index*m2,Retrieved 2026-09-08,dtp-ptal-snapshot
212011547,transport_access,valid_intersection_area,365795194.0241495,m2,Retrieved 2026-09-08,dtp-ptal-snapshot
212011547,transport_access,sa2_area,365796819.02159405,m2,Boundary 2021,abs-sa2-2021
212011547,green_space_per_resident,eligible_open_space_area,7257339.91750229,m2,Observation date unverified,vpa-open-space-snapshot
212011547,green_space_per_resident,population_denominator,10366,persons,2025-06-30,abs-erp-2024-25
212011548,population_growth,population_start,9387,persons,2020-06-30,abs-erp-2024-25
212011548,population_growth,population_end,12598,persons,2025-06-30,abs-erp-2024-25
212011548,transport_access,weighted_index_area_sum,1512980.1098581692,access_index*m2,Retrieved 2026-09-08,dtp-ptal-snapshot
212011548,transport_access,valid_intersection_area,414248830.7113222,m2,Retrieved 2026-09-08,dtp-ptal-snapshot
212011548,transport_access,sa2_area,414496052.8254729,m2,Boundary 2021,abs-sa2-2021
212011548,green_space_per_resident,eligible_open_space_area,9352665.66059906,m2,Observation date unverified,vpa-open-space-snapshot
212011548,green_space_per_resident,population_denominator,12598,persons,2025-06-30,abs-erp-2024-25
212011549,population_growth,population_start,15625,persons,2020-06-30,abs-erp-2024-25
212011549,population_growth,population_end,16593,persons,2025-06-30,abs-erp-2024-25
212011549,transport_access,weighted_index_area_sum,6271584.095925101,access_index*m2,Retrieved 2026-09-08,dtp-ptal-snapshot
212011549,transport_access,valid_intersection_area,18921723.835684445,m2,Retrieved 2026-09-08,dtp-ptal-snapshot
212011549,transport_access,sa2_area,18921723.835684564,m2,Boundary 2021,abs-sa2-2021
212011549,green_space_per_resident,eligible_open_space_area,751241.9556169875,m2,Observation date unverified,vpa-open-space-snapshot
212011549,green_space_per_resident,population_denominator,16593,persons,2025-06-30,abs-erp-2024-25
212011550,population_growth,population_start,7128,persons,2020-06-30,abs-erp-2024-25
212011550,population_growth,population_end,10502,persons,2025-06-30,abs-erp-2024-25
212011550,transport_access,weighted_index_area_sum,2049436.2915515262,access_index*m2,Retrieved 2026-09-08,dtp-ptal-snapshot
212011550,transport_access,valid_intersection_area,24669135.952070795,m2,Retrieved 2026-09-08,dtp-ptal-snapshot
212011550,transport_access,sa2_area,24669135.952071026,m2,Boundary 2021,abs-sa2-2021
212011550,green_space_per_resident,eligible_open_space_area,1292459.5465293296,m2,Observation date unverified,vpa-open-space-snapshot
212011550,green_space_per_resident,population_denominator,10502,persons,2025-06-30,abs-erp-2024-25
212011551,population_growth,population_start,6215,persons,2020-06-30,abs-erp-2024-25
212011551,population_growth,population_end,6778,persons,2025-06-30,abs-erp-2024-25
212011551,transport_access,weighted_index_area_sum,11536099.064841913,access_index*m2,Retrieved 2026-09-08,dtp-ptal-snapshot
212011551,transport_access,valid_intersection_area,30929071.89917799,m2,Retrieved 2026-09-08,dtp-ptal-snapshot
212011551,transport_access,sa2_area,30929071.899177656,m2,Boundary 2021,abs-sa2-2021
212011551,green_space_per_resident,eligible_open_space_area,730106.6078776856,m2,Observation date unverified,vpa-open-space-snapshot
212011551,green_space_per_resident,population_denominator,6778,persons,2025-06-30,abs-erp-2024-25
212011552,population_growth,population_start,27387,persons,2020-06-30,abs-erp-2024-25
212011552,population_growth,population_end,28194,persons,2025-06-30,abs-erp-2024-25
212011552,transport_access,weighted_index_area_sum,24263533.855756357,access_index*m2,Retrieved 2026-09-08,dtp-ptal-snapshot
212011552,transport_access,valid_intersection_area,22270203.382404726,m2,Retrieved 2026-09-08,dtp-ptal-snapshot
212011552,transport_access,sa2_area,22270203.382404696,m2,Boundary 2021,abs-sa2-2021
212011552,green_space_per_resident,eligible_open_space_area,1518346.6862966146,m2,Observation date unverified,vpa-open-space-snapshot
212011552,green_space_per_resident,population_denominator,28194,persons,2025-06-30,abs-erp-2024-25
212021293,population_growth,population_start,23710,persons,2020-06-30,abs-erp-2024-25
212021293,population_growth,population_end,23637,persons,2025-06-30,abs-erp-2024-25
212021293,transport_access,weighted_index_area_sum,45692300.10852145,access_index*m2,Retrieved 2026-09-08,dtp-ptal-snapshot
212021293,transport_access,valid_intersection_area,19742013.89935205,m2,Retrieved 2026-09-08,dtp-ptal-snapshot
212021293,transport_access,sa2_area,19742013.89935242,m2,Boundary 2021,abs-sa2-2021
212021293,green_space_per_resident,eligible_open_space_area,3848397.4727956424,m2,Observation date unverified,vpa-open-space-snapshot
212021293,green_space_per_resident,population_denominator,23637,persons,2025-06-30,abs-erp-2024-25
212021295,population_growth,population_start,12513,persons,2020-06-30,abs-erp-2024-25
212021295,population_growth,population_end,12893,persons,2025-06-30,abs-erp-2024-25
212021295,transport_access,weighted_index_area_sum,20291332.21825086,access_index*m2,Retrieved 2026-09-08,dtp-ptal-snapshot
212021295,transport_access,valid_intersection_area,5192127.251466496,m2,Retrieved 2026-09-08,dtp-ptal-snapshot
212021295,transport_access,sa2_area,5192127.2514665425,m2,Boundary 2021,abs-sa2-2021
212021295,green_space_per_resident,eligible_open_space_area,935678.6829821686,m2,Observation date unverified,vpa-open-space-snapshot
212021295,green_space_per_resident,population_denominator,12893,persons,2025-06-30,abs-erp-2024-25
212021297,population_growth,population_start,11968,persons,2020-06-30,abs-erp-2024-25
212021297,population_growth,population_end,12009,persons,2025-06-30,abs-erp-2024-25
212021297,transport_access,weighted_index_area_sum,22418712.941603385,access_index*m2,Retrieved 2026-09-08,dtp-ptal-snapshot
212021297,transport_access,valid_intersection_area,8054544.5263653835,m2,Retrieved 2026-09-08,dtp-ptal-snapshot
212021297,transport_access,sa2_area,8054544.526365474,m2,Boundary 2021,abs-sa2-2021
212021297,green_space_per_resident,eligible_open_space_area,575464.8858997886,m2,Observation date unverified,vpa-open-space-snapshot
212021297,green_space_per_resident,population_denominator,12009,persons,2025-06-30,abs-erp-2024-25
212021299,population_growth,population_start,8365,persons,2020-06-30,abs-erp-2024-25
212021299,population_growth,population_end,8237,persons,2025-06-30,abs-erp-2024-25
212021299,transport_access,weighted_index_area_sum,4685250.591778499,access_index*m2,Retrieved 2026-09-08,dtp-ptal-snapshot
212021299,transport_access,valid_intersection_area,34399266.458361536,m2,Retrieved 2026-09-08,dtp-ptal-snapshot
212021299,transport_access,sa2_area,34399266.458361425,m2,Boundary 2021,abs-sa2-2021
212021299,green_space_per_resident,eligible_open_space_area,2725866.0515819937,m2,Observation date unverified,vpa-open-space-snapshot
212021299,green_space_per_resident,population_denominator,8237,persons,2025-06-30,abs-erp-2024-25
212021453,population_growth,population_start,12458,persons,2020-06-30,abs-erp-2024-25
212021453,population_growth,population_end,12175,persons,2025-06-30,abs-erp-2024-25
212021453,transport_access,weighted_index_area_sum,15646935.78438986,access_index*m2,Retrieved 2026-09-08,dtp-ptal-snapshot
212021453,transport_access,valid_intersection_area,14471221.250897266,m2,Retrieved 2026-09-08,dtp-ptal-snapshot
212021453,transport_access,sa2_area,14471221.250897102,m2,Boundary 2021,abs-sa2-2021
212021453,green_space_per_resident,eligible_open_space_area,5113642.645960404,m2,Observation date unverified,vpa-open-space-snapshot
212021453,green_space_per_resident,population_denominator,12175,persons,2025-06-30,abs-erp-2024-25
212021454,population_growth,population_start,13845,persons,2020-06-30,abs-erp-2024-25
212021454,population_growth,population_end,13539,persons,2025-06-30,abs-erp-2024-25
212021454,transport_access,weighted_index_area_sum,22229217.643690605,access_index*m2,Retrieved 2026-09-08,dtp-ptal-snapshot
212021454,transport_access,valid_intersection_area,5586362.36627022,m2,Retrieved 2026-09-08,dtp-ptal-snapshot
212021454,transport_access,sa2_area,5586362.366270293,m2,Boundary 2021,abs-sa2-2021
212021454,green_space_per_resident,eligible_open_space_area,458229.4355805156,m2,Observation date unverified,vpa-open-space-snapshot
212021454,green_space_per_resident,population_denominator,13539,persons,2025-06-30,abs-erp-2024-25
212021455,population_growth,population_start,13888,persons,2020-06-30,abs-erp-2024-25
212021455,population_growth,population_end,13618,persons,2025-06-30,abs-erp-2024-25
212021455,transport_access,weighted_index_area_sum,10139286.117713997,access_index*m2,Retrieved 2026-09-08,dtp-ptal-snapshot
212021455,transport_access,valid_intersection_area,4872825.981389483,m2,Retrieved 2026-09-08,dtp-ptal-snapshot
212021455,transport_access,sa2_area,4872825.981389505,m2,Boundary 2021,abs-sa2-2021
212021455,green_space_per_resident,eligible_open_space_area,631273.7950108241,m2,Observation date unverified,vpa-open-space-snapshot
212021455,green_space_per_resident,population_denominator,13618,persons,2025-06-30,abs-erp-2024-25
212021456,population_growth,population_start,15170,persons,2020-06-30,abs-erp-2024-25
212021456,population_growth,population_end,15484,persons,2025-06-30,abs-erp-2024-25
212021456,transport_access,weighted_index_area_sum,33952652.370781146,access_index*m2,Retrieved 2026-09-08,dtp-ptal-snapshot
212021456,transport_access,valid_intersection_area,9303106.641506512,m2,Retrieved 2026-09-08,dtp-ptal-snapshot
212021456,transport_access,sa2_area,9303106.641506337,m2,Boundary 2021,abs-sa2-2021
212021456,green_space_per_resident,eligible_open_space_area,1453239.9769541968,m2,Observation date unverified,vpa-open-space-snapshot
212021456,green_space_per_resident,population_denominator,15484,persons,2025-06-30,abs-erp-2024-25
212021553,population_growth,population_start,17923,persons,2020-06-30,abs-erp-2024-25
212021553,population_growth,population_end,20765,persons,2025-06-30,abs-erp-2024-25
212021553,transport_access,weighted_index_area_sum,19992991.93852847,access_index*m2,Retrieved 2026-09-08,dtp-ptal-snapshot
212021553,transport_access,valid_intersection_area,9881007.039636202,m2,Retrieved 2026-09-08,dtp-ptal-snapshot
212021553,transport_access,sa2_area,9881007.039636366,m2,Boundary 2021,abs-sa2-2021
212021553,green_space_per_resident,eligible_open_space_area,868297.559476064,m2,Observation date unverified,vpa-open-space-snapshot
212021553,green_space_per_resident,population_denominator,20765,persons,2025-06-30,abs-erp-2024-25
212021554,population_growth,population_start,11196,persons,2020-06-30,abs-erp-2024-25
212021554,population_growth,population_end,13243,persons,2025-06-30,abs-erp-2024-25
212021554,transport_access,weighted_index_area_sum,8845839.337218458,access_index*m2,Retrieved 2026-09-08,dtp-ptal-snapshot
212021554,transport_access,valid_intersection_area,4970234.444099372,m2,Retrieved 2026-09-08,dtp-ptal-snapshot
212021554,transport_access,sa2_area,4970234.444099293,m2,Boundary 2021,abs-sa2-2021
212021554,green_space_per_resident,eligible_open_space_area,874008.4946657191,m2,Observation date unverified,vpa-open-space-snapshot
212021554,green_space_per_resident,population_denominator,13243,persons,2025-06-30,abs-erp-2024-25
212031300,population_growth,population_start,21673,persons,2020-06-30,abs-erp-2024-25
212031300,population_growth,population_end,22708,persons,2025-06-30,abs-erp-2024-25
212031300,transport_access,weighted_index_area_sum,43124643.51294945,access_index*m2,Retrieved 2026-09-08,dtp-ptal-snapshot
212031300,transport_access,valid_intersection_area,13023697.398299964,m2,Retrieved 2026-09-08,dtp-ptal-snapshot
212031300,transport_access,sa2_area,13023697.398300303,m2,Boundary 2021,abs-sa2-2021
212031300,green_space_per_resident,eligible_open_space_area,1630961.2653718626,m2,Observation date unverified,vpa-open-space-snapshot
212031300,green_space_per_resident,population_denominator,22708,persons,2025-06-30,abs-erp-2024-25
212031303,population_growth,population_start,15388,persons,2020-06-30,abs-erp-2024-25
212031303,population_growth,population_end,27368,persons,2025-06-30,abs-erp-2024-25
212031303,transport_access,weighted_index_area_sum,9708603.57001674,access_index*m2,Retrieved 2026-09-08,dtp-ptal-snapshot
212031303,transport_access,valid_intersection_area,81641107.48166129,m2,Retrieved 2026-09-08,dtp-ptal-snapshot
212031303,transport_access,sa2_area,81641107.48166172,m2,Boundary 2021,abs-sa2-2021
212031303,green_space_per_resident,eligible_open_space_area,442764.83821904083,m2,Observation date unverified,vpa-open-space-snapshot
212031303,green_space_per_resident,population_denominator,27368,persons,2025-06-30,abs-erp-2024-25
212031304,population_growth,population_start,20867,persons,2020-06-30,abs-erp-2024-25
212031304,population_growth,population_end,25490,persons,2025-06-30,abs-erp-2024-25
212031304,transport_access,weighted_index_area_sum,16875685.89352812,access_index*m2,Retrieved 2026-09-08,dtp-ptal-snapshot
212031304,transport_access,valid_intersection_area,12895460.174072301,m2,Retrieved 2026-09-08,dtp-ptal-snapshot
212031304,transport_access,sa2_area,12895460.174072431,m2,Boundary 2021,abs-sa2-2021
212031304,green_space_per_resident,eligible_open_space_area,663889.9131306093,m2,Observation date unverified,vpa-open-space-snapshot
212031304,green_space_per_resident,population_denominator,25490,persons,2025-06-30,abs-erp-2024-25
212031306,population_growth,population_start,18118,persons,2020-06-30,abs-erp-2024-25
212031306,population_growth,population_end,19545,persons,2025-06-30,abs-erp-2024-25
212031306,transport_access,weighted_index_area_sum,22950163.74370913,access_index*m2,Retrieved 2026-09-08,dtp-ptal-snapshot
212031306,transport_access,valid_intersection_area,7356633.171504843,m2,Retrieved 2026-09-08,dtp-ptal-snapshot
212031306,transport_access,sa2_area,7356633.171504898,m2,Boundary 2021,abs-sa2-2021
212031306,green_space_per_resident,eligible_open_space_area,636986.3734627817,m2,Observation date unverified,vpa-open-space-snapshot
212031306,green_space_per_resident,population_denominator,19545,persons,2025-06-30,abs-erp-2024-25
212031308,population_growth,population_start,8140,persons,2020-06-30,abs-erp-2024-25
212031308,population_growth,population_end,8272,persons,2025-06-30,abs-erp-2024-25
212031308,transport_access,weighted_index_area_sum,4373319.2899011765,access_index*m2,Retrieved 2026-09-08,dtp-ptal-snapshot
212031308,transport_access,valid_intersection_area,87574913.08805867,m2,Retrieved 2026-09-08,dtp-ptal-snapshot
212031308,transport_access,sa2_area,98485395.43066853,m2,Boundary 2021,abs-sa2-2021
212031308,green_space_per_resident,eligible_open_space_area,2477701.7301766686,m2,Observation date unverified,vpa-open-space-snapshot
212031308,green_space_per_resident,population_denominator,8272,persons,2025-06-30,abs-erp-2024-25
212031457,population_growth,population_start,13417,persons,2020-06-30,abs-erp-2024-25
212031457,population_growth,population_end,13022,persons,2025-06-30,abs-erp-2024-25
212031457,transport_access,weighted_index_area_sum,16396340.886782292,access_index*m2,Retrieved 2026-09-08,dtp-ptal-snapshot
212031457,transport_access,valid_intersection_area,6218866.661217949,m2,Retrieved 2026-09-08,dtp-ptal-snapshot
212031457,transport_access,sa2_area,6218866.661218055,m2,Boundary 2021,abs-sa2-2021
212031457,green_space_per_resident,eligible_open_space_area,1082273.7190752032,m2,Observation date unverified,vpa-open-space-snapshot
212031457,green_space_per_resident,population_denominator,13022,persons,2025-06-30,abs-erp-2024-25
212031458,population_growth,population_start,17356,persons,2020-06-30,abs-erp-2024-25
212031458,population_growth,population_end,17083,persons,2025-06-30,abs-erp-2024-25
212031458,transport_access,weighted_index_area_sum,20496107.527329,access_index*m2,Retrieved 2026-09-08,dtp-ptal-snapshot
212031458,transport_access,valid_intersection_area,6775130.998002083,m2,Retrieved 2026-09-08,dtp-ptal-snapshot
212031458,transport_access,sa2_area,6775130.998001967,m2,Boundary 2021,abs-sa2-2021
212031458,green_space_per_resident,eligible_open_space_area,725505.7574193341,m2,Observation date unverified,vpa-open-space-snapshot
212031458,green_space_per_resident,population_denominator,17083,persons,2025-06-30,abs-erp-2024-25
212031555,population_growth,population_start,9217,persons,2020-06-30,abs-erp-2024-25
212031555,population_growth,population_end,13667,persons,2025-06-30,abs-erp-2024-25
212031555,transport_access,weighted_index_area_sum,3529775.2965944638,access_index*m2,Retrieved 2026-09-08,dtp-ptal-snapshot
212031555,transport_access,valid_intersection_area,6881370.043268622,m2,Retrieved 2026-09-08,dtp-ptal-snapshot
212031555,transport_access,sa2_area,6881370.043268766,m2,Boundary 2021,abs-sa2-2021
212031555,green_space_per_resident,eligible_open_space_area,106568.06954087532,m2,Observation date unverified,vpa-open-space-snapshot
212031555,green_space_per_resident,population_denominator,13667,persons,2025-06-30,abs-erp-2024-25
212031556,population_growth,population_start,11904,persons,2020-06-30,abs-erp-2024-25
212031556,population_growth,population_end,28328,persons,2025-06-30,abs-erp-2024-25
212031556,transport_access,weighted_index_area_sum,11717759.17376359,access_index*m2,Retrieved 2026-09-08,dtp-ptal-snapshot
212031556,transport_access,valid_intersection_area,19648386.000772078,m2,Retrieved 2026-09-08,dtp-ptal-snapshot
212031556,transport_access,sa2_area,19648386.00077177,m2,Boundary 2021,abs-sa2-2021
212031556,green_space_per_resident,eligible_open_space_area,41009.218290355915,m2,Observation date unverified,vpa-open-space-snapshot
212031556,green_space_per_resident,population_denominator,28328,persons,2025-06-30,abs-erp-2024-25
212031557,population_growth,population_start,23384,persons,2020-06-30,abs-erp-2024-25
212031557,population_growth,population_end,25111,persons,2025-06-30,abs-erp-2024-25
212031557,transport_access,weighted_index_area_sum,21485911.577773444,access_index*m2,Retrieved 2026-09-08,dtp-ptal-snapshot
212031557,transport_access,valid_intersection_area,11022668.81446357,m2,Retrieved 2026-09-08,dtp-ptal-snapshot
212031557,transport_access,sa2_area,11022668.814463556,m2,Boundary 2021,abs-sa2-2021
212031557,green_space_per_resident,eligible_open_space_area,546735.0516988466,m2,Observation date unverified,vpa-open-space-snapshot
212031557,green_space_per_resident,population_denominator,25111,persons,2025-06-30,abs-erp-2024-25
212031558,population_growth,population_start,11120,persons,2020-06-30,abs-erp-2024-25
212031558,population_growth,population_end,15590,persons,2025-06-30,abs-erp-2024-25
212031558,transport_access,weighted_index_area_sum,3758391.313405914,access_index*m2,Retrieved 2026-09-08,dtp-ptal-snapshot
212031558,transport_access,valid_intersection_area,5325931.880879134,m2,Retrieved 2026-09-08,dtp-ptal-snapshot
212031558,transport_access,sa2_area,5325931.880879202,m2,Boundary 2021,abs-sa2-2021
212031558,green_space_per_resident,eligible_open_space_area,927715.9420061838,m2,Observation date unverified,vpa-open-space-snapshot
212031558,green_space_per_resident,population_denominator,15590,persons,2025-06-30,abs-erp-2024-25
212031559,population_growth,population_start,12658,persons,2020-06-30,abs-erp-2024-25
212031559,population_growth,population_end,13691,persons,2025-06-30,abs-erp-2024-25
212031559,transport_access,weighted_index_area_sum,7803120.14061193,access_index*m2,Retrieved 2026-09-08,dtp-ptal-snapshot
212031559,transport_access,valid_intersection_area,5453390.445221696,m2,Retrieved 2026-09-08,dtp-ptal-snapshot
212031559,transport_access,sa2_area,5453390.445221567,m2,Boundary 2021,abs-sa2-2021
212031559,green_space_per_resident,eligible_open_space_area,202339.11832901783,m2,Observation date unverified,vpa-open-space-snapshot
212031559,green_space_per_resident,population_denominator,13691,persons,2025-06-30,abs-erp-2024-25
212031560,population_growth,population_start,12327,persons,2020-06-30,abs-erp-2024-25
212031560,population_growth,population_end,12313,persons,2025-06-30,abs-erp-2024-25
212031560,transport_access,weighted_index_area_sum,13780062.988411792,access_index*m2,Retrieved 2026-09-08,dtp-ptal-snapshot
212031560,transport_access,valid_intersection_area,4783872.2232805155,m2,Retrieved 2026-09-08,dtp-ptal-snapshot
212031560,transport_access,sa2_area,4783872.223280327,m2,Boundary 2021,abs-sa2-2021
212031560,green_space_per_resident,eligible_open_space_area,278808.2124477263,m2,Observation date unverified,vpa-open-space-snapshot
212031560,green_space_per_resident,population_denominator,12313,persons,2025-06-30,abs-erp-2024-25
212031561,population_growth,population_start,13386,persons,2020-06-30,abs-erp-2024-25
212031561,population_growth,population_end,13393,persons,2025-06-30,abs-erp-2024-25
212031561,transport_access,weighted_index_area_sum,17373509.287022162,access_index*m2,Retrieved 2026-09-08,dtp-ptal-snapshot
212031561,transport_access,valid_intersection_area,8217005.334827415,m2,Retrieved 2026-09-08,dtp-ptal-snapshot
212031561,transport_access,sa2_area,8217005.334827474,m2,Boundary 2021,abs-sa2-2021
212031561,green_space_per_resident,eligible_open_space_area,1508166.266512132,m2,Observation date unverified,vpa-open-space-snapshot
212031561,green_space_per_resident,population_denominator,13393,persons,2025-06-30,abs-erp-2024-25
212031562,population_growth,population_start,13979,persons,2020-06-30,abs-erp-2024-25
212031562,population_growth,population_end,13748,persons,2025-06-30,abs-erp-2024-25
212031562,transport_access,weighted_index_area_sum,15952767.87775449,access_index*m2,Retrieved 2026-09-08,dtp-ptal-snapshot
212031562,transport_access,valid_intersection_area,5122393.363632035,m2,Retrieved 2026-09-08,dtp-ptal-snapshot
212031562,transport_access,sa2_area,5122393.363632041,m2,Boundary 2021,abs-sa2-2021
212031562,green_space_per_resident,eligible_open_space_area,905065.4459542606,m2,Observation date unverified,vpa-open-space-snapshot
212031562,green_space_per_resident,population_denominator,13748,persons,2025-06-30,abs-erp-2024-25
212041309,population_growth,population_start,12134,persons,2020-06-30,abs-erp-2024-25
212041309,population_growth,population_end,11741,persons,2025-06-30,abs-erp-2024-25
212041309,transport_access,weighted_index_area_sum,27543973.212014277,access_index*m2,Retrieved 2026-09-08,dtp-ptal-snapshot
212041309,transport_access,valid_intersection_area,6322034.527188048,m2,Retrieved 2026-09-08,dtp-ptal-snapshot
212041309,transport_access,sa2_area,6322034.527187906,m2,Boundary 2021,abs-sa2-2021
212041309,green_space_per_resident,eligible_open_space_area,360721.3334814185,m2,Observation date unverified,vpa-open-space-snapshot
212041309,green_space_per_resident,population_denominator,11741,persons,2025-06-30,abs-erp-2024-25
212041310,population_growth,population_start,14152,persons,2020-06-30,abs-erp-2024-25
212041310,population_growth,population_end,15349,persons,2025-06-30,abs-erp-2024-25
212041310,transport_access,weighted_index_area_sum,37423111.22907005,access_index*m2,Retrieved 2026-09-08,dtp-ptal-snapshot
212041310,transport_access,valid_intersection_area,7937506.591054173,m2,Retrieved 2026-09-08,dtp-ptal-snapshot
212041310,transport_access,sa2_area,7937506.5910541555,m2,Boundary 2021,abs-sa2-2021
212041310,green_space_per_resident,eligible_open_space_area,588197.0454258592,m2,Observation date unverified,vpa-open-space-snapshot
212041310,green_space_per_resident,population_denominator,15349,persons,2025-06-30,abs-erp-2024-25
212041312,population_growth,population_start,23655,persons,2020-06-30,abs-erp-2024-25
212041312,population_growth,population_end,23391,persons,2025-06-30,abs-erp-2024-25
212041312,transport_access,weighted_index_area_sum,32134707.25726788,access_index*m2,Retrieved 2026-09-08,dtp-ptal-snapshot
212041312,transport_access,valid_intersection_area,9456414.846497202,m2,Retrieved 2026-09-08,dtp-ptal-snapshot
212041312,transport_access,sa2_area,9456414.846497035,m2,Boundary 2021,abs-sa2-2021
212041312,green_space_per_resident,eligible_open_space_area,1752507.3469742355,m2,Observation date unverified,vpa-open-space-snapshot
212041312,green_space_per_resident,population_denominator,23391,persons,2025-06-30,abs-erp-2024-25
212041313,population_growth,population_start,10736,persons,2020-06-30,abs-erp-2024-25
212041313,population_growth,population_end,10770,persons,2025-06-30,abs-erp-2024-25
212041313,transport_access,weighted_index_area_sum,14682016.891937058,access_index*m2,Retrieved 2026-09-08,dtp-ptal-snapshot
212041313,transport_access,valid_intersection_area,7242515.485504744,m2,Retrieved 2026-09-08,dtp-ptal-snapshot
212041313,transport_access,sa2_area,7242515.485504768,m2,Boundary 2021,abs-sa2-2021
212041313,green_space_per_resident,eligible_open_space_area,360016.3360309329,m2,Observation date unverified,vpa-open-space-snapshot
212041313,green_space_per_resident,population_denominator,10770,persons,2025-06-30,abs-erp-2024-25
212041316,population_growth,population_start,7762,persons,2020-06-30,abs-erp-2024-25
212041316,population_growth,population_end,7593,persons,2025-06-30,abs-erp-2024-25
212041316,transport_access,weighted_index_area_sum,10011003.033145713,access_index*m2,Retrieved 2026-09-08,dtp-ptal-snapshot
212041316,transport_access,valid_intersection_area,3757144.679628216,m2,Retrieved 2026-09-08,dtp-ptal-snapshot
212041316,transport_access,sa2_area,3757144.679628116,m2,Boundary 2021,abs-sa2-2021
212041316,green_space_per_resident,eligible_open_space_area,225826.37805440553,m2,Observation date unverified,vpa-open-space-snapshot
212041316,green_space_per_resident,population_denominator,7593,persons,2025-06-30,abs-erp-2024-25
212041317,population_growth,population_start,23650,persons,2020-06-30,abs-erp-2024-25
212041317,population_growth,population_end,24468,persons,2025-06-30,abs-erp-2024-25
212041317,transport_access,weighted_index_area_sum,56911944.37029819,access_index*m2,Retrieved 2026-09-08,dtp-ptal-snapshot
212041317,transport_access,valid_intersection_area,11104062.178506415,m2,Retrieved 2026-09-08,dtp-ptal-snapshot
212041317,transport_access,sa2_area,11104062.178506278,m2,Boundary 2021,abs-sa2-2021
212041317,green_space_per_resident,eligible_open_space_area,268023.38515177334,m2,Observation date unverified,vpa-open-space-snapshot
212041317,green_space_per_resident,population_denominator,24468,persons,2025-06-30,abs-erp-2024-25
212041318,population_growth,population_start,13295,persons,2020-06-30,abs-erp-2024-25
212041318,population_growth,population_end,13274,persons,2025-06-30,abs-erp-2024-25
212041318,transport_access,weighted_index_area_sum,16218586.4330708,access_index*m2,Retrieved 2026-09-08,dtp-ptal-snapshot
212041318,transport_access,valid_intersection_area,4559131.6521324925,m2,Retrieved 2026-09-08,dtp-ptal-snapshot
212041318,transport_access,sa2_area,4559131.652132633,m2,Boundary 2021,abs-sa2-2021
212041318,green_space_per_resident,eligible_open_space_area,599970.9294388704,m2,Observation date unverified,vpa-open-space-snapshot
212041318,green_space_per_resident,population_denominator,13274,persons,2025-06-30,abs-erp-2024-25
212041459,population_growth,population_start,13605,persons,2020-06-30,abs-erp-2024-25
212041459,population_growth,population_end,13935,persons,2025-06-30,abs-erp-2024-25
212041459,transport_access,weighted_index_area_sum,17106173.14583885,access_index*m2,Retrieved 2026-09-08,dtp-ptal-snapshot
212041459,transport_access,valid_intersection_area,3767025.858645709,m2,Retrieved 2026-09-08,dtp-ptal-snapshot
212041459,transport_access,sa2_area,3767025.8586455216,m2,Boundary 2021,abs-sa2-2021
212041459,green_space_per_resident,eligible_open_space_area,281051.6560570456,m2,Observation date unverified,vpa-open-space-snapshot
212041459,green_space_per_resident,population_denominator,13935,persons,2025-06-30,abs-erp-2024-25
212041460,population_growth,population_start,20237,persons,2020-06-30,abs-erp-2024-25
212041460,population_growth,population_end,20473,persons,2025-06-30,abs-erp-2024-25
212041460,transport_access,weighted_index_area_sum,24623396.618628845,access_index*m2,Retrieved 2026-09-08,dtp-ptal-snapshot
212041460,transport_access,valid_intersection_area,4792975.1873052735,m2,Retrieved 2026-09-08,dtp-ptal-snapshot
212041460,transport_access,sa2_area,4792975.1873054765,m2,Boundary 2021,abs-sa2-2021
212041460,green_space_per_resident,eligible_open_space_area,130649.2931285035,m2,Observation date unverified,vpa-open-space-snapshot
212041460,green_space_per_resident,population_denominator,20473,persons,2025-06-30,abs-erp-2024-25
212041563,population_growth,population_start,23012,persons,2020-06-30,abs-erp-2024-25
212041563,population_growth,population_end,23327,persons,2025-06-30,abs-erp-2024-25
212041563,transport_access,weighted_index_area_sum,70931433.41712467,access_index*m2,Retrieved 2026-09-08,dtp-ptal-snapshot
212041563,transport_access,valid_intersection_area,8039762.892150929,m2,Retrieved 2026-09-08,dtp-ptal-snapshot
212041563,transport_access,sa2_area,8039762.892151254,m2,Boundary 2021,abs-sa2-2021
212041563,green_space_per_resident,eligible_open_space_area,1271582.3097408034,m2,Observation date unverified,vpa-open-space-snapshot
212041563,green_space_per_resident,population_denominator,23327,persons,2025-06-30,abs-erp-2024-25
212041564,population_growth,population_start,9898,persons,2020-06-30,abs-erp-2024-25
212041564,population_growth,population_end,10039,persons,2025-06-30,abs-erp-2024-25
212041564,transport_access,weighted_index_area_sum,66971306.55962308,access_index*m2,Retrieved 2026-09-08,dtp-ptal-snapshot
212041564,transport_access,valid_intersection_area,53773201.85659823,m2,Retrieved 2026-09-08,dtp-ptal-snapshot
212041564,transport_access,sa2_area,53773201.856598176,m2,Boundary 2021,abs-sa2-2021
212041564,green_space_per_resident,eligible_open_space_area,3337539.21443099,m2,Observation date unverified,vpa-open-space-snapshot
212041564,green_space_per_resident,population_denominator,10039,persons,2025-06-30,abs-erp-2024-25
212041565,population_growth,population_start,15619,persons,2020-06-30,abs-erp-2024-25
212041565,population_growth,population_end,15067,persons,2025-06-30,abs-erp-2024-25
212041565,transport_access,weighted_index_area_sum,24502239.47172689,access_index*m2,Retrieved 2026-09-08,dtp-ptal-snapshot
212041565,transport_access,valid_intersection_area,6603806.914921683,m2,Retrieved 2026-09-08,dtp-ptal-snapshot
212041565,transport_access,sa2_area,6603806.914921744,m2,Boundary 2021,abs-sa2-2021
212041565,green_space_per_resident,eligible_open_space_area,477772.96962554776,m2,Observation date unverified,vpa-open-space-snapshot
212041565,green_space_per_resident,population_denominator,15067,persons,2025-06-30,abs-erp-2024-25
212041566,population_growth,population_start,14915,persons,2020-06-30,abs-erp-2024-25
212041566,population_growth,population_end,17117,persons,2025-06-30,abs-erp-2024-25
212041566,transport_access,weighted_index_area_sum,17559698.036346044,access_index*m2,Retrieved 2026-09-08,dtp-ptal-snapshot
212041566,transport_access,valid_intersection_area,23671042.14039636,m2,Retrieved 2026-09-08,dtp-ptal-snapshot
212041566,transport_access,sa2_area,23671042.1403963,m2,Boundary 2021,abs-sa2-2021
212041566,green_space_per_resident,eligible_open_space_area,1563631.2795946796,m2,Observation date unverified,vpa-open-space-snapshot
212041566,green_space_per_resident,population_denominator,17117,persons,2025-06-30,abs-erp-2024-25
212051319,population_growth,population_start,20324,persons,2020-06-30,abs-erp-2024-25
212051319,population_growth,population_end,21139,persons,2025-06-30,abs-erp-2024-25
212051319,transport_access,weighted_index_area_sum,56874945.05637018,access_index*m2,Retrieved 2026-09-08,dtp-ptal-snapshot
212051319,transport_access,valid_intersection_area,6708074.779365002,m2,Retrieved 2026-09-08,dtp-ptal-snapshot
212051319,transport_access,sa2_area,6708074.779365226,m2,Boundary 2021,abs-sa2-2021
212051319,green_space_per_resident,eligible_open_space_area,594027.6453625262,m2,Observation date unverified,vpa-open-space-snapshot
212051319,green_space_per_resident,population_denominator,21139,persons,2025-06-30,abs-erp-2024-25
212051321,population_growth,population_start,22684,persons,2020-06-30,abs-erp-2024-25
212051321,population_growth,population_end,22820,persons,2025-06-30,abs-erp-2024-25
212051321,transport_access,weighted_index_area_sum,60081345.925782375,access_index*m2,Retrieved 2026-09-08,dtp-ptal-snapshot
212051321,transport_access,valid_intersection_area,9162407.41295956,m2,Retrieved 2026-09-08,dtp-ptal-snapshot
212051321,transport_access,sa2_area,9162407.412959445,m2,Boundary 2021,abs-sa2-2021
212051321,green_space_per_resident,eligible_open_space_area,1151546.8988726542,m2,Observation date unverified,vpa-open-space-snapshot
212051321,green_space_per_resident,population_denominator,22820,persons,2025-06-30,abs-erp-2024-25
212051322,population_growth,population_start,21761,persons,2020-06-30,abs-erp-2024-25
212051322,population_growth,population_end,23417,persons,2025-06-30,abs-erp-2024-25
212051322,transport_access,weighted_index_area_sum,69041849.18454418,access_index*m2,Retrieved 2026-09-08,dtp-ptal-snapshot
212051322,transport_access,valid_intersection_area,7674462.007852764,m2,Retrieved 2026-09-08,dtp-ptal-snapshot
212051322,transport_access,sa2_area,7674462.007852851,m2,Boundary 2021,abs-sa2-2021
212051322,green_space_per_resident,eligible_open_space_area,537281.9330863411,m2,Observation date unverified,vpa-open-space-snapshot
212051322,green_space_per_resident,population_denominator,23417,persons,2025-06-30,abs-erp-2024-25
212051323,population_growth,population_start,16649,persons,2020-06-30,abs-erp-2024-25
212051323,population_growth,population_end,17492,persons,2025-06-30,abs-erp-2024-25
212051323,transport_access,weighted_index_area_sum,39824313.033136286,access_index*m2,Retrieved 2026-09-08,dtp-ptal-snapshot
212051323,transport_access,valid_intersection_area,6483022.335140446,m2,Retrieved 2026-09-08,dtp-ptal-snapshot
212051323,transport_access,sa2_area,6483022.335140424,m2,Boundary 2021,abs-sa2-2021
212051323,green_space_per_resident,eligible_open_space_area,414364.8293533253,m2,Observation date unverified,vpa-open-space-snapshot
212051323,green_space_per_resident,population_denominator,17492,persons,2025-06-30,abs-erp-2024-25
212051324,population_growth,population_start,20062,persons,2020-06-30,abs-erp-2024-25
212051324,population_growth,population_end,20659,persons,2025-06-30,abs-erp-2024-25
212051324,transport_access,weighted_index_area_sum,62263701.34630936,access_index*m2,Retrieved 2026-09-08,dtp-ptal-snapshot
212051324,transport_access,valid_intersection_area,8699887.49494684,m2,Retrieved 2026-09-08,dtp-ptal-snapshot
212051324,transport_access,sa2_area,8699887.494946865,m2,Boundary 2021,abs-sa2-2021
212051324,green_space_per_resident,eligible_open_space_area,810057.8299484602,m2,Observation date unverified,vpa-open-space-snapshot
212051324,green_space_per_resident,population_denominator,20659,persons,2025-06-30,abs-erp-2024-25
212051325,population_growth,population_start,20698,persons,2020-06-30,abs-erp-2024-25
212051325,population_growth,population_end,21072,persons,2025-06-30,abs-erp-2024-25
212051325,transport_access,weighted_index_area_sum,50256678.70198502,access_index*m2,Retrieved 2026-09-08,dtp-ptal-snapshot
212051325,transport_access,valid_intersection_area,10716830.107818605,m2,Retrieved 2026-09-08,dtp-ptal-snapshot
212051325,transport_access,sa2_area,10716830.107818706,m2,Boundary 2021,abs-sa2-2021
212051325,green_space_per_resident,eligible_open_space_area,708706.2890017794,m2,Observation date unverified,vpa-open-space-snapshot
212051325,green_space_per_resident,population_denominator,21072,persons,2025-06-30,abs-erp-2024-25
212051326,population_growth,population_start,23721,persons,2020-06-30,abs-erp-2024-25
212051326,population_growth,population_end,25427,persons,2025-06-30,abs-erp-2024-25
212051326,transport_access,weighted_index_area_sum,110685191.58094713,access_index*m2,Retrieved 2026-09-08,dtp-ptal-snapshot
212051326,transport_access,valid_intersection_area,10168978.64837395,m2,Retrieved 2026-09-08,dtp-ptal-snapshot
212051326,transport_access,sa2_area,10168978.648373974,m2,Boundary 2021,abs-sa2-2021
212051326,green_space_per_resident,eligible_open_space_area,523616.7110766817,m2,Observation date unverified,vpa-open-space-snapshot
212051326,green_space_per_resident,population_denominator,25427,persons,2025-06-30,abs-erp-2024-25
212051327,population_growth,population_start,21193,persons,2020-06-30,abs-erp-2024-25
212051327,population_growth,population_end,21281,persons,2025-06-30,abs-erp-2024-25
212051327,transport_access,weighted_index_area_sum,47640321.30739214,access_index*m2,Retrieved 2026-09-08,dtp-ptal-snapshot
212051327,transport_access,valid_intersection_area,10437007.041966885,m2,Retrieved 2026-09-08,dtp-ptal-snapshot
212051327,transport_access,sa2_area,10437007.041966898,m2,Boundary 2021,abs-sa2-2021
212051327,green_space_per_resident,eligible_open_space_area,2229371.2224799492,m2,Observation date unverified,vpa-open-space-snapshot
212051327,green_space_per_resident,population_denominator,21281,persons,2025-06-30,abs-erp-2024-25
212051567,population_growth,population_start,11715,persons,2020-06-30,abs-erp-2024-25
212051567,population_growth,population_end,14911,persons,2025-06-30,abs-erp-2024-25
212051567,transport_access,weighted_index_area_sum,39120291.46490686,access_index*m2,Retrieved 2026-09-08,dtp-ptal-snapshot
212051567,transport_access,valid_intersection_area,5228754.45272794,m2,Retrieved 2026-09-08,dtp-ptal-snapshot
212051567,transport_access,sa2_area,5228754.452727938,m2,Boundary 2021,abs-sa2-2021
212051567,green_space_per_resident,eligible_open_space_area,53829.58760264703,m2,Observation date unverified,vpa-open-space-snapshot
212051567,green_space_per_resident,population_denominator,14911,persons,2025-06-30,abs-erp-2024-25
212051568,population_growth,population_start,14027,persons,2020-06-30,abs-erp-2024-25
212051568,population_growth,population_end,15483,persons,2025-06-30,abs-erp-2024-25
212051568,transport_access,weighted_index_area_sum,36677863.48490052,access_index*m2,Retrieved 2026-09-08,dtp-ptal-snapshot
212051568,transport_access,valid_intersection_area,4181183.7601361675,m2,Retrieved 2026-09-08,dtp-ptal-snapshot
212051568,transport_access,sa2_area,4181183.760136116,m2,Boundary 2021,abs-sa2-2021
212051568,green_space_per_resident,eligible_open_space_area,78218.84511940536,m2,Observation date unverified,vpa-open-space-snapshot
212051568,green_space_per_resident,population_denominator,15483,persons,2025-06-30,abs-erp-2024-25
213011328,population_growth,population_start,8082,persons,2020-06-30,abs-erp-2024-25
213011328,population_growth,population_end,7955,persons,2025-06-30,abs-erp-2024-25
213011328,transport_access,weighted_index_area_sum,31615604.42029001,access_index*m2,Retrieved 2026-09-08,dtp-ptal-snapshot
213011328,transport_access,valid_intersection_area,4588826.328743953,m2,Retrieved 2026-09-08,dtp-ptal-snapshot
213011328,transport_access,sa2_area,4588826.328743671,m2,Boundary 2021,abs-sa2-2021
213011328,green_space_per_resident,eligible_open_space_area,1084518.5794823654,m2,Observation date unverified,vpa-open-space-snapshot
213011328,green_space_per_resident,population_denominator,7955,persons,2025-06-30,abs-erp-2024-25
213011329,population_growth,population_start,10510,persons,2020-06-30,abs-erp-2024-25
213011329,population_growth,population_end,10035,persons,2025-06-30,abs-erp-2024-25
213011329,transport_access,weighted_index_area_sum,11416179.867374904,access_index*m2,Retrieved 2026-09-08,dtp-ptal-snapshot
213011329,transport_access,valid_intersection_area,4406408.387559895,m2,Retrieved 2026-09-08,dtp-ptal-snapshot
213011329,transport_access,sa2_area,4406408.3875599755,m2,Boundary 2021,abs-sa2-2021
213011329,green_space_per_resident,eligible_open_space_area,730562.9695000808,m2,Observation date unverified,vpa-open-space-snapshot
213011329,green_space_per_resident,population_denominator,10035,persons,2025-06-30,abs-erp-2024-25
213011331,population_growth,population_start,8533,persons,2020-06-30,abs-erp-2024-25
213011331,population_growth,population_end,7859,persons,2025-06-30,abs-erp-2024-25
213011331,transport_access,weighted_index_area_sum,13223682.26374813,access_index*m2,Retrieved 2026-09-08,dtp-ptal-snapshot
213011331,transport_access,valid_intersection_area,3506016.2105501425,m2,Retrieved 2026-09-08,dtp-ptal-snapshot
213011331,transport_access,sa2_area,3506016.210550076,m2,Boundary 2021,abs-sa2-2021
213011331,green_space_per_resident,eligible_open_space_area,184376.20774622142,m2,Observation date unverified,vpa-open-space-snapshot
213011331,green_space_per_resident,population_denominator,7859,persons,2025-06-30,abs-erp-2024-25
213011332,population_growth,population_start,13567,persons,2020-06-30,abs-erp-2024-25
213011332,population_growth,population_end,13080,persons,2025-06-30,abs-erp-2024-25
213011332,transport_access,weighted_index_area_sum,28577824.722931474,access_index*m2,Retrieved 2026-09-08,dtp-ptal-snapshot
213011332,transport_access,valid_intersection_area,7660695.621441808,m2,Retrieved 2026-09-08,dtp-ptal-snapshot
213011332,transport_access,sa2_area,7660695.621441732,m2,Boundary 2021,abs-sa2-2021
213011332,green_space_per_resident,eligible_open_space_area,1869788.7992117684,m2,Observation date unverified,vpa-open-space-snapshot
213011332,green_space_per_resident,population_denominator,13080,persons,2025-06-30,abs-erp-2024-25
213011333,population_growth,population_start,14477,persons,2020-06-30,abs-erp-2024-25
213011333,population_growth,population_end,13956,persons,2025-06-30,abs-erp-2024-25
213011333,transport_access,weighted_index_area_sum,25909588.043123234,access_index*m2,Retrieved 2026-09-08,dtp-ptal-snapshot
213011333,transport_access,valid_intersection_area,4432641.593629937,m2,Retrieved 2026-09-08,dtp-ptal-snapshot
213011333,transport_access,sa2_area,4432641.593629854,m2,Boundary 2021,abs-sa2-2021
213011333,green_space_per_resident,eligible_open_space_area,501131.38165187574,m2,Observation date unverified,vpa-open-space-snapshot
213011333,green_space_per_resident,population_denominator,13956,persons,2025-06-30,abs-erp-2024-25
213011334,population_growth,population_start,21663,persons,2020-06-30,abs-erp-2024-25
213011334,population_growth,population_end,21020,persons,2025-06-30,abs-erp-2024-25
213011334,transport_access,weighted_index_area_sum,54366767.90089156,access_index*m2,Retrieved 2026-09-08,dtp-ptal-snapshot
213011334,transport_access,valid_intersection_area,6523076.481242468,m2,Retrieved 2026-09-08,dtp-ptal-snapshot
213011334,transport_access,sa2_area,6523076.4812427275,m2,Boundary 2021,abs-sa2-2021
213011334,green_space_per_resident,eligible_open_space_area,200582.1471441594,m2,Observation date unverified,vpa-open-space-snapshot
213011334,green_space_per_resident,population_denominator,21020,persons,2025-06-30,abs-erp-2024-25
213011335,population_growth,population_start,18385,persons,2020-06-30,abs-erp-2024-25
213011335,population_growth,population_end,17705,persons,2025-06-30,abs-erp-2024-25
213011335,transport_access,weighted_index_area_sum,45316486.12027853,access_index*m2,Retrieved 2026-09-08,dtp-ptal-snapshot
213011335,transport_access,valid_intersection_area,6265971.1180375,m2,Retrieved 2026-09-08,dtp-ptal-snapshot
213011335,transport_access,sa2_area,6265971.11803749,m2,Boundary 2021,abs-sa2-2021
213011335,green_space_per_resident,eligible_open_space_area,670620.7242133095,m2,Observation date unverified,vpa-open-space-snapshot
213011335,green_space_per_resident,population_denominator,17705,persons,2025-06-30,abs-erp-2024-25
213011336,population_growth,population_start,10100,persons,2020-06-30,abs-erp-2024-25
213011336,population_growth,population_end,10151,persons,2025-06-30,abs-erp-2024-25
213011336,transport_access,weighted_index_area_sum,87626339.08210103,access_index*m2,Retrieved 2026-09-08,dtp-ptal-snapshot
213011336,transport_access,valid_intersection_area,4732315.18407812,m2,Retrieved 2026-09-08,dtp-ptal-snapshot
213011336,transport_access,sa2_area,4732315.184077983,m2,Boundary 2021,abs-sa2-2021
213011336,green_space_per_resident,eligible_open_space_area,458573.1558125736,m2,Observation date unverified,vpa-open-space-snapshot
213011336,green_space_per_resident,population_denominator,10151,persons,2025-06-30,abs-erp-2024-25
213011337,population_growth,population_start,12451,persons,2020-06-30,abs-erp-2024-25
213011337,population_growth,population_end,12751,persons,2025-06-30,abs-erp-2024-25
213011337,transport_access,weighted_index_area_sum,37545193.629166625,access_index*m2,Retrieved 2026-09-08,dtp-ptal-snapshot
213011337,transport_access,valid_intersection_area,8023690.365339987,m2,Retrieved 2026-09-08,dtp-ptal-snapshot
213011337,transport_access,sa2_area,8023690.3653401295,m2,Boundary 2021,abs-sa2-2021
213011337,green_space_per_resident,eligible_open_space_area,818995.0369282066,m2,Observation date unverified,vpa-open-space-snapshot
213011337,green_space_per_resident,population_denominator,12751,persons,2025-06-30,abs-erp-2024-25
213011338,population_growth,population_start,19633,persons,2020-06-30,abs-erp-2024-25
213011338,population_growth,population_end,18693,persons,2025-06-30,abs-erp-2024-25
213011338,transport_access,weighted_index_area_sum,58720860.202460736,access_index*m2,Retrieved 2026-09-08,dtp-ptal-snapshot
213011338,transport_access,valid_intersection_area,12970421.138334267,m2,Retrieved 2026-09-08,dtp-ptal-snapshot
213011338,transport_access,sa2_area,12970421.138334455,m2,Boundary 2021,abs-sa2-2021
213011338,green_space_per_resident,eligible_open_space_area,904753.3817696582,m2,Observation date unverified,vpa-open-space-snapshot
213011338,green_space_per_resident,population_denominator,18693,persons,2025-06-30,abs-erp-2024-25
213011339,population_growth,population_start,12432,persons,2020-06-30,abs-erp-2024-25
213011339,population_growth,population_end,12025,persons,2025-06-30,abs-erp-2024-25
213011339,transport_access,weighted_index_area_sum,24266405.439823154,access_index*m2,Retrieved 2026-09-08,dtp-ptal-snapshot
213011339,transport_access,valid_intersection_area,3948924.166626144,m2,Retrieved 2026-09-08,dtp-ptal-snapshot
213011339,transport_access,sa2_area,3948924.1666261167,m2,Boundary 2021,abs-sa2-2021
213011339,green_space_per_resident,eligible_open_space_area,302249.74272453,m2,Observation date unverified,vpa-open-space-snapshot
213011339,green_space_per_resident,population_denominator,12025,persons,2025-06-30,abs-erp-2024-25
213011340,population_growth,population_start,17614,persons,2020-06-30,abs-erp-2024-25
213011340,population_growth,population_end,16896,persons,2025-06-30,abs-erp-2024-25
213011340,transport_access,weighted_index_area_sum,42369672.07264629,access_index*m2,Retrieved 2026-09-08,dtp-ptal-snapshot
213011340,transport_access,valid_intersection_area,18465492.494071186,m2,Retrieved 2026-09-08,dtp-ptal-snapshot
213011340,transport_access,sa2_area,18465492.494071234,m2,Boundary 2021,abs-sa2-2021
213011340,green_space_per_resident,eligible_open_space_area,963184.1378278907,m2,Observation date unverified,vpa-open-space-snapshot
213011340,green_space_per_resident,population_denominator,16896,persons,2025-06-30,abs-erp-2024-25
213011569,population_growth,population_start,18976,persons,2020-06-30,abs-erp-2024-25
213011569,population_growth,population_end,18368,persons,2025-06-30,abs-erp-2024-25
213011569,transport_access,weighted_index_area_sum,42254431.7663658,access_index*m2,Retrieved 2026-09-08,dtp-ptal-snapshot
213011569,transport_access,valid_intersection_area,8077725.935264981,m2,Retrieved 2026-09-08,dtp-ptal-snapshot
213011569,transport_access,sa2_area,8077725.935265062,m2,Boundary 2021,abs-sa2-2021
213011569,green_space_per_resident,eligible_open_space_area,781802.4144472663,m2,Observation date unverified,vpa-open-space-snapshot
213011569,green_space_per_resident,population_denominator,18368,persons,2025-06-30,abs-erp-2024-25
213011570,population_growth,population_start,9015,persons,2020-06-30,abs-erp-2024-25
213011570,population_growth,population_end,8958,persons,2025-06-30,abs-erp-2024-25
213011570,transport_access,weighted_index_area_sum,13141541.594205797,access_index*m2,Retrieved 2026-09-08,dtp-ptal-snapshot
213011570,transport_access,valid_intersection_area,13259618.433174416,m2,Retrieved 2026-09-08,dtp-ptal-snapshot
213011570,transport_access,sa2_area,13259618.43317424,m2,Boundary 2021,abs-sa2-2021
213011570,green_space_per_resident,eligible_open_space_area,800308.2099373147,m2,Observation date unverified,vpa-open-space-snapshot
213011570,green_space_per_resident,population_denominator,8958,persons,2025-06-30,abs-erp-2024-25
213021341,population_growth,population_start,13878,persons,2020-06-30,abs-erp-2024-25
213021341,population_growth,population_end,14428,persons,2025-06-30,abs-erp-2024-25
213021341,transport_access,weighted_index_area_sum,65714699.05600709,access_index*m2,Retrieved 2026-09-08,dtp-ptal-snapshot
213021341,transport_access,valid_intersection_area,17675751.234537117,m2,Retrieved 2026-09-08,dtp-ptal-snapshot
213021341,transport_access,sa2_area,17684794.42652539,m2,Boundary 2021,abs-sa2-2021
213021341,green_space_per_resident,eligible_open_space_area,5096516.770518687,m2,Observation date unverified,vpa-open-space-snapshot
213021341,green_space_per_resident,population_denominator,14428,persons,2025-06-30,abs-erp-2024-25
213021342,population_growth,population_start,19500,persons,2020-06-30,abs-erp-2024-25
213021342,population_growth,population_end,18783,persons,2025-06-30,abs-erp-2024-25
213021342,transport_access,weighted_index_area_sum,35853772.03293416,access_index*m2,Retrieved 2026-09-08,dtp-ptal-snapshot
213021342,transport_access,valid_intersection_area,10531830.666555882,m2,Retrieved 2026-09-08,dtp-ptal-snapshot
213021342,transport_access,sa2_area,10543500.001366876,m2,Boundary 2021,abs-sa2-2021
213021342,green_space_per_resident,eligible_open_space_area,4558329.144444991,m2,Observation date unverified,vpa-open-space-snapshot
213021342,green_space_per_resident,population_denominator,18783,persons,2025-06-30,abs-erp-2024-25
213021343,population_growth,population_start,15396,persons,2020-06-30,abs-erp-2024-25
213021343,population_growth,population_end,16493,persons,2025-06-30,abs-erp-2024-25
213021343,transport_access,weighted_index_area_sum,79622115.05350026,access_index*m2,Retrieved 2026-09-08,dtp-ptal-snapshot
213021343,transport_access,valid_intersection_area,16185856.31920421,m2,Retrieved 2026-09-08,dtp-ptal-snapshot
213021343,transport_access,sa2_area,16185856.319204617,m2,Boundary 2021,abs-sa2-2021
213021343,green_space_per_resident,eligible_open_space_area,1172129.4939561982,m2,Observation date unverified,vpa-open-space-snapshot
213021343,green_space_per_resident,population_denominator,16493,persons,2025-06-30,abs-erp-2024-25
213021344,population_growth,population_start,19414,persons,2020-06-30,abs-erp-2024-25
213021344,population_growth,population_end,20328,persons,2025-06-30,abs-erp-2024-25
213021344,transport_access,weighted_index_area_sum,79597581.37922433,access_index*m2,Retrieved 2026-09-08,dtp-ptal-snapshot
213021344,transport_access,valid_intersection_area,8836643.874933388,m2,Retrieved 2026-09-08,dtp-ptal-snapshot
213021344,transport_access,sa2_area,8840551.021927781,m2,Boundary 2021,abs-sa2-2021
213021344,green_space_per_resident,eligible_open_space_area,1587308.8486416352,m2,Observation date unverified,vpa-open-space-snapshot
213021344,green_space_per_resident,population_denominator,20328,persons,2025-06-30,abs-erp-2024-25
213021345,population_growth,population_start,5250,persons,2020-06-30,abs-erp-2024-25
213021345,population_growth,population_end,4932,persons,2025-06-30,abs-erp-2024-25
213021345,transport_access,weighted_index_area_sum,5646037.512230949,access_index*m2,Retrieved 2026-09-08,dtp-ptal-snapshot
213021345,transport_access,valid_intersection_area,1620150.07709822,m2,Retrieved 2026-09-08,dtp-ptal-snapshot
213021345,transport_access,sa2_area,1620150.0770981975,m2,Boundary 2021,abs-sa2-2021
213021345,green_space_per_resident,eligible_open_space_area,218311.55331252943,m2,Observation date unverified,vpa-open-space-snapshot
213021345,green_space_per_resident,population_denominator,4932,persons,2025-06-30,abs-erp-2024-25
213021346,population_growth,population_start,16659,persons,2020-06-30,abs-erp-2024-25
213021346,population_growth,population_end,17102,persons,2025-06-30,abs-erp-2024-25
213021346,transport_access,weighted_index_area_sum,61810959.86632053,access_index*m2,Retrieved 2026-09-08,dtp-ptal-snapshot
213021346,transport_access,valid_intersection_area,7346548.921578401,m2,Retrieved 2026-09-08,dtp-ptal-snapshot
213021346,transport_access,sa2_area,7347310.7440506825,m2,Boundary 2021,abs-sa2-2021
213021346,green_space_per_resident,eligible_open_space_area,1139643.950425441,m2,Observation date unverified,vpa-open-space-snapshot
213021346,green_space_per_resident,population_denominator,17102,persons,2025-06-30,abs-erp-2024-25
213031347,population_growth,population_start,19901,persons,2020-06-30,abs-erp-2024-25
213031347,population_growth,population_end,20916,persons,2025-06-30,abs-erp-2024-25
213031347,transport_access,weighted_index_area_sum,76120656.87005757,access_index*m2,Retrieved 2026-09-08,dtp-ptal-snapshot
213031347,transport_access,valid_intersection_area,7485450.562735268,m2,Retrieved 2026-09-08,dtp-ptal-snapshot
213031347,transport_access,sa2_area,7485450.562735516,m2,Boundary 2021,abs-sa2-2021
213031347,green_space_per_resident,eligible_open_space_area,561530.4441856713,m2,Observation date unverified,vpa-open-space-snapshot
213031347,green_space_per_resident,population_denominator,20916,persons,2025-06-30,abs-erp-2024-25
213031348,population_growth,population_start,18092,persons,2020-06-30,abs-erp-2024-25
213031348,population_growth,population_end,20882,persons,2025-06-30,abs-erp-2024-25
213031348,transport_access,weighted_index_area_sum,123423068.49490994,access_index*m2,Retrieved 2026-09-08,dtp-ptal-snapshot
213031348,transport_access,valid_intersection_area,4967394.437054485,m2,Retrieved 2026-09-08,dtp-ptal-snapshot
213031348,transport_access,sa2_area,4967394.437054503,m2,Boundary 2021,abs-sa2-2021
213031348,green_space_per_resident,eligible_open_space_area,809263.334020908,m2,Observation date unverified,vpa-open-space-snapshot
213031348,green_space_per_resident,population_denominator,20882,persons,2025-06-30,abs-erp-2024-25
213031349,population_growth,population_start,13263,persons,2020-06-30,abs-erp-2024-25
213031349,population_growth,population_end,13960,persons,2025-06-30,abs-erp-2024-25
213031349,transport_access,weighted_index_area_sum,58582653.75488938,access_index*m2,Retrieved 2026-09-08,dtp-ptal-snapshot
213031349,transport_access,valid_intersection_area,5493483.703272739,m2,Retrieved 2026-09-08,dtp-ptal-snapshot
213031349,transport_access,sa2_area,5493483.703272544,m2,Boundary 2021,abs-sa2-2021
213031349,green_space_per_resident,eligible_open_space_area,1099425.513847728,m2,Observation date unverified,vpa-open-space-snapshot
213031349,green_space_per_resident,population_denominator,13960,persons,2025-06-30,abs-erp-2024-25
213031350,population_growth,population_start,9724,persons,2020-06-30,abs-erp-2024-25
213031350,population_growth,population_end,9748,persons,2025-06-30,abs-erp-2024-25
213031350,transport_access,weighted_index_area_sum,33764545.803721674,access_index*m2,Retrieved 2026-09-08,dtp-ptal-snapshot
213031350,transport_access,valid_intersection_area,1680157.9926824898,m2,Retrieved 2026-09-08,dtp-ptal-snapshot
213031350,transport_access,sa2_area,1680157.9926825291,m2,Boundary 2021,abs-sa2-2021
213031350,green_space_per_resident,eligible_open_space_area,21256.43596264586,m2,Observation date unverified,vpa-open-space-snapshot
213031350,green_space_per_resident,population_denominator,9748,persons,2025-06-30,abs-erp-2024-25
213031351,population_growth,population_start,12370,persons,2020-06-30,abs-erp-2024-25
213031351,population_growth,population_end,13007,persons,2025-06-30,abs-erp-2024-25
213031351,transport_access,weighted_index_area_sum,47868561.24062214,access_index*m2,Retrieved 2026-09-08,dtp-ptal-snapshot
213031351,transport_access,valid_intersection_area,5981449.9770210795,m2,Retrieved 2026-09-08,dtp-ptal-snapshot
213031351,transport_access,sa2_area,5981449.977021078,m2,Boundary 2021,abs-sa2-2021
213031351,green_space_per_resident,eligible_open_space_area,253118.53225608912,m2,Observation date unverified,vpa-open-space-snapshot
213031351,green_space_per_resident,population_denominator,13007,persons,2025-06-30,abs-erp-2024-25
213031352,population_growth,population_start,16068,persons,2020-06-30,abs-erp-2024-25
213031352,population_growth,population_end,16159,persons,2025-06-30,abs-erp-2024-25
213031352,transport_access,weighted_index_area_sum,63441018.61224956,access_index*m2,Retrieved 2026-09-08,dtp-ptal-snapshot
213031352,transport_access,valid_intersection_area,5620757.364757997,m2,Retrieved 2026-09-08,dtp-ptal-snapshot
213031352,transport_access,sa2_area,5620757.364758102,m2,Boundary 2021,abs-sa2-2021
213031352,green_space_per_resident,eligible_open_space_area,748587.4599774494,m2,Observation date unverified,vpa-open-space-snapshot
213031352,green_space_per_resident,population_denominator,16159,persons,2025-06-30,abs-erp-2024-25
213041353,population_growth,population_start,24263,persons,2020-06-30,abs-erp-2024-25
213041353,population_growth,population_end,27182,persons,2025-06-30,abs-erp-2024-25
213041353,transport_access,weighted_index_area_sum,0.0,access_index*m2,Retrieved 2026-09-08,dtp-ptal-snapshot
213041353,transport_access,valid_intersection_area,2586927.7957117124,m2,Retrieved 2026-09-08,dtp-ptal-snapshot
213041353,transport_access,sa2_area,196385569.86960134,m2,Boundary 2021,abs-sa2-2021
213041353,green_space_per_resident,eligible_open_space_area,1359.6001694310855,m2,Observation date unverified,vpa-open-space-snapshot
213041353,green_space_per_resident,population_denominator,27182,persons,2025-06-30,abs-erp-2024-25
213041358,population_growth,population_start,21432,persons,2020-06-30,abs-erp-2024-25
213041358,population_growth,population_end,22710,persons,2025-06-30,abs-erp-2024-25
213041358,transport_access,weighted_index_area_sum,32859321.630481478,access_index*m2,Retrieved 2026-09-08,dtp-ptal-snapshot
213041358,transport_access,valid_intersection_area,24210816.9271268,m2,Retrieved 2026-09-08,dtp-ptal-snapshot
213041358,transport_access,sa2_area,24210816.92712684,m2,Boundary 2021,abs-sa2-2021
213041358,green_space_per_resident,eligible_open_space_area,974667.7276441326,m2,Observation date unverified,vpa-open-space-snapshot
213041358,green_space_per_resident,population_denominator,22710,persons,2025-06-30,abs-erp-2024-25
213041359,population_growth,population_start,13341,persons,2020-06-30,abs-erp-2024-25
213041359,population_growth,population_end,35856,persons,2025-06-30,abs-erp-2024-25
213041359,transport_access,weighted_index_area_sum,26861422.268819563,access_index*m2,Retrieved 2026-09-08,dtp-ptal-snapshot
213041359,transport_access,valid_intersection_area,125791166.58341488,m2,Retrieved 2026-09-08,dtp-ptal-snapshot
213041359,transport_access,sa2_area,125791166.58341536,m2,Boundary 2021,abs-sa2-2021
213041359,green_space_per_resident,eligible_open_space_area,1919380.2087151238,m2,Observation date unverified,vpa-open-space-snapshot
213041359,green_space_per_resident,population_denominator,35856,persons,2025-06-30,abs-erp-2024-25
213041360,population_growth,population_start,20288,persons,2020-06-30,abs-erp-2024-25
213041360,population_growth,population_end,19874,persons,2025-06-30,abs-erp-2024-25
213041360,transport_access,weighted_index_area_sum,25290203.97680471,access_index*m2,Retrieved 2026-09-08,dtp-ptal-snapshot
213041360,transport_access,valid_intersection_area,5968460.554671913,m2,Retrieved 2026-09-08,dtp-ptal-snapshot
213041360,transport_access,sa2_area,5968460.554672035,m2,Boundary 2021,abs-sa2-2021
213041360,green_space_per_resident,eligible_open_space_area,555332.9794501303,m2,Observation date unverified,vpa-open-space-snapshot
213041360,green_space_per_resident,population_denominator,19874,persons,2025-06-30,abs-erp-2024-25
213041461,population_growth,population_start,5743,persons,2020-06-30,abs-erp-2024-25
213041461,population_growth,population_end,6635,persons,2025-06-30,abs-erp-2024-25
213041461,transport_access,weighted_index_area_sum,12225099.355025027,access_index*m2,Retrieved 2026-09-08,dtp-ptal-snapshot
213041461,transport_access,valid_intersection_area,2552522.030450535,m2,Retrieved 2026-09-08,dtp-ptal-snapshot
213041461,transport_access,sa2_area,2552522.0304505527,m2,Boundary 2021,abs-sa2-2021
213041461,green_space_per_resident,eligible_open_space_area,192578.1558814021,m2,Observation date unverified,vpa-open-space-snapshot
213041461,green_space_per_resident,population_denominator,6635,persons,2025-06-30,abs-erp-2024-25
213041462,population_growth,population_start,6628,persons,2020-06-30,abs-erp-2024-25
213041462,population_growth,population_end,6443,persons,2025-06-30,abs-erp-2024-25
213041462,transport_access,weighted_index_area_sum,7528323.6195894405,access_index*m2,Retrieved 2026-09-08,dtp-ptal-snapshot
213041462,transport_access,valid_intersection_area,1995428.430338768,m2,Retrieved 2026-09-08,dtp-ptal-snapshot
213041462,transport_access,sa2_area,1995428.4303387408,m2,Boundary 2021,abs-sa2-2021
213041462,green_space_per_resident,eligible_open_space_area,476284.59588124044,m2,Observation date unverified,vpa-open-space-snapshot
213041462,green_space_per_resident,population_denominator,6443,persons,2025-06-30,abs-erp-2024-25
213041463,population_growth,population_start,21238,persons,2020-06-30,abs-erp-2024-25
213041463,population_growth,population_end,20934,persons,2025-06-30,abs-erp-2024-25
213041463,transport_access,weighted_index_area_sum,43290001.673564844,access_index*m2,Retrieved 2026-09-08,dtp-ptal-snapshot
213041463,transport_access,valid_intersection_area,6953295.985445601,m2,Retrieved 2026-09-08,dtp-ptal-snapshot
213041463,transport_access,sa2_area,6953295.985445503,m2,Boundary 2021,abs-sa2-2021
213041463,green_space_per_resident,eligible_open_space_area,1306168.3315529511,m2,Observation date unverified,vpa-open-space-snapshot
213041463,green_space_per_resident,population_denominator,20934,persons,2025-06-30,abs-erp-2024-25
213041571,population_growth,population_start,9901,persons,2020-06-30,abs-erp-2024-25
213041571,population_growth,population_end,10665,persons,2025-06-30,abs-erp-2024-25
213041571,transport_access,weighted_index_area_sum,6904521.632832889,access_index*m2,Retrieved 2026-09-08,dtp-ptal-snapshot
213041571,transport_access,valid_intersection_area,10696855.11233532,m2,Retrieved 2026-09-08,dtp-ptal-snapshot
213041571,transport_access,sa2_area,10696855.112335242,m2,Boundary 2021,abs-sa2-2021
213041571,green_space_per_resident,eligible_open_space_area,1163780.5385813408,m2,Observation date unverified,vpa-open-space-snapshot
213041571,green_space_per_resident,population_denominator,10665,persons,2025-06-30,abs-erp-2024-25
213041572,population_growth,population_start,6158,persons,2020-06-30,abs-erp-2024-25
213041572,population_growth,population_end,12885,persons,2025-06-30,abs-erp-2024-25
213041572,transport_access,weighted_index_area_sum,7454772.955746507,access_index*m2,Retrieved 2026-09-08,dtp-ptal-snapshot
213041572,transport_access,valid_intersection_area,19765235.704986285,m2,Retrieved 2026-09-08,dtp-ptal-snapshot
213041572,transport_access,sa2_area,19765235.704986326,m2,Boundary 2021,abs-sa2-2021
213041572,green_space_per_resident,eligible_open_space_area,1759130.0211240966,m2,Observation date unverified,vpa-open-space-snapshot
213041572,green_space_per_resident,population_denominator,12885,persons,2025-06-30,abs-erp-2024-25
213041573,population_growth,population_start,3020,persons,2020-06-30,abs-erp-2024-25
213041573,population_growth,population_end,4309,persons,2025-06-30,abs-erp-2024-25
213041573,transport_access,weighted_index_area_sum,0.0,access_index*m2,Retrieved 2026-09-08,dtp-ptal-snapshot
213041573,transport_access,valid_intersection_area,69514386.6610841,m2,Retrieved 2026-09-08,dtp-ptal-snapshot
213041573,transport_access,sa2_area,69514386.66108444,m2,Boundary 2021,abs-sa2-2021
213041573,green_space_per_resident,eligible_open_space_area,3154834.62647682,m2,Observation date unverified,vpa-open-space-snapshot
213041573,green_space_per_resident,population_denominator,4309,persons,2025-06-30,abs-erp-2024-25
213041574,population_growth,population_start,8767,persons,2020-06-30,abs-erp-2024-25
213041574,population_growth,population_end,24739,persons,2025-06-30,abs-erp-2024-25
213041574,transport_access,weighted_index_area_sum,4687154.100127168,access_index*m2,Retrieved 2026-09-08,dtp-ptal-snapshot
213041574,transport_access,valid_intersection_area,58744610.45831744,m2,Retrieved 2026-09-08,dtp-ptal-snapshot
213041574,transport_access,sa2_area,58744610.45831718,m2,Boundary 2021,abs-sa2-2021
213041574,green_space_per_resident,eligible_open_space_area,348697.69990618184,m2,Observation date unverified,vpa-open-space-snapshot
213041574,green_space_per_resident,population_denominator,24739,persons,2025-06-30,abs-erp-2024-25
213041575,population_growth,population_start,16495,persons,2020-06-30,abs-erp-2024-25
213041575,population_growth,population_end,16173,persons,2025-06-30,abs-erp-2024-25
213041575,transport_access,weighted_index_area_sum,28712955.576730628,access_index*m2,Retrieved 2026-09-08,dtp-ptal-snapshot
213041575,transport_access,valid_intersection_area,7818009.347694221,m2,Retrieved 2026-09-08,dtp-ptal-snapshot
213041575,transport_access,sa2_area,7818009.347694176,m2,Boundary 2021,abs-sa2-2021
213041575,green_space_per_resident,eligible_open_space_area,476292.3625767671,m2,Observation date unverified,vpa-open-space-snapshot
213041575,green_space_per_resident,population_denominator,16173,persons,2025-06-30,abs-erp-2024-25
213041576,population_growth,population_start,11979,persons,2020-06-30,abs-erp-2024-25
213041576,population_growth,population_end,12082,persons,2025-06-30,abs-erp-2024-25
213041576,transport_access,weighted_index_area_sum,17071366.554217417,access_index*m2,Retrieved 2026-09-08,dtp-ptal-snapshot
213041576,transport_access,valid_intersection_area,120881565.03128132,m2,Retrieved 2026-09-08,dtp-ptal-snapshot
213041576,transport_access,sa2_area,120881565.03128147,m2,Boundary 2021,abs-sa2-2021
213041576,green_space_per_resident,eligible_open_space_area,2375852.703701128,m2,Observation date unverified,vpa-open-space-snapshot
213041576,green_space_per_resident,population_denominator,12082,persons,2025-06-30,abs-erp-2024-25
213041577,population_growth,population_start,8261,persons,2020-06-30,abs-erp-2024-25
213041577,population_growth,population_end,8007,persons,2025-06-30,abs-erp-2024-25
213041577,transport_access,weighted_index_area_sum,26202782.042779822,access_index*m2,Retrieved 2026-09-08,dtp-ptal-snapshot
213041577,transport_access,valid_intersection_area,9864509.210316299,m2,Retrieved 2026-09-08,dtp-ptal-snapshot
213041577,transport_access,sa2_area,9864509.210315987,m2,Boundary 2021,abs-sa2-2021
213041577,green_space_per_resident,eligible_open_space_area,933073.7266830523,m2,Observation date unverified,vpa-open-space-snapshot
213041577,green_space_per_resident,population_denominator,8007,persons,2025-06-30,abs-erp-2024-25
213041578,population_growth,population_start,15664,persons,2020-06-30,abs-erp-2024-25
213041578,population_growth,population_end,22821,persons,2025-06-30,abs-erp-2024-25
213041578,transport_access,weighted_index_area_sum,26013572.650832657,access_index*m2,Retrieved 2026-09-08,dtp-ptal-snapshot
213041578,transport_access,valid_intersection_area,11024464.106838163,m2,Retrieved 2026-09-08,dtp-ptal-snapshot
213041578,transport_access,sa2_area,11024464.10683816,m2,Boundary 2021,abs-sa2-2021
213041578,green_space_per_resident,eligible_open_space_area,425512.80114154716,m2,Observation date unverified,vpa-open-space-snapshot
213041578,green_space_per_resident,population_denominator,22821,persons,2025-06-30,abs-erp-2024-25
213051361,population_growth,population_start,19405,persons,2020-06-30,abs-erp-2024-25
213051361,population_growth,population_end,18359,persons,2025-06-30,abs-erp-2024-25
213051361,transport_access,weighted_index_area_sum,40363831.46758404,access_index*m2,Retrieved 2026-09-08,dtp-ptal-snapshot
213051361,transport_access,valid_intersection_area,10915489.955414383,m2,Retrieved 2026-09-08,dtp-ptal-snapshot
213051361,transport_access,sa2_area,10915489.95541416,m2,Boundary 2021,abs-sa2-2021
213051361,green_space_per_resident,eligible_open_space_area,797032.9482455286,m2,Observation date unverified,vpa-open-space-snapshot
213051361,green_space_per_resident,population_denominator,18359,persons,2025-06-30,abs-erp-2024-25
213051362,population_growth,population_start,19933,persons,2020-06-30,abs-erp-2024-25
213051362,population_growth,population_end,18906,persons,2025-06-30,abs-erp-2024-25
213051362,transport_access,weighted_index_area_sum,47804221.32746163,access_index*m2,Retrieved 2026-09-08,dtp-ptal-snapshot
213051362,transport_access,valid_intersection_area,7012411.291086274,m2,Retrieved 2026-09-08,dtp-ptal-snapshot
213051362,transport_access,sa2_area,7012411.291086383,m2,Boundary 2021,abs-sa2-2021
213051362,green_space_per_resident,eligible_open_space_area,591905.3255904496,m2,Observation date unverified,vpa-open-space-snapshot
213051362,green_space_per_resident,population_denominator,18906,persons,2025-06-30,abs-erp-2024-25
213051363,population_growth,population_start,11972,persons,2020-06-30,abs-erp-2024-25
213051363,population_growth,population_end,12816,persons,2025-06-30,abs-erp-2024-25
213051363,transport_access,weighted_index_area_sum,61724747.19292158,access_index*m2,Retrieved 2026-09-08,dtp-ptal-snapshot
213051363,transport_access,valid_intersection_area,22247857.52345845,m2,Retrieved 2026-09-08,dtp-ptal-snapshot
213051363,transport_access,sa2_area,22247857.523458567,m2,Boundary 2021,abs-sa2-2021
213051363,green_space_per_resident,eligible_open_space_area,2519086.861026588,m2,Observation date unverified,vpa-open-space-snapshot
213051363,green_space_per_resident,population_denominator,12816,persons,2025-06-30,abs-erp-2024-25
213051368,population_growth,population_start,16350,persons,2020-06-30,abs-erp-2024-25
213051368,population_growth,population_end,17936,persons,2025-06-30,abs-erp-2024-25
213051368,transport_access,weighted_index_area_sum,34885086.178333916,access_index*m2,Retrieved 2026-09-08,dtp-ptal-snapshot
213051368,transport_access,valid_intersection_area,114047772.4523862,m2,Retrieved 2026-09-08,dtp-ptal-snapshot
213051368,transport_access,sa2_area,114061568.75474545,m2,Boundary 2021,abs-sa2-2021
213051368,green_space_per_resident,eligible_open_space_area,5089673.656844599,m2,Observation date unverified,vpa-open-space-snapshot
213051368,green_space_per_resident,population_denominator,17936,persons,2025-06-30,abs-erp-2024-25
213051464,population_growth,population_start,19135,persons,2020-06-30,abs-erp-2024-25
213051464,population_growth,population_end,21797,persons,2025-06-30,abs-erp-2024-25
213051464,transport_access,weighted_index_area_sum,18044681.005344424,access_index*m2,Retrieved 2026-09-08,dtp-ptal-snapshot
213051464,transport_access,valid_intersection_area,19036698.70291283,m2,Retrieved 2026-09-08,dtp-ptal-snapshot
213051464,transport_access,sa2_area,19038876.077667378,m2,Boundary 2021,abs-sa2-2021
213051464,green_space_per_resident,eligible_open_space_area,8395248.37056648,m2,Observation date unverified,vpa-open-space-snapshot
213051464,green_space_per_resident,population_denominator,21797,persons,2025-06-30,abs-erp-2024-25
213051466,population_growth,population_start,19372,persons,2020-06-30,abs-erp-2024-25
213051466,population_growth,population_end,20835,persons,2025-06-30,abs-erp-2024-25
213051466,transport_access,weighted_index_area_sum,16916848.091035042,access_index*m2,Retrieved 2026-09-08,dtp-ptal-snapshot
213051466,transport_access,valid_intersection_area,9423764.503272671,m2,Retrieved 2026-09-08,dtp-ptal-snapshot
213051466,transport_access,sa2_area,9423764.503272457,m2,Boundary 2021,abs-sa2-2021
213051466,green_space_per_resident,eligible_open_space_area,598436.7999323629,m2,Observation date unverified,vpa-open-space-snapshot
213051466,green_space_per_resident,population_denominator,20835,persons,2025-06-30,abs-erp-2024-25
213051467,population_growth,population_start,20186,persons,2020-06-30,abs-erp-2024-25
213051467,population_growth,population_end,19205,persons,2025-06-30,abs-erp-2024-25
213051467,transport_access,weighted_index_area_sum,53250841.02100124,access_index*m2,Retrieved 2026-09-08,dtp-ptal-snapshot
213051467,transport_access,valid_intersection_area,7758550.952581362,m2,Retrieved 2026-09-08,dtp-ptal-snapshot
213051467,transport_access,sa2_area,7758550.952581476,m2,Boundary 2021,abs-sa2-2021
213051467,green_space_per_resident,eligible_open_space_area,1187932.1454872356,m2,Observation date unverified,vpa-open-space-snapshot
213051467,green_space_per_resident,population_denominator,19205,persons,2025-06-30,abs-erp-2024-25
213051468,population_growth,population_start,20235,persons,2020-06-30,abs-erp-2024-25
213051468,population_growth,population_end,32943,persons,2025-06-30,abs-erp-2024-25
213051468,transport_access,weighted_index_area_sum,37701230.65806102,access_index*m2,Retrieved 2026-09-08,dtp-ptal-snapshot
213051468,transport_access,valid_intersection_area,127706786.06021655,m2,Retrieved 2026-09-08,dtp-ptal-snapshot
213051468,transport_access,sa2_area,127706792.79712063,m2,Boundary 2021,abs-sa2-2021
213051468,green_space_per_resident,eligible_open_space_area,1581258.7217078796,m2,Observation date unverified,vpa-open-space-snapshot
213051468,green_space_per_resident,population_denominator,32943,persons,2025-06-30,abs-erp-2024-25
213051579,population_growth,population_start,10023,persons,2020-06-30,abs-erp-2024-25
213051579,population_growth,population_end,13667,persons,2025-06-30,abs-erp-2024-25
213051579,transport_access,weighted_index_area_sum,9208943.36208316,access_index*m2,Retrieved 2026-09-08,dtp-ptal-snapshot
213051579,transport_access,valid_intersection_area,72060684.06118074,m2,Retrieved 2026-09-08,dtp-ptal-snapshot
213051579,transport_access,sa2_area,72061457.11977044,m2,Boundary 2021,abs-sa2-2021
213051579,green_space_per_resident,eligible_open_space_area,409921.7928426267,m2,Observation date unverified,vpa-open-space-snapshot
213051579,green_space_per_resident,population_denominator,13667,persons,2025-06-30,abs-erp-2024-25
213051580,population_growth,population_start,14973,persons,2020-06-30,abs-erp-2024-25
213051580,population_growth,population_end,14746,persons,2025-06-30,abs-erp-2024-25
213051580,transport_access,weighted_index_area_sum,26264490.770097926,access_index*m2,Retrieved 2026-09-08,dtp-ptal-snapshot
213051580,transport_access,valid_intersection_area,5553754.333189866,m2,Retrieved 2026-09-08,dtp-ptal-snapshot
213051580,transport_access,sa2_area,5553754.333189792,m2,Boundary 2021,abs-sa2-2021
213051580,green_space_per_resident,eligible_open_space_area,595902.7297349542,m2,Observation date unverified,vpa-open-space-snapshot
213051580,green_space_per_resident,population_denominator,14746,persons,2025-06-30,abs-erp-2024-25
213051581,population_growth,population_start,9798,persons,2020-06-30,abs-erp-2024-25
213051581,population_growth,population_end,10151,persons,2025-06-30,abs-erp-2024-25
213051581,transport_access,weighted_index_area_sum,8964454.025383497,access_index*m2,Retrieved 2026-09-08,dtp-ptal-snapshot
213051581,transport_access,valid_intersection_area,2938320.8068420514,m2,Retrieved 2026-09-08,dtp-ptal-snapshot
213051581,transport_access,sa2_area,2938320.8068420514,m2,Boundary 2021,abs-sa2-2021
213051581,green_space_per_resident,eligible_open_space_area,337687.80799773516,m2,Observation date unverified,vpa-open-space-snapshot
213051581,green_space_per_resident,population_denominator,10151,persons,2025-06-30,abs-erp-2024-25
213051582,population_growth,population_start,7364,persons,2020-06-30,abs-erp-2024-25
213051582,population_growth,population_end,19169,persons,2025-06-30,abs-erp-2024-25
213051582,transport_access,weighted_index_area_sum,10365652.797821598,access_index*m2,Retrieved 2026-09-08,dtp-ptal-snapshot
213051582,transport_access,valid_intersection_area,36716040.96970063,m2,Retrieved 2026-09-08,dtp-ptal-snapshot
213051582,transport_access,sa2_area,36716040.969700664,m2,Boundary 2021,abs-sa2-2021
213051582,green_space_per_resident,eligible_open_space_area,24787.95068316227,m2,Observation date unverified,vpa-open-space-snapshot
213051582,green_space_per_resident,population_denominator,19169,persons,2025-06-30,abs-erp-2024-25
213051583,population_growth,population_start,28306,persons,2020-06-30,abs-erp-2024-25
213051583,population_growth,population_end,29246,persons,2025-06-30,abs-erp-2024-25
213051583,transport_access,weighted_index_area_sum,48369830.29415453,access_index*m2,Retrieved 2026-09-08,dtp-ptal-snapshot
213051583,transport_access,valid_intersection_area,7962262.636681377,m2,Retrieved 2026-09-08,dtp-ptal-snapshot
213051583,transport_access,sa2_area,7962262.636681405,m2,Boundary 2021,abs-sa2-2021
213051583,green_space_per_resident,eligible_open_space_area,803129.5622500808,m2,Observation date unverified,vpa-open-space-snapshot
213051583,green_space_per_resident,population_denominator,29246,persons,2025-06-30,abs-erp-2024-25
213051584,population_growth,population_start,5655,persons,2020-06-30,abs-erp-2024-25
213051584,population_growth,population_end,15880,persons,2025-06-30,abs-erp-2024-25
213051584,transport_access,weighted_index_area_sum,9247074.464307716,access_index*m2,Retrieved 2026-09-08,dtp-ptal-snapshot
213051584,transport_access,valid_intersection_area,14348846.52801194,m2,Retrieved 2026-09-08,dtp-ptal-snapshot
213051584,transport_access,sa2_area,14348846.52801175,m2,Boundary 2021,abs-sa2-2021
213051584,green_space_per_resident,eligible_open_space_area,3298.6974930694187,m2,Observation date unverified,vpa-open-space-snapshot
213051584,green_space_per_resident,population_denominator,15880,persons,2025-06-30,abs-erp-2024-25
213051585,population_growth,population_start,11515,persons,2020-06-30,abs-erp-2024-25
213051585,population_growth,population_end,11864,persons,2025-06-30,abs-erp-2024-25
213051585,transport_access,weighted_index_area_sum,18650556.749354053,access_index*m2,Retrieved 2026-09-08,dtp-ptal-snapshot
213051585,transport_access,valid_intersection_area,3131081.5697169746,m2,Retrieved 2026-09-08,dtp-ptal-snapshot
213051585,transport_access,sa2_area,3131081.569716801,m2,Boundary 2021,abs-sa2-2021
213051585,green_space_per_resident,eligible_open_space_area,300983.38288205606,m2,Observation date unverified,vpa-open-space-snapshot
213051585,green_space_per_resident,population_denominator,11864,persons,2025-06-30,abs-erp-2024-25
213051586,population_growth,population_start,7904,persons,2020-06-30,abs-erp-2024-25
213051586,population_growth,population_end,15384,persons,2025-06-30,abs-erp-2024-25
213051586,transport_access,weighted_index_area_sum,6045012.8379994575,access_index*m2,Retrieved 2026-09-08,dtp-ptal-snapshot
213051586,transport_access,valid_intersection_area,17522625.935327724,m2,Retrieved 2026-09-08,dtp-ptal-snapshot
213051586,transport_access,sa2_area,17522625.93532779,m2,Boundary 2021,abs-sa2-2021
213051586,green_space_per_resident,eligible_open_space_area,505204.26120311953,m2,Observation date unverified,vpa-open-space-snapshot
213051586,green_space_per_resident,population_denominator,15384,persons,2025-06-30,abs-erp-2024-25
213051587,population_growth,population_start,9090,persons,2020-06-30,abs-erp-2024-25
213051587,population_growth,population_end,10846,persons,2025-06-30,abs-erp-2024-25
213051587,transport_access,weighted_index_area_sum,10463186.724515285,access_index*m2,Retrieved 2026-09-08,dtp-ptal-snapshot
213051587,transport_access,valid_intersection_area,4268579.814583126,m2,Retrieved 2026-09-08,dtp-ptal-snapshot
213051587,transport_access,sa2_area,4268579.814583367,m2,Boundary 2021,abs-sa2-2021
213051587,green_space_per_resident,eligible_open_space_area,242279.84684520843,m2,Observation date unverified,vpa-open-space-snapshot
213051587,green_space_per_resident,population_denominator,10846,persons,2025-06-30,abs-erp-2024-25
213051588,population_growth,population_start,19407,persons,2020-06-30,abs-erp-2024-25
213051588,population_growth,population_end,20395,persons,2025-06-30,abs-erp-2024-25
213051588,transport_access,weighted_index_area_sum,16556029.657456918,access_index*m2,Retrieved 2026-09-08,dtp-ptal-snapshot
213051588,transport_access,valid_intersection_area,5378279.9925495135,m2,Retrieved 2026-09-08,dtp-ptal-snapshot
213051588,transport_access,sa2_area,5378279.992549598,m2,Boundary 2021,abs-sa2-2021
213051588,green_space_per_resident,eligible_open_space_area,673011.1141329117,m2,Observation date unverified,vpa-open-space-snapshot
213051588,green_space_per_resident,population_denominator,20395,persons,2025-06-30,abs-erp-2024-25
213051589,population_growth,population_start,7852,persons,2020-06-30,abs-erp-2024-25
213051589,population_growth,population_end,14515,persons,2025-06-30,abs-erp-2024-25
213051589,transport_access,weighted_index_area_sum,13598128.449952347,access_index*m2,Retrieved 2026-09-08,dtp-ptal-snapshot
213051589,transport_access,valid_intersection_area,51266693.95441973,m2,Retrieved 2026-09-08,dtp-ptal-snapshot
213051589,transport_access,sa2_area,51266693.954419345,m2,Boundary 2021,abs-sa2-2021
213051589,green_space_per_resident,eligible_open_space_area,961945.104467189,m2,Observation date unverified,vpa-open-space-snapshot
213051589,green_space_per_resident,population_denominator,14515,persons,2025-06-30,abs-erp-2024-25
213051590,population_growth,population_start,13913,persons,2020-06-30,abs-erp-2024-25
213051590,population_growth,population_end,14135,persons,2025-06-30,abs-erp-2024-25
213051590,transport_access,weighted_index_area_sum,25363832.63288795,access_index*m2,Retrieved 2026-09-08,dtp-ptal-snapshot
213051590,transport_access,valid_intersection_area,4958582.026600466,m2,Retrieved 2026-09-08,dtp-ptal-snapshot
213051590,transport_access,sa2_area,4958582.026600572,m2,Boundary 2021,abs-sa2-2021
213051590,green_space_per_resident,eligible_open_space_area,602602.5548291287,m2,Observation date unverified,vpa-open-space-snapshot
213051590,green_space_per_resident,population_denominator,14135,persons,2025-06-30,abs-erp-2024-25
214011370,population_growth,population_start,22391,persons,2020-06-30,abs-erp-2024-25
214011370,population_growth,population_end,23464,persons,2025-06-30,abs-erp-2024-25
214011370,transport_access,weighted_index_area_sum,40592756.585998625,access_index*m2,Retrieved 2026-09-08,dtp-ptal-snapshot
214011370,transport_access,valid_intersection_area,20304377.74486767,m2,Retrieved 2026-09-08,dtp-ptal-snapshot
214011370,transport_access,sa2_area,20304377.744867586,m2,Boundary 2021,abs-sa2-2021
214011370,green_space_per_resident,eligible_open_space_area,720129.456968154,m2,Observation date unverified,vpa-open-space-snapshot
214011370,green_space_per_resident,population_denominator,23464,persons,2025-06-30,abs-erp-2024-25
214011371,population_growth,population_start,24264,persons,2020-06-30,abs-erp-2024-25
214011371,population_growth,population_end,25043,persons,2025-06-30,abs-erp-2024-25
214011371,transport_access,weighted_index_area_sum,56229436.01479921,access_index*m2,Retrieved 2026-09-08,dtp-ptal-snapshot
214011371,transport_access,valid_intersection_area,11623324.516726272,m2,Retrieved 2026-09-08,dtp-ptal-snapshot
214011371,transport_access,sa2_area,11623324.516726205,m2,Boundary 2021,abs-sa2-2021
214011371,green_space_per_resident,eligible_open_space_area,1424732.5198237237,m2,Observation date unverified,vpa-open-space-snapshot
214011371,green_space_per_resident,population_denominator,25043,persons,2025-06-30,abs-erp-2024-25
214011372,population_growth,population_start,19973,persons,2020-06-30,abs-erp-2024-25
214011372,population_growth,population_end,19794,persons,2025-06-30,abs-erp-2024-25
214011372,transport_access,weighted_index_area_sum,33163413.948564824,access_index*m2,Retrieved 2026-09-08,dtp-ptal-snapshot
214011372,transport_access,valid_intersection_area,13236428.300387565,m2,Retrieved 2026-09-08,dtp-ptal-snapshot
214011372,transport_access,sa2_area,13236428.300387546,m2,Boundary 2021,abs-sa2-2021
214011372,green_space_per_resident,eligible_open_space_area,875304.2939869479,m2,Observation date unverified,vpa-open-space-snapshot
214011372,green_space_per_resident,population_denominator,19794,persons,2025-06-30,abs-erp-2024-25
214011373,population_growth,population_start,19182,persons,2020-06-30,abs-erp-2024-25
214011373,population_growth,population_end,19374,persons,2025-06-30,abs-erp-2024-25
214011373,transport_access,weighted_index_area_sum,18222255.210419334,access_index*m2,Retrieved 2026-09-08,dtp-ptal-snapshot
214011373,transport_access,valid_intersection_area,14558506.377720997,m2,Retrieved 2026-09-08,dtp-ptal-snapshot
214011373,transport_access,sa2_area,14558506.377721045,m2,Boundary 2021,abs-sa2-2021
214011373,green_space_per_resident,eligible_open_space_area,1336862.159148488,m2,Observation date unverified,vpa-open-space-snapshot
214011373,green_space_per_resident,population_denominator,19374,persons,2025-06-30,abs-erp-2024-25
214011374,population_growth,population_start,25259,persons,2020-06-30,abs-erp-2024-25
214011374,population_growth,population_end,25788,persons,2025-06-30,abs-erp-2024-25
214011374,transport_access,weighted_index_area_sum,23431940.64910305,access_index*m2,Retrieved 2026-09-08,dtp-ptal-snapshot
214011374,transport_access,valid_intersection_area,37612740.48261157,m2,Retrieved 2026-09-08,dtp-ptal-snapshot
214011374,transport_access,sa2_area,37612740.48261166,m2,Boundary 2021,abs-sa2-2021
214011374,green_space_per_resident,eligible_open_space_area,1705061.6926393774,m2,Observation date unverified,vpa-open-space-snapshot
214011374,green_space_per_resident,population_denominator,25788,persons,2025-06-30,abs-erp-2024-25
214011375,population_growth,population_start,17443,persons,2020-06-30,abs-erp-2024-25
214011375,population_growth,population_end,18305,persons,2025-06-30,abs-erp-2024-25
214011375,transport_access,weighted_index_area_sum,45275055.79418941,access_index*m2,Retrieved 2026-09-08,dtp-ptal-snapshot
214011375,transport_access,valid_intersection_area,12429783.96058895,m2,Retrieved 2026-09-08,dtp-ptal-snapshot
214011375,transport_access,sa2_area,12429921.13927914,m2,Boundary 2021,abs-sa2-2021
214011375,green_space_per_resident,eligible_open_space_area,3443472.1505213105,m2,Observation date unverified,vpa-open-space-snapshot
214011375,green_space_per_resident,population_denominator,18305,persons,2025-06-30,abs-erp-2024-25
214011376,population_growth,population_start,13679,persons,2020-06-30,abs-erp-2024-25
214011376,population_growth,population_end,13601,persons,2025-06-30,abs-erp-2024-25
214011376,transport_access,weighted_index_area_sum,6008283.955307187,access_index*m2,Retrieved 2026-09-08,dtp-ptal-snapshot
214011376,transport_access,valid_intersection_area,19811442.200921502,m2,Retrieved 2026-09-08,dtp-ptal-snapshot
214011376,transport_access,sa2_area,19811442.200921636,m2,Boundary 2021,abs-sa2-2021
214011376,green_space_per_resident,eligible_open_space_area,192474.87308912465,m2,Observation date unverified,vpa-open-space-snapshot
214011376,green_space_per_resident,population_denominator,13601,persons,2025-06-30,abs-erp-2024-25
214021377,population_growth,population_start,13175,persons,2020-06-30,abs-erp-2024-25
214021377,population_growth,population_end,13925,persons,2025-06-30,abs-erp-2024-25
214021377,transport_access,weighted_index_area_sum,12408791.018323172,access_index*m2,Retrieved 2026-09-08,dtp-ptal-snapshot
214021377,transport_access,valid_intersection_area,45055697.2503794,m2,Retrieved 2026-09-08,dtp-ptal-snapshot
214021377,transport_access,sa2_area,45055849.64248765,m2,Boundary 2021,abs-sa2-2021
214021377,green_space_per_resident,eligible_open_space_area,1320245.6068357308,m2,Observation date unverified,vpa-open-space-snapshot
214021377,green_space_per_resident,population_denominator,13925,persons,2025-06-30,abs-erp-2024-25
214021378,population_growth,population_start,5957,persons,2020-06-30,abs-erp-2024-25
214021378,population_growth,population_end,6064,persons,2025-06-30,abs-erp-2024-25
214021378,transport_access,weighted_index_area_sum,2220405.704271868,access_index*m2,Retrieved 2026-09-08,dtp-ptal-snapshot
214021378,transport_access,valid_intersection_area,287333041.9199166,m2,Retrieved 2026-09-08,dtp-ptal-snapshot
214021378,transport_access,sa2_area,287365393.9417798,m2,Boundary 2021,abs-sa2-2021
214021378,green_space_per_resident,eligible_open_space_area,3874408.438046904,m2,Observation date unverified,vpa-open-space-snapshot
214021378,green_space_per_resident,population_denominator,6064,persons,2025-06-30,abs-erp-2024-25
214021379,population_growth,population_start,24194,persons,2020-06-30,abs-erp-2024-25
214021379,population_growth,population_end,23795,persons,2025-06-30,abs-erp-2024-25
214021379,transport_access,weighted_index_area_sum,16725268.665800566,access_index*m2,Retrieved 2026-09-08,dtp-ptal-snapshot
214021379,transport_access,valid_intersection_area,108392877.57055743,m2,Retrieved 2026-09-08,dtp-ptal-snapshot
214021379,transport_access,sa2_area,108866920.37225933,m2,Boundary 2021,abs-sa2-2021
214021379,green_space_per_resident,eligible_open_space_area,6169027.905928561,m2,Observation date unverified,vpa-open-space-snapshot
214021379,green_space_per_resident,population_denominator,23795,persons,2025-06-30,abs-erp-2024-25
214021381,population_growth,population_start,19139,persons,2020-06-30,abs-erp-2024-25
214021381,population_growth,population_end,19110,persons,2025-06-30,abs-erp-2024-25
214021381,transport_access,weighted_index_area_sum,17856853.650449753,access_index*m2,Retrieved 2026-09-08,dtp-ptal-snapshot
214021381,transport_access,valid_intersection_area,23205769.81774358,m2,Retrieved 2026-09-08,dtp-ptal-snapshot
214021381,transport_access,sa2_area,23205769.817743734,m2,Boundary 2021,abs-sa2-2021
214021381,green_space_per_resident,eligible_open_space_area,2056993.516277981,m2,Observation date unverified,vpa-open-space-snapshot
214021381,green_space_per_resident,population_denominator,19110,persons,2025-06-30,abs-erp-2024-25
214021382,population_growth,population_start,20076,persons,2020-06-30,abs-erp-2024-25
214021382,population_growth,population_end,20161,persons,2025-06-30,abs-erp-2024-25
214021382,transport_access,weighted_index_area_sum,15284139.145605821,access_index*m2,Retrieved 2026-09-08,dtp-ptal-snapshot
214021382,transport_access,valid_intersection_area,30207778.637522332,m2,Retrieved 2026-09-08,dtp-ptal-snapshot
214021382,transport_access,sa2_area,30207786.888713147,m2,Boundary 2021,abs-sa2-2021
214021382,green_space_per_resident,eligible_open_space_area,2145153.12814681,m2,Observation date unverified,vpa-open-space-snapshot
214021382,green_space_per_resident,population_denominator,20161,persons,2025-06-30,abs-erp-2024-25
214021383,population_growth,population_start,19649,persons,2020-06-30,abs-erp-2024-25
214021383,population_growth,population_end,20574,persons,2025-06-30,abs-erp-2024-25
214021383,transport_access,weighted_index_area_sum,37035021.43039667,access_index*m2,Retrieved 2026-09-08,dtp-ptal-snapshot
214021383,transport_access,valid_intersection_area,67161349.76497366,m2,Retrieved 2026-09-08,dtp-ptal-snapshot
214021383,transport_access,sa2_area,67193972.17514583,m2,Boundary 2021,abs-sa2-2021
214021383,green_space_per_resident,eligible_open_space_area,1657466.9826253522,m2,Observation date unverified,vpa-open-space-snapshot
214021383,green_space_per_resident,population_denominator,20574,persons,2025-06-30,abs-erp-2024-25
214021384,population_growth,population_start,22938,persons,2020-06-30,abs-erp-2024-25
214021384,population_growth,population_end,23508,persons,2025-06-30,abs-erp-2024-25
214021384,transport_access,weighted_index_area_sum,19238265.321409456,access_index*m2,Retrieved 2026-09-08,dtp-ptal-snapshot
214021384,transport_access,valid_intersection_area,23791137.576817308,m2,Retrieved 2026-09-08,dtp-ptal-snapshot
214021384,transport_access,sa2_area,23795705.43288063,m2,Boundary 2021,abs-sa2-2021
214021384,green_space_per_resident,eligible_open_space_area,2719484.4294409836,m2,Observation date unverified,vpa-open-space-snapshot
214021384,green_space_per_resident,population_denominator,23508,persons,2025-06-30,abs-erp-2024-25
214021385,population_growth,population_start,18795,persons,2020-06-30,abs-erp-2024-25
214021385,population_growth,population_end,19098,persons,2025-06-30,abs-erp-2024-25
214021385,transport_access,weighted_index_area_sum,12166946.429849012,access_index*m2,Retrieved 2026-09-08,dtp-ptal-snapshot
214021385,transport_access,valid_intersection_area,117332115.72303122,m2,Retrieved 2026-09-08,dtp-ptal-snapshot
214021385,transport_access,sa2_area,117335417.57596211,m2,Boundary 2021,abs-sa2-2021
214021385,green_space_per_resident,eligible_open_space_area,1883203.9445121335,m2,Observation date unverified,vpa-open-space-snapshot
214021385,green_space_per_resident,population_denominator,19098,persons,2025-06-30,abs-erp-2024-25
214021591,population_growth,population_start,15544,persons,2020-06-30,abs-erp-2024-25
214021591,population_growth,population_end,15082,persons,2025-06-30,abs-erp-2024-25
214021591,transport_access,weighted_index_area_sum,13864780.29328936,access_index*m2,Retrieved 2026-09-08,dtp-ptal-snapshot
214021591,transport_access,valid_intersection_area,14687577.723222181,m2,Retrieved 2026-09-08,dtp-ptal-snapshot
214021591,transport_access,sa2_area,14687577.723222086,m2,Boundary 2021,abs-sa2-2021
214021591,green_space_per_resident,eligible_open_space_area,1147965.9308427218,m2,Observation date unverified,vpa-open-space-snapshot
214021591,green_space_per_resident,population_denominator,15082,persons,2025-06-30,abs-erp-2024-25
214021592,population_growth,population_start,10719,persons,2020-06-30,abs-erp-2024-25
214021592,population_growth,population_end,10900,persons,2025-06-30,abs-erp-2024-25
214021592,transport_access,weighted_index_area_sum,17858429.79981727,access_index*m2,Retrieved 2026-09-08,dtp-ptal-snapshot
214021592,transport_access,valid_intersection_area,6403537.226338632,m2,Retrieved 2026-09-08,dtp-ptal-snapshot
214021592,transport_access,sa2_area,6403891.050654103,m2,Boundary 2021,abs-sa2-2021
214021592,green_space_per_resident,eligible_open_space_area,626358.2645716924,m2,Observation date unverified,vpa-open-space-snapshot
214021592,green_space_per_resident,population_denominator,10900,persons,2025-06-30,abs-erp-2024-25
