sa2_code,indicator_key,raw_value,score,rating,reference_period,start_year,end_year,quality_status,quality_note,coverage_fraction,method_id
206011106,rent_weekly,421,,,2021 Census,2021,2021,available,Historical reported rent; not current advertised rent.,,census-g02-direct-v2
206011106,population_growth,12.469381506429883,,,30 June 2020 to 30 June 2025,2020,2025,available,"2025 ERP is preliminary; historical estimated change, not a forecast.",,erp-growth-2020-2025-v1
206011106,transport_access,23.32583585734804,,,Morning access index; live snapshot retrieved 2026-09-08,,,available,Land-area-weighted average of the morning (8–9am) public transport access index over the part of this area the data covers. Not a commute time or access from a property.,1.0,ptal-area-weighted-mean-v1
206011106,green_space_per_resident,19.876546226470808,,,Undated unmaintained open-space inventory / 30 June 2025 ERP,,,available,"Public open space that is open and existing (parks and gardens, natural and semi-natural areas, recreation corridors and sports grounds), divided by 2025 population. It can include river and lake frontage recorded as open space, and does not show vegetation, park quality or walking access. The inventory has no publication date, and 2025 population is preliminary.",,open-space-public-filter-v1
206011107,rent_weekly,365,,,2021 Census,2021,2021,available,Historical reported rent; not current advertised rent.,,census-g02-direct-v2
206011107,population_growth,6.515656229180546,,,30 June 2020 to 30 June 2025,2020,2025,available,"2025 ERP is preliminary; historical estimated change, not a forecast.",,erp-growth-2020-2025-v1
206011107,transport_access,18.998719242961883,,,Morning access index; live snapshot retrieved 2026-09-08,,,available,Land-area-weighted average of the morning (8–9am) public transport access index over the part of this area the data covers. Not a commute time or access from a property.,1.0,ptal-area-weighted-mean-v1
206011107,green_space_per_resident,14.536485487833195,,,Undated unmaintained open-space inventory / 30 June 2025 ERP,,,available,"Public open space that is open and existing (parks and gardens, natural and semi-natural areas, recreation corridors and sports grounds), divided by 2025 population. It can include river and lake frontage recorded as open space, and does not show vegetation, park quality or walking access. The inventory has no publication date, and 2025 population is preliminary.",,open-space-public-filter-v1
206011109,rent_weekly,421,,,2021 Census,2021,2021,available,Historical reported rent; not current advertised rent.,,census-g02-direct-v2
206011109,population_growth,0.6552233296419343,,,30 June 2020 to 30 June 2025,2020,2025,available,"2025 ERP is preliminary; historical estimated change, not a forecast.",,erp-growth-2020-2025-v1
206011109,transport_access,13.80456184549326,,,Morning access index; live snapshot retrieved 2026-09-08,,,available,Land-area-weighted average of the morning (8–9am) public transport access index over the part of this area the data covers. Not a commute time or access from a property.,0.9999999999999962,ptal-area-weighted-mean-v1
206011109,green_space_per_resident,18.642690311162855,,,Undated unmaintained open-space inventory / 30 June 2025 ERP,,,available,"Public open space that is open and existing (parks and gardens, natural and semi-natural areas, recreation corridors and sports grounds), divided by 2025 population. It can include river and lake frontage recorded as open space, and does not show vegetation, park quality or walking access. The inventory has no publication date, and 2025 population is preliminary.",,open-space-public-filter-v1
206011495,rent_weekly,431,,,2021 Census,2021,2021,available,Historical reported rent; not current advertised rent.,,census-g02-direct-v2
206011495,population_growth,8.007646559048428,,,30 June 2020 to 30 June 2025,2020,2025,available,"2025 ERP is preliminary; historical estimated change, not a forecast.",,erp-growth-2020-2025-v1
206011495,transport_access,27.457832526367234,,,Morning access index; live snapshot retrieved 2026-09-08,,,available,Land-area-weighted average of the morning (8–9am) public transport access index over the part of this area the data covers. Not a commute time or access from a property.,1.0,ptal-area-weighted-mean-v1
206011495,green_space_per_resident,0.6969967673707034,,,Undated unmaintained open-space inventory / 30 June 2025 ERP,,,available,"Public open space that is open and existing (parks and gardens, natural and semi-natural areas, recreation corridors and sports grounds), divided by 2025 population. It can include river and lake frontage recorded as open space, and does not show vegetation, park quality or walking access. The inventory has no publication date, and 2025 population is preliminary.",,open-space-public-filter-v1
206011496,rent_weekly,450,,,2021 Census,2021,2021,available,Historical reported rent; not current advertised rent.,,census-g02-direct-v2
206011496,population_growth,7.945205479452055,,,30 June 2020 to 30 June 2025,2020,2025,available,"2025 ERP is preliminary; historical estimated change, not a forecast.",,erp-growth-2020-2025-v1
206011496,transport_access,25.521286678536,,,Morning access index; live snapshot retrieved 2026-09-08,,,available,Land-area-weighted average of the morning (8–9am) public transport access index over the part of this area the data covers. Not a commute time or access from a property.,0.999999999999992,ptal-area-weighted-mean-v1
206011496,green_space_per_resident,14.924636602331452,,,Undated unmaintained open-space inventory / 30 June 2025 ERP,,,available,"Public open space that is open and existing (parks and gardens, natural and semi-natural areas, recreation corridors and sports grounds), divided by 2025 population. It can include river and lake frontage recorded as open space, and does not show vegetation, park quality or walking access. The inventory has no publication date, and 2025 population is preliminary.",,open-space-public-filter-v1
206011497,rent_weekly,416,,,2021 Census,2021,2021,available,Historical reported rent; not current advertised rent.,,census-g02-direct-v2
206011497,population_growth,8.9860535243121,,,30 June 2020 to 30 June 2025,2020,2025,available,"2025 ERP is preliminary; historical estimated change, not a forecast.",,erp-growth-2020-2025-v1
206011497,transport_access,24.0634440653019,,,Morning access index; live snapshot retrieved 2026-09-08,,,available,Land-area-weighted average of the morning (8–9am) public transport access index over the part of this area the data covers. Not a commute time or access from a property.,0.9999999999999939,ptal-area-weighted-mean-v1
206011497,green_space_per_resident,28.96185735644653,,,Undated unmaintained open-space inventory / 30 June 2025 ERP,,,available,"Public open space that is open and existing (parks and gardens, natural and semi-natural areas, recreation corridors and sports grounds), divided by 2025 population. It can include river and lake frontage recorded as open space, and does not show vegetation, park quality or walking access. The inventory has no publication date, and 2025 population is preliminary.",,open-space-public-filter-v1
206011498,rent_weekly,450,,,2021 Census,2021,2021,available,Historical reported rent; not current advertised rent.,,census-g02-direct-v2
206011498,population_growth,3.2087034359292157,,,30 June 2020 to 30 June 2025,2020,2025,available,"2025 ERP is preliminary; historical estimated change, not a forecast.",,erp-growth-2020-2025-v1
206011498,transport_access,17.61378988658595,,,Morning access index; live snapshot retrieved 2026-09-08,,,available,Land-area-weighted average of the morning (8–9am) public transport access index over the part of this area the data covers. Not a commute time or access from a property.,1.0,ptal-area-weighted-mean-v1
206011498,green_space_per_resident,4.674822273005356,,,Undated unmaintained open-space inventory / 30 June 2025 ERP,,,available,"Public open space that is open and existing (parks and gardens, natural and semi-natural areas, recreation corridors and sports grounds), divided by 2025 population. It can include river and lake frontage recorded as open space, and does not show vegetation, park quality or walking access. The inventory has no publication date, and 2025 population is preliminary.",,open-space-public-filter-v1
206021110,rent_weekly,381,,,2021 Census,2021,2021,available,Historical reported rent; not current advertised rent.,,census-g02-direct-v2
206021110,population_growth,2.212203816313693,,,30 June 2020 to 30 June 2025,2020,2025,available,"2025 ERP is preliminary; historical estimated change, not a forecast.",,erp-growth-2020-2025-v1
206021110,transport_access,16.19408623229504,,,Morning access index; live snapshot retrieved 2026-09-08,,,available,Land-area-weighted average of the morning (8–9am) public transport access index over the part of this area the data covers. Not a commute time or access from a property.,0.9999999999999777,ptal-area-weighted-mean-v1
206021110,green_space_per_resident,26.16086811768025,,,Undated unmaintained open-space inventory / 30 June 2025 ERP,,,available,"Public open space that is open and existing (parks and gardens, natural and semi-natural areas, recreation corridors and sports grounds), divided by 2025 population. It can include river and lake frontage recorded as open space, and does not show vegetation, park quality or walking access. The inventory has no publication date, and 2025 population is preliminary.",,open-space-public-filter-v1
206021112,rent_weekly,396,,,2021 Census,2021,2021,available,Historical reported rent; not current advertised rent.,,census-g02-direct-v2
206021112,population_growth,2.238391187913698,,,30 June 2020 to 30 June 2025,2020,2025,available,"2025 ERP is preliminary; historical estimated change, not a forecast.",,erp-growth-2020-2025-v1
206021112,transport_access,17.993895979569764,,,Morning access index; live snapshot retrieved 2026-09-08,,,available,Land-area-weighted average of the morning (8–9am) public transport access index over the part of this area the data covers. Not a commute time or access from a property.,1.0,ptal-area-weighted-mean-v1
206021112,green_space_per_resident,22.873052847237055,,,Undated unmaintained open-space inventory / 30 June 2025 ERP,,,available,"Public open space that is open and existing (parks and gardens, natural and semi-natural areas, recreation corridors and sports grounds), divided by 2025 population. It can include river and lake frontage recorded as open space, and does not show vegetation, park quality or walking access. The inventory has no publication date, and 2025 population is preliminary.",,open-space-public-filter-v1
206021499,rent_weekly,461,,,2021 Census,2021,2021,available,Historical reported rent; not current advertised rent.,,census-g02-direct-v2
206021499,population_growth,-1.322375332138664,,,30 June 2020 to 30 June 2025,2020,2025,available,"2025 ERP is preliminary; historical estimated change, not a forecast.",,erp-growth-2020-2025-v1
206021499,transport_access,23.918121563814257,,,Morning access index; live snapshot retrieved 2026-09-08,,,available,Land-area-weighted average of the morning (8–9am) public transport access index over the part of this area the data covers. Not a commute time or access from a property.,0.999999999999992,ptal-area-weighted-mean-v1
206021499,green_space_per_resident,21.90431378577722,,,Undated unmaintained open-space inventory / 30 June 2025 ERP,,,available,"Public open space that is open and existing (parks and gardens, natural and semi-natural areas, recreation corridors and sports grounds), divided by 2025 population. It can include river and lake frontage recorded as open space, and does not show vegetation, park quality or walking access. The inventory has no publication date, and 2025 population is preliminary.",,open-space-public-filter-v1
206021500,rent_weekly,490,,,2021 Census,2021,2021,available,Historical reported rent; not current advertised rent.,,census-g02-direct-v2
206021500,population_growth,1.2767520896482043,,,30 June 2020 to 30 June 2025,2020,2025,available,"2025 ERP is preliminary; historical estimated change, not a forecast.",,erp-growth-2020-2025-v1
206021500,transport_access,24.28781855388002,,,Morning access index; live snapshot retrieved 2026-09-08,,,available,Land-area-weighted average of the morning (8–9am) public transport access index over the part of this area the data covers. Not a commute time or access from a property.,1.0,ptal-area-weighted-mean-v1
206021500,green_space_per_resident,21.766452389268753,,,Undated unmaintained open-space inventory / 30 June 2025 ERP,,,available,"Public open space that is open and existing (parks and gardens, natural and semi-natural areas, recreation corridors and sports grounds), divided by 2025 population. It can include river and lake frontage recorded as open space, and does not show vegetation, park quality or walking access. The inventory has no publication date, and 2025 population is preliminary.",,open-space-public-filter-v1
206031113,rent_weekly,370,,,2021 Census,2021,2021,available,Historical reported rent; not current advertised rent.,,census-g02-direct-v2
206031113,population_growth,3.8900152052711605,,,30 June 2020 to 30 June 2025,2020,2025,available,"2025 ERP is preliminary; historical estimated change, not a forecast.",,erp-growth-2020-2025-v1
206031113,transport_access,17.13865140169057,,,Morning access index; live snapshot retrieved 2026-09-08,,,available,Land-area-weighted average of the morning (8–9am) public transport access index over the part of this area the data covers. Not a commute time or access from a property.,0.999999999999984,ptal-area-weighted-mean-v1
206031113,green_space_per_resident,27.397088783962786,,,Undated unmaintained open-space inventory / 30 June 2025 ERP,,,available,"Public open space that is open and existing (parks and gardens, natural and semi-natural areas, recreation corridors and sports grounds), divided by 2025 population. It can include river and lake frontage recorded as open space, and does not show vegetation, park quality or walking access. The inventory has no publication date, and 2025 population is preliminary.",,open-space-public-filter-v1
206031115,rent_weekly,324,,,2021 Census,2021,2021,available,Historical reported rent; not current advertised rent.,,census-g02-direct-v2
206031115,population_growth,-3.2619279454722494,,,30 June 2020 to 30 June 2025,2020,2025,available,"2025 ERP is preliminary; historical estimated change, not a forecast.",,erp-growth-2020-2025-v1
206031115,transport_access,21.561626225225535,,,Morning access index; live snapshot retrieved 2026-09-08,,,available,Land-area-weighted average of the morning (8–9am) public transport access index over the part of this area the data covers. Not a commute time or access from a property.,0.9999999999999868,ptal-area-weighted-mean-v1
206031115,green_space_per_resident,16.468456133668756,,,Undated unmaintained open-space inventory / 30 June 2025 ERP,,,available,"Public open space that is open and existing (parks and gardens, natural and semi-natural areas, recreation corridors and sports grounds), divided by 2025 population. It can include river and lake frontage recorded as open space, and does not show vegetation, park quality or walking access. The inventory has no publication date, and 2025 population is preliminary.",,open-space-public-filter-v1
206031116,rent_weekly,400,,,2021 Census,2021,2021,available,Historical reported rent; not current advertised rent.,,census-g02-direct-v2
206031116,population_growth,7.969228920007212,,,30 June 2020 to 30 June 2025,2020,2025,available,"2025 ERP is preliminary; historical estimated change, not a forecast.",,erp-growth-2020-2025-v1
206031116,transport_access,21.753944913918613,,,Morning access index; live snapshot retrieved 2026-09-08,,,available,Land-area-weighted average of the morning (8–9am) public transport access index over the part of this area the data covers. Not a commute time or access from a property.,0.9999999999999966,ptal-area-weighted-mean-v1
206031116,green_space_per_resident,18.227535108075507,,,Undated unmaintained open-space inventory / 30 June 2025 ERP,,,available,"Public open space that is open and existing (parks and gardens, natural and semi-natural areas, recreation corridors and sports grounds), divided by 2025 population. It can include river and lake frontage recorded as open space, and does not show vegetation, park quality or walking access. The inventory has no publication date, and 2025 population is preliminary.",,open-space-public-filter-v1
206031501,rent_weekly,382,,,2021 Census,2021,2021,available,Historical reported rent; not current advertised rent.,,census-g02-direct-v2
206031501,population_growth,1.1761229314420805,,,30 June 2020 to 30 June 2025,2020,2025,available,"2025 ERP is preliminary; historical estimated change, not a forecast.",,erp-growth-2020-2025-v1
206031501,transport_access,13.215318818074609,,,Morning access index; live snapshot retrieved 2026-09-08,,,available,Land-area-weighted average of the morning (8–9am) public transport access index over the part of this area the data covers. Not a commute time or access from a property.,0.9999999999999939,ptal-area-weighted-mean-v1
206031501,green_space_per_resident,23.971812654217178,,,Undated unmaintained open-space inventory / 30 June 2025 ERP,,,available,"Public open space that is open and existing (parks and gardens, natural and semi-natural areas, recreation corridors and sports grounds), divided by 2025 population. It can include river and lake frontage recorded as open space, and does not show vegetation, park quality or walking access. The inventory has no publication date, and 2025 population is preliminary.",,open-space-public-filter-v1
206031502,rent_weekly,371,,,2021 Census,2021,2021,available,Historical reported rent; not current advertised rent.,,census-g02-direct-v2
206031502,population_growth,3.392619290135548,,,30 June 2020 to 30 June 2025,2020,2025,available,"2025 ERP is preliminary; historical estimated change, not a forecast.",,erp-growth-2020-2025-v1
206031502,transport_access,25.609821663670097,,,Morning access index; live snapshot retrieved 2026-09-08,,,available,Land-area-weighted average of the morning (8–9am) public transport access index over the part of this area the data covers. Not a commute time or access from a property.,1.0,ptal-area-weighted-mean-v1
206031502,green_space_per_resident,24.54344479549969,,,Undated unmaintained open-space inventory / 30 June 2025 ERP,,,available,"Public open space that is open and existing (parks and gardens, natural and semi-natural areas, recreation corridors and sports grounds), divided by 2025 population. It can include river and lake frontage recorded as open space, and does not show vegetation, park quality or walking access. The inventory has no publication date, and 2025 population is preliminary.",,open-space-public-filter-v1
206041117,rent_weekly,365,,,2021 Census,2021,2021,available,Historical reported rent; not current advertised rent.,,census-g02-direct-v2
206041117,population_growth,21.09753175173736,,,30 June 2020 to 30 June 2025,2020,2025,available,"2025 ERP is preliminary; historical estimated change, not a forecast.",,erp-growth-2020-2025-v1
206041117,transport_access,41.81820604886178,,,Morning access index; live snapshot retrieved 2026-09-08,,,available,Land-area-weighted average of the morning (8–9am) public transport access index over the part of this area the data covers. Not a commute time or access from a property.,0.999999999999953,ptal-area-weighted-mean-v1
206041117,green_space_per_resident,11.089526501894259,,,Undated unmaintained open-space inventory / 30 June 2025 ERP,,,available,"Public open space that is open and existing (parks and gardens, natural and semi-natural areas, recreation corridors and sports grounds), divided by 2025 population. It can include river and lake frontage recorded as open space, and does not show vegetation, park quality or walking access. The inventory has no publication date, and 2025 population is preliminary.",,open-space-public-filter-v1
206041118,rent_weekly,411,,,2021 Census,2021,2021,available,Historical reported rent; not current advertised rent.,,census-g02-direct-v2
206041118,population_growth,14.804150920760602,,,30 June 2020 to 30 June 2025,2020,2025,available,"2025 ERP is preliminary; historical estimated change, not a forecast.",,erp-growth-2020-2025-v1
206041118,transport_access,32.60727261929982,,,Morning access index; live snapshot retrieved 2026-09-08,,,available,Land-area-weighted average of the morning (8–9am) public transport access index over the part of this area the data covers. Not a commute time or access from a property.,0.9999999999999601,ptal-area-weighted-mean-v1
206041118,green_space_per_resident,33.9485250477835,,,Undated unmaintained open-space inventory / 30 June 2025 ERP,,,available,"Public open space that is open and existing (parks and gardens, natural and semi-natural areas, recreation corridors and sports grounds), divided by 2025 population. It can include river and lake frontage recorded as open space, and does not show vegetation, park quality or walking access. The inventory has no publication date, and 2025 population is preliminary.",,open-space-public-filter-v1
206041119,rent_weekly,480,,,2021 Census,2021,2021,available,Historical reported rent; not current advertised rent.,,census-g02-direct-v2
206041119,population_growth,-2.563626230726361,,,30 June 2020 to 30 June 2025,2020,2025,available,"2025 ERP is preliminary; historical estimated change, not a forecast.",,erp-growth-2020-2025-v1
206041119,transport_access,42.48085568290869,,,Morning access index; live snapshot retrieved 2026-09-08,,,available,Land-area-weighted average of the morning (8–9am) public transport access index over the part of this area the data covers. Not a commute time or access from a property.,1.0,ptal-area-weighted-mean-v1
206041119,green_space_per_resident,185.78943741236824,,,Undated unmaintained open-space inventory / 30 June 2025 ERP,,,available,"Public open space that is open and existing (parks and gardens, natural and semi-natural areas, recreation corridors and sports grounds), divided by 2025 population. It can include river and lake frontage recorded as open space, and does not show vegetation, park quality or walking access. The inventory has no publication date, and 2025 population is preliminary.",,open-space-public-filter-v1
206041120,rent_weekly,401,,,2021 Census,2021,2021,available,Historical reported rent; not current advertised rent.,,census-g02-direct-v2
206041120,population_growth,-3.7037037037037037,,,30 June 2020 to 30 June 2025,2020,2025,available,"2025 ERP is preliminary; historical estimated change, not a forecast.",,erp-growth-2020-2025-v1
206041120,transport_access,4.910271136261231,,,Morning access index; live snapshot retrieved 2026-09-08,,,available,Land-area-weighted average of the morning (8–9am) public transport access index over the part of this area the data covers. Not a commute time or access from a property.,1.0,ptal-area-weighted-mean-v1
206041120,green_space_per_resident,489.3391759680928,,,Undated unmaintained open-space inventory / 30 June 2025 ERP,,,available,"Public open space that is open and existing (parks and gardens, natural and semi-natural areas, recreation corridors and sports grounds), divided by 2025 population. It can include river and lake frontage recorded as open space, and does not show vegetation, park quality or walking access. The inventory has no publication date, and 2025 population is preliminary.",,open-space-public-filter-v1
206041121,rent_weekly,416,,,2021 Census,2021,2021,available,Historical reported rent; not current advertised rent.,,census-g02-direct-v2
206041121,population_growth,8.82095304835319,,,30 June 2020 to 30 June 2025,2020,2025,available,"2025 ERP is preliminary; historical estimated change, not a forecast.",,erp-growth-2020-2025-v1
206041121,transport_access,17.64861447359336,,,Morning access index; live snapshot retrieved 2026-09-08,,,available,Land-area-weighted average of the morning (8–9am) public transport access index over the part of this area the data covers. Not a commute time or access from a property.,0.999999999999902,ptal-area-weighted-mean-v1
206041121,green_space_per_resident,24.6913831138809,,,Undated unmaintained open-space inventory / 30 June 2025 ERP,,,available,"Public open space that is open and existing (parks and gardens, natural and semi-natural areas, recreation corridors and sports grounds), divided by 2025 population. It can include river and lake frontage recorded as open space, and does not show vegetation, park quality or walking access. The inventory has no publication date, and 2025 population is preliminary.",,open-space-public-filter-v1
206041124,rent_weekly,396,,,2021 Census,2021,2021,available,Historical reported rent; not current advertised rent.,,census-g02-direct-v2
206041124,population_growth,-0.45684058667949023,,,30 June 2020 to 30 June 2025,2020,2025,available,"2025 ERP is preliminary; historical estimated change, not a forecast.",,erp-growth-2020-2025-v1
206041124,transport_access,15.652085339737202,,,Morning access index; live snapshot retrieved 2026-09-08,,,available,Land-area-weighted average of the morning (8–9am) public transport access index over the part of this area the data covers. Not a commute time or access from a property.,1.0,ptal-area-weighted-mean-v1
206041124,green_space_per_resident,167.16781956637462,,,Undated unmaintained open-space inventory / 30 June 2025 ERP,,,available,"Public open space that is open and existing (parks and gardens, natural and semi-natural areas, recreation corridors and sports grounds), divided by 2025 population. It can include river and lake frontage recorded as open space, and does not show vegetation, park quality or walking access. The inventory has no publication date, and 2025 population is preliminary.",,open-space-public-filter-v1
206041125,rent_weekly,457,,,2021 Census,2021,2021,available,Historical reported rent; not current advertised rent.,,census-g02-direct-v2
206041125,population_growth,-0.9482758620689655,,,30 June 2020 to 30 June 2025,2020,2025,available,"2025 ERP is preliminary; historical estimated change, not a forecast.",,erp-growth-2020-2025-v1
206041125,transport_access,27.43831068206197,,,Morning access index; live snapshot retrieved 2026-09-08,,,available,Land-area-weighted average of the morning (8–9am) public transport access index over the part of this area the data covers. Not a commute time or access from a property.,0.9999999999999523,ptal-area-weighted-mean-v1
206041125,green_space_per_resident,59.85505176591415,,,Undated unmaintained open-space inventory / 30 June 2025 ERP,,,available,"Public open space that is open and existing (parks and gardens, natural and semi-natural areas, recreation corridors and sports grounds), divided by 2025 population. It can include river and lake frontage recorded as open space, and does not show vegetation, park quality or walking access. The inventory has no publication date, and 2025 population is preliminary.",,open-space-public-filter-v1
206041127,rent_weekly,,,,2021 Census,2021,2021,unavailable,Source G02 token is 0; median withheld. 2021 RNTD excludes zero rent and the area QuickStats reports no/very low population. This does not mean free rent.,,census-g02-direct-v2
206041127,population_growth,,,,30 June 2020 to 30 June 2025,2020,2025,unavailable,2020 population is zero/missing or 2025 population is missing; percentage change is undefined.,,erp-growth-2020-2025-v1
206041127,transport_access,3.7075396536068586,,,Morning access index; live snapshot retrieved 2026-09-08,,,available,Land-area-weighted average of the morning (8–9am) public transport access index over the part of this area the data covers. Not a commute time or access from a property.,1.0,ptal-area-weighted-mean-v1
206041127,green_space_per_resident,,,,Undated unmaintained open-space inventory / 30 June 2025 ERP,,,unavailable,"Zero/missing 2025 population; per-resident value undefined. Public open space that is open and existing (parks and gardens, natural and semi-natural areas, recreation corridors and sports grounds), divided by 2025 population. It can include river and lake frontage recorded as open space, and does not show vegetation, park quality or walking access. The inventory has no publication date, and 2025 population is preliminary.",,open-space-public-filter-v1
206041503,rent_weekly,375,,,2021 Census,2021,2021,available,Historical reported rent; not current advertised rent.,,census-g02-direct-v2
206041503,population_growth,15.551595658512879,,,30 June 2020 to 30 June 2025,2020,2025,available,"2025 ERP is preliminary; historical estimated change, not a forecast.",,erp-growth-2020-2025-v1
206041503,transport_access,97.50737049466859,,,Morning access index; live snapshot retrieved 2026-09-08,,,available,Land-area-weighted average of the morning (8–9am) public transport access index over the part of this area the data covers. Not a commute time or access from a property.,0.9999999999998901,ptal-area-weighted-mean-v1
206041503,green_space_per_resident,0.3902916689314321,,,Undated unmaintained open-space inventory / 30 June 2025 ERP,,,available,"Public open space that is open and existing (parks and gardens, natural and semi-natural areas, recreation corridors and sports grounds), divided by 2025 population. It can include river and lake frontage recorded as open space, and does not show vegetation, park quality or walking access. The inventory has no publication date, and 2025 population is preliminary.",,open-space-public-filter-v1
206041504,rent_weekly,361,,,2021 Census,2021,2021,available,Historical reported rent; not current advertised rent.,,census-g02-direct-v2
206041504,population_growth,26.83894544505351,,,30 June 2020 to 30 June 2025,2020,2025,available,"2025 ERP is preliminary; historical estimated change, not a forecast.",,erp-growth-2020-2025-v1
206041504,transport_access,88.32066947352932,,,Morning access index; live snapshot retrieved 2026-09-08,,,available,Land-area-weighted average of the morning (8–9am) public transport access index over the part of this area the data covers. Not a commute time or access from a property.,1.0,ptal-area-weighted-mean-v1
206041504,green_space_per_resident,0.276312979208413,,,Undated unmaintained open-space inventory / 30 June 2025 ERP,,,available,"Public open space that is open and existing (parks and gardens, natural and semi-natural areas, recreation corridors and sports grounds), divided by 2025 population. It can include river and lake frontage recorded as open space, and does not show vegetation, park quality or walking access. The inventory has no publication date, and 2025 population is preliminary.",,open-space-public-filter-v1
206041505,rent_weekly,376,,,2021 Census,2021,2021,available,Historical reported rent; not current advertised rent.,,census-g02-direct-v2
206041505,population_growth,17.913385826771652,,,30 June 2020 to 30 June 2025,2020,2025,available,"2025 ERP is preliminary; historical estimated change, not a forecast.",,erp-growth-2020-2025-v1
206041505,transport_access,109.45587499920539,,,Morning access index; live snapshot retrieved 2026-09-08,,,available,Land-area-weighted average of the morning (8–9am) public transport access index over the part of this area the data covers. Not a commute time or access from a property.,1.0,ptal-area-weighted-mean-v1
206041505,green_space_per_resident,3.3763371601835006,,,Undated unmaintained open-space inventory / 30 June 2025 ERP,,,available,"Public open space that is open and existing (parks and gardens, natural and semi-natural areas, recreation corridors and sports grounds), divided by 2025 population. It can include river and lake frontage recorded as open space, and does not show vegetation, park quality or walking access. The inventory has no publication date, and 2025 population is preliminary.",,open-space-public-filter-v1
206041506,rent_weekly,381,,,2021 Census,2021,2021,available,Historical reported rent; not current advertised rent.,,census-g02-direct-v2
206041506,population_growth,6.235540376776468,,,30 June 2020 to 30 June 2025,2020,2025,available,"2025 ERP is preliminary; historical estimated change, not a forecast.",,erp-growth-2020-2025-v1
206041506,transport_access,28.848999873941732,,,Morning access index; live snapshot retrieved 2026-09-08,,,available,Land-area-weighted average of the morning (8–9am) public transport access index over the part of this area the data covers. Not a commute time or access from a property.,1.0,ptal-area-weighted-mean-v1
206041506,green_space_per_resident,5.924202042379773,,,Undated unmaintained open-space inventory / 30 June 2025 ERP,,,available,"Public open space that is open and existing (parks and gardens, natural and semi-natural areas, recreation corridors and sports grounds), divided by 2025 population. It can include river and lake frontage recorded as open space, and does not show vegetation, park quality or walking access. The inventory has no publication date, and 2025 population is preliminary.",,open-space-public-filter-v1
206041507,rent_weekly,,,,2021 Census,2021,2021,unavailable,Source G02 token is 0; median withheld. 2021 RNTD excludes zero rent and the area QuickStats reports no/very low population. This does not mean free rent.,,census-g02-direct-v2
206041507,population_growth,,,,30 June 2020 to 30 June 2025,2020,2025,unavailable,2020 population is zero/missing or 2025 population is missing; percentage change is undefined.,,erp-growth-2020-2025-v1
206041507,transport_access,17.29259832285856,,,Morning access index; live snapshot retrieved 2026-09-08,,,available,Land-area-weighted average of the morning (8–9am) public transport access index over the part of this area the data covers. Not a commute time or access from a property.,1.0,ptal-area-weighted-mean-v1
206041507,green_space_per_resident,,,,Undated unmaintained open-space inventory / 30 June 2025 ERP,,,unavailable,"Zero/missing 2025 population; per-resident value undefined. Public open space that is open and existing (parks and gardens, natural and semi-natural areas, recreation corridors and sports grounds), divided by 2025 population. It can include river and lake frontage recorded as open space, and does not show vegetation, park quality or walking access. The inventory has no publication date, and 2025 population is preliminary.",,open-space-public-filter-v1
206041508,rent_weekly,430,,,2021 Census,2021,2021,available,Historical reported rent; not current advertised rent.,,census-g02-direct-v2
206041508,population_growth,7.561912329492783,,,30 June 2020 to 30 June 2025,2020,2025,available,"2025 ERP is preliminary; historical estimated change, not a forecast.",,erp-growth-2020-2025-v1
206041508,transport_access,40.7155285285586,,,Morning access index; live snapshot retrieved 2026-09-08,,,available,Land-area-weighted average of the morning (8–9am) public transport access index over the part of this area the data covers. Not a commute time or access from a property.,1.0,ptal-area-weighted-mean-v1
206041508,green_space_per_resident,11.302679007225963,,,Undated unmaintained open-space inventory / 30 June 2025 ERP,,,available,"Public open space that is open and existing (parks and gardens, natural and semi-natural areas, recreation corridors and sports grounds), divided by 2025 population. It can include river and lake frontage recorded as open space, and does not show vegetation, park quality or walking access. The inventory has no publication date, and 2025 population is preliminary.",,open-space-public-filter-v1
206041509,rent_weekly,408,,,2021 Census,2021,2021,available,Historical reported rent; not current advertised rent.,,census-g02-direct-v2
206041509,population_growth,12.984686506789945,,,30 June 2020 to 30 June 2025,2020,2025,available,"2025 ERP is preliminary; historical estimated change, not a forecast.",,erp-growth-2020-2025-v1
206041509,transport_access,36.52209934369204,,,Morning access index; live snapshot retrieved 2026-09-08,,,available,Land-area-weighted average of the morning (8–9am) public transport access index over the part of this area the data covers. Not a commute time or access from a property.,1.0,ptal-area-weighted-mean-v1
206041509,green_space_per_resident,0.4366494440654355,,,Undated unmaintained open-space inventory / 30 June 2025 ERP,,,available,"Public open space that is open and existing (parks and gardens, natural and semi-natural areas, recreation corridors and sports grounds), divided by 2025 population. It can include river and lake frontage recorded as open space, and does not show vegetation, park quality or walking access. The inventory has no publication date, and 2025 population is preliminary.",,open-space-public-filter-v1
206041510,rent_weekly,390,,,2021 Census,2021,2021,available,Historical reported rent; not current advertised rent.,,census-g02-direct-v2
206041510,population_growth,28.174970265627064,,,30 June 2020 to 30 June 2025,2020,2025,available,"2025 ERP is preliminary; historical estimated change, not a forecast.",,erp-growth-2020-2025-v1
206041510,transport_access,50.26302689593093,,,Morning access index; live snapshot retrieved 2026-09-08,,,available,Land-area-weighted average of the morning (8–9am) public transport access index over the part of this area the data covers. Not a commute time or access from a property.,0.9999999999998945,ptal-area-weighted-mean-v1
206041510,green_space_per_resident,8.939099372274068,,,Undated unmaintained open-space inventory / 30 June 2025 ERP,,,available,"Public open space that is open and existing (parks and gardens, natural and semi-natural areas, recreation corridors and sports grounds), divided by 2025 population. It can include river and lake frontage recorded as open space, and does not show vegetation, park quality or walking access. The inventory has no publication date, and 2025 population is preliminary.",,open-space-public-filter-v1
206051128,rent_weekly,493,,,2021 Census,2021,2021,available,Historical reported rent; not current advertised rent.,,census-g02-direct-v2
206051128,population_growth,1.7575936301975819,,,30 June 2020 to 30 June 2025,2020,2025,available,"2025 ERP is preliminary; historical estimated change, not a forecast.",,erp-growth-2020-2025-v1
206051128,transport_access,15.730563347618837,,,Morning access index; live snapshot retrieved 2026-09-08,,,available,Land-area-weighted average of the morning (8–9am) public transport access index over the part of this area the data covers. Not a commute time or access from a property.,0.9999976806589284,ptal-area-weighted-mean-v1
206051128,green_space_per_resident,91.26879811830818,,,Undated unmaintained open-space inventory / 30 June 2025 ERP,,,available,"Public open space that is open and existing (parks and gardens, natural and semi-natural areas, recreation corridors and sports grounds), divided by 2025 population. It can include river and lake frontage recorded as open space, and does not show vegetation, park quality or walking access. The inventory has no publication date, and 2025 population is preliminary.",,open-space-public-filter-v1
206051129,rent_weekly,415,,,2021 Census,2021,2021,available,Historical reported rent; not current advertised rent.,,census-g02-direct-v2
206051129,population_growth,0.8226059654631083,,,30 June 2020 to 30 June 2025,2020,2025,available,"2025 ERP is preliminary; historical estimated change, not a forecast.",,erp-growth-2020-2025-v1
206051129,transport_access,18.262744398108172,,,Morning access index; live snapshot retrieved 2026-09-08,,,available,Land-area-weighted average of the morning (8–9am) public transport access index over the part of this area the data covers. Not a commute time or access from a property.,0.9999999999999958,ptal-area-weighted-mean-v1
206051129,green_space_per_resident,22.754007234494562,,,Undated unmaintained open-space inventory / 30 June 2025 ERP,,,available,"Public open space that is open and existing (parks and gardens, natural and semi-natural areas, recreation corridors and sports grounds), divided by 2025 population. It can include river and lake frontage recorded as open space, and does not show vegetation, park quality or walking access. The inventory has no publication date, and 2025 population is preliminary.",,open-space-public-filter-v1
206051130,rent_weekly,522,,,2021 Census,2021,2021,available,Historical reported rent; not current advertised rent.,,census-g02-direct-v2
206051130,population_growth,-0.41769619955288856,,,30 June 2020 to 30 June 2025,2020,2025,available,"2025 ERP is preliminary; historical estimated change, not a forecast.",,erp-growth-2020-2025-v1
206051130,transport_access,15.232733394223612,,,Morning access index; live snapshot retrieved 2026-09-08,,,available,Land-area-weighted average of the morning (8–9am) public transport access index over the part of this area the data covers. Not a commute time or access from a property.,0.9688294008545675,ptal-area-weighted-mean-v1
206051130,green_space_per_resident,29.432393104717455,,,Undated unmaintained open-space inventory / 30 June 2025 ERP,,,available,"Public open space that is open and existing (parks and gardens, natural and semi-natural areas, recreation corridors and sports grounds), divided by 2025 population. It can include river and lake frontage recorded as open space, and does not show vegetation, park quality or walking access. The inventory has no publication date, and 2025 population is preliminary.",,open-space-public-filter-v1
206051134,rent_weekly,384,,,2021 Census,2021,2021,available,Historical reported rent; not current advertised rent.,,census-g02-direct-v2
206051134,population_growth,0.7010834926704907,,,30 June 2020 to 30 June 2025,2020,2025,available,"2025 ERP is preliminary; historical estimated change, not a forecast.",,erp-growth-2020-2025-v1
206051134,transport_access,23.228686988356806,,,Morning access index; live snapshot retrieved 2026-09-08,,,available,Land-area-weighted average of the morning (8–9am) public transport access index over the part of this area the data covers. Not a commute time or access from a property.,1.0,ptal-area-weighted-mean-v1
206051134,green_space_per_resident,6.133339931782874,,,Undated unmaintained open-space inventory / 30 June 2025 ERP,,,available,"Public open space that is open and existing (parks and gardens, natural and semi-natural areas, recreation corridors and sports grounds), divided by 2025 population. It can include river and lake frontage recorded as open space, and does not show vegetation, park quality or walking access. The inventory has no publication date, and 2025 population is preliminary.",,open-space-public-filter-v1
206051511,rent_weekly,585,,,2021 Census,2021,2021,available,Historical reported rent; not current advertised rent.,,census-g02-direct-v2
206051511,population_growth,84.20128730251609,,,30 June 2020 to 30 June 2025,2020,2025,available,"2025 ERP is preliminary; historical estimated change, not a forecast.",,erp-growth-2020-2025-v1
206051511,transport_access,6.58293287988317,,,Morning access index; live snapshot retrieved 2026-09-08,,,available,Land-area-weighted average of the morning (8–9am) public transport access index over the part of this area the data covers. Not a commute time or access from a property.,0.9916477821786811,ptal-area-weighted-mean-v1
206051511,green_space_per_resident,248.30559813337138,,,Undated unmaintained open-space inventory / 30 June 2025 ERP,,,available,"Public open space that is open and existing (parks and gardens, natural and semi-natural areas, recreation corridors and sports grounds), divided by 2025 population. It can include river and lake frontage recorded as open space, and does not show vegetation, park quality or walking access. The inventory has no publication date, and 2025 population is preliminary.",,open-space-public-filter-v1
206051512,rent_weekly,421,,,2021 Census,2021,2021,available,Historical reported rent; not current advertised rent.,,census-g02-direct-v2
206051512,population_growth,3.230878075622986,,,30 June 2020 to 30 June 2025,2020,2025,available,"2025 ERP is preliminary; historical estimated change, not a forecast.",,erp-growth-2020-2025-v1
206051512,transport_access,27.900259021561677,,,Morning access index; live snapshot retrieved 2026-09-08,,,available,Land-area-weighted average of the morning (8–9am) public transport access index over the part of this area the data covers. Not a commute time or access from a property.,0.9999999999999192,ptal-area-weighted-mean-v1
206051512,green_space_per_resident,2.9499695334456932,,,Undated unmaintained open-space inventory / 30 June 2025 ERP,,,available,"Public open space that is open and existing (parks and gardens, natural and semi-natural areas, recreation corridors and sports grounds), divided by 2025 population. It can include river and lake frontage recorded as open space, and does not show vegetation, park quality or walking access. The inventory has no publication date, and 2025 population is preliminary.",,open-space-public-filter-v1
206051513,rent_weekly,381,,,2021 Census,2021,2021,available,Historical reported rent; not current advertised rent.,,census-g02-direct-v2
206051513,population_growth,4.723467862481315,,,30 June 2020 to 30 June 2025,2020,2025,available,"2025 ERP is preliminary; historical estimated change, not a forecast.",,erp-growth-2020-2025-v1
206051513,transport_access,34.59974780766686,,,Morning access index; live snapshot retrieved 2026-09-08,,,available,Land-area-weighted average of the morning (8–9am) public transport access index over the part of this area the data covers. Not a commute time or access from a property.,0.9999999999999837,ptal-area-weighted-mean-v1
206051513,green_space_per_resident,5.4052461345021365,,,Undated unmaintained open-space inventory / 30 June 2025 ERP,,,available,"Public open space that is open and existing (parks and gardens, natural and semi-natural areas, recreation corridors and sports grounds), divided by 2025 population. It can include river and lake frontage recorded as open space, and does not show vegetation, park quality or walking access. The inventory has no publication date, and 2025 population is preliminary.",,open-space-public-filter-v1
206051514,rent_weekly,392,,,2021 Census,2021,2021,available,Historical reported rent; not current advertised rent.,,census-g02-direct-v2
206051514,population_growth,4.1538854805725975,,,30 June 2020 to 30 June 2025,2020,2025,available,"2025 ERP is preliminary; historical estimated change, not a forecast.",,erp-growth-2020-2025-v1
206051514,transport_access,26.299277658568133,,,Morning access index; live snapshot retrieved 2026-09-08,,,available,Land-area-weighted average of the morning (8–9am) public transport access index over the part of this area the data covers. Not a commute time or access from a property.,0.9999811030769293,ptal-area-weighted-mean-v1
206051514,green_space_per_resident,39.26185488972298,,,Undated unmaintained open-space inventory / 30 June 2025 ERP,,,available,"Public open space that is open and existing (parks and gardens, natural and semi-natural areas, recreation corridors and sports grounds), divided by 2025 population. It can include river and lake frontage recorded as open space, and does not show vegetation, park quality or walking access. The inventory has no publication date, and 2025 population is preliminary.",,open-space-public-filter-v1
206061135,rent_weekly,421,,,2021 Census,2021,2021,available,Historical reported rent; not current advertised rent.,,census-g02-direct-v2
206061135,population_growth,-0.4267990074441687,,,30 June 2020 to 30 June 2025,2020,2025,available,"2025 ERP is preliminary; historical estimated change, not a forecast.",,erp-growth-2020-2025-v1
206061135,transport_access,33.370942061034945,,,Morning access index; live snapshot retrieved 2026-09-08,,,available,Land-area-weighted average of the morning (8–9am) public transport access index over the part of this area the data covers. Not a commute time or access from a property.,0.9999999999999878,ptal-area-weighted-mean-v1
206061135,green_space_per_resident,5.198976616745643,,,Undated unmaintained open-space inventory / 30 June 2025 ERP,,,available,"Public open space that is open and existing (parks and gardens, natural and semi-natural areas, recreation corridors and sports grounds), divided by 2025 population. It can include river and lake frontage recorded as open space, and does not show vegetation, park quality or walking access. The inventory has no publication date, and 2025 population is preliminary.",,open-space-public-filter-v1
206061136,rent_weekly,421,,,2021 Census,2021,2021,available,Historical reported rent; not current advertised rent.,,census-g02-direct-v2
206061136,population_growth,1.2711661150285414,,,30 June 2020 to 30 June 2025,2020,2025,available,"2025 ERP is preliminary; historical estimated change, not a forecast.",,erp-growth-2020-2025-v1
206061136,transport_access,33.039198144622674,,,Morning access index; live snapshot retrieved 2026-09-08,,,available,Land-area-weighted average of the morning (8–9am) public transport access index over the part of this area the data covers. Not a commute time or access from a property.,0.9999999999999755,ptal-area-weighted-mean-v1
206061136,green_space_per_resident,6.681935505361052,,,Undated unmaintained open-space inventory / 30 June 2025 ERP,,,available,"Public open space that is open and existing (parks and gardens, natural and semi-natural areas, recreation corridors and sports grounds), divided by 2025 population. It can include river and lake frontage recorded as open space, and does not show vegetation, park quality or walking access. The inventory has no publication date, and 2025 population is preliminary.",,open-space-public-filter-v1
206061138,rent_weekly,490,,,2021 Census,2021,2021,available,Historical reported rent; not current advertised rent.,,census-g02-direct-v2
206061138,population_growth,-0.24919378481383758,,,30 June 2020 to 30 June 2025,2020,2025,available,"2025 ERP is preliminary; historical estimated change, not a forecast.",,erp-growth-2020-2025-v1
206061138,transport_access,18.081832778377134,,,Morning access index; live snapshot retrieved 2026-09-08,,,available,Land-area-weighted average of the morning (8–9am) public transport access index over the part of this area the data covers. Not a commute time or access from a property.,1.0,ptal-area-weighted-mean-v1
206061138,green_space_per_resident,7.409024216682447,,,Undated unmaintained open-space inventory / 30 June 2025 ERP,,,available,"Public open space that is open and existing (parks and gardens, natural and semi-natural areas, recreation corridors and sports grounds), divided by 2025 population. It can include river and lake frontage recorded as open space, and does not show vegetation, park quality or walking access. The inventory has no publication date, and 2025 population is preliminary.",,open-space-public-filter-v1
206061515,rent_weekly,426,,,2021 Census,2021,2021,available,Historical reported rent; not current advertised rent.,,census-g02-direct-v2
206061515,population_growth,12.7300989937004,,,30 June 2020 to 30 June 2025,2020,2025,available,"2025 ERP is preliminary; historical estimated change, not a forecast.",,erp-growth-2020-2025-v1
206061515,transport_access,26.161577338950195,,,Morning access index; live snapshot retrieved 2026-09-08,,,available,Land-area-weighted average of the morning (8–9am) public transport access index over the part of this area the data covers. Not a commute time or access from a property.,0.9999999999999383,ptal-area-weighted-mean-v1
206061515,green_space_per_resident,16.389522730028816,,,Undated unmaintained open-space inventory / 30 June 2025 ERP,,,available,"Public open space that is open and existing (parks and gardens, natural and semi-natural areas, recreation corridors and sports grounds), divided by 2025 population. It can include river and lake frontage recorded as open space, and does not show vegetation, park quality or walking access. The inventory has no publication date, and 2025 population is preliminary.",,open-space-public-filter-v1
206061516,rent_weekly,395,,,2021 Census,2021,2021,available,Historical reported rent; not current advertised rent.,,census-g02-direct-v2
206061516,population_growth,-7.487815684536996,,,30 June 2020 to 30 June 2025,2020,2025,available,"2025 ERP is preliminary; historical estimated change, not a forecast.",,erp-growth-2020-2025-v1
206061516,transport_access,34.01250811375153,,,Morning access index; live snapshot retrieved 2026-09-08,,,available,Land-area-weighted average of the morning (8–9am) public transport access index over the part of this area the data covers. Not a commute time or access from a property.,1.0,ptal-area-weighted-mean-v1
206061516,green_space_per_resident,2.758637179770662,,,Undated unmaintained open-space inventory / 30 June 2025 ERP,,,available,"Public open space that is open and existing (parks and gardens, natural and semi-natural areas, recreation corridors and sports grounds), divided by 2025 population. It can include river and lake frontage recorded as open space, and does not show vegetation, park quality or walking access. The inventory has no publication date, and 2025 population is preliminary.",,open-space-public-filter-v1
206071139,rent_weekly,425,,,2021 Census,2021,2021,available,Historical reported rent; not current advertised rent.,,census-g02-direct-v2
206071139,population_growth,6.658395368072788,,,30 June 2020 to 30 June 2025,2020,2025,available,"2025 ERP is preliminary; historical estimated change, not a forecast.",,erp-growth-2020-2025-v1
206071139,transport_access,22.88920528406035,,,Morning access index; live snapshot retrieved 2026-09-08,,,available,Land-area-weighted average of the morning (8–9am) public transport access index over the part of this area the data covers. Not a commute time or access from a property.,1.0,ptal-area-weighted-mean-v1
206071139,green_space_per_resident,26.31116019604818,,,Undated unmaintained open-space inventory / 30 June 2025 ERP,,,available,"Public open space that is open and existing (parks and gardens, natural and semi-natural areas, recreation corridors and sports grounds), divided by 2025 population. It can include river and lake frontage recorded as open space, and does not show vegetation, park quality or walking access. The inventory has no publication date, and 2025 population is preliminary.",,open-space-public-filter-v1
206071140,rent_weekly,541,,,2021 Census,2021,2021,available,Historical reported rent; not current advertised rent.,,census-g02-direct-v2
206071140,population_growth,-0.797842454208338,,,30 June 2020 to 30 June 2025,2020,2025,available,"2025 ERP is preliminary; historical estimated change, not a forecast.",,erp-growth-2020-2025-v1
206071140,transport_access,20.417980963950995,,,Morning access index; live snapshot retrieved 2026-09-08,,,available,Land-area-weighted average of the morning (8–9am) public transport access index over the part of this area the data covers. Not a commute time or access from a property.,1.0,ptal-area-weighted-mean-v1
206071140,green_space_per_resident,42.743189754937674,,,Undated unmaintained open-space inventory / 30 June 2025 ERP,,,available,"Public open space that is open and existing (parks and gardens, natural and semi-natural areas, recreation corridors and sports grounds), divided by 2025 population. It can include river and lake frontage recorded as open space, and does not show vegetation, park quality or walking access. The inventory has no publication date, and 2025 population is preliminary.",,open-space-public-filter-v1
206071141,rent_weekly,425,,,2021 Census,2021,2021,available,Historical reported rent; not current advertised rent.,,census-g02-direct-v2
206071141,population_growth,14.18397030795466,,,30 June 2020 to 30 June 2025,2020,2025,available,"2025 ERP is preliminary; historical estimated change, not a forecast.",,erp-growth-2020-2025-v1
206071141,transport_access,29.36626101321773,,,Morning access index; live snapshot retrieved 2026-09-08,,,available,Land-area-weighted average of the morning (8–9am) public transport access index over the part of this area the data covers. Not a commute time or access from a property.,1.0,ptal-area-weighted-mean-v1
206071141,green_space_per_resident,0.30411491818234454,,,Undated unmaintained open-space inventory / 30 June 2025 ERP,,,available,"Public open space that is open and existing (parks and gardens, natural and semi-natural areas, recreation corridors and sports grounds), divided by 2025 population. It can include river and lake frontage recorded as open space, and does not show vegetation, park quality or walking access. The inventory has no publication date, and 2025 population is preliminary.",,open-space-public-filter-v1
206071142,rent_weekly,451,,,2021 Census,2021,2021,available,Historical reported rent; not current advertised rent.,,census-g02-direct-v2
206071142,population_growth,7.398884857066997,,,30 June 2020 to 30 June 2025,2020,2025,available,"2025 ERP is preliminary; historical estimated change, not a forecast.",,erp-growth-2020-2025-v1
206071142,transport_access,38.58783482146541,,,Morning access index; live snapshot retrieved 2026-09-08,,,available,Land-area-weighted average of the morning (8–9am) public transport access index over the part of this area the data covers. Not a commute time or access from a property.,0.9999999999999841,ptal-area-weighted-mean-v1
206071142,green_space_per_resident,1.7412561807068168,,,Undated unmaintained open-space inventory / 30 June 2025 ERP,,,available,"Public open space that is open and existing (parks and gardens, natural and semi-natural areas, recreation corridors and sports grounds), divided by 2025 population. It can include river and lake frontage recorded as open space, and does not show vegetation, park quality or walking access. The inventory has no publication date, and 2025 population is preliminary.",,open-space-public-filter-v1
206071143,rent_weekly,481,,,2021 Census,2021,2021,available,Historical reported rent; not current advertised rent.,,census-g02-direct-v2
206071143,population_growth,0.6589062156819679,,,30 June 2020 to 30 June 2025,2020,2025,available,"2025 ERP is preliminary; historical estimated change, not a forecast.",,erp-growth-2020-2025-v1
206071143,transport_access,30.59085722502047,,,Morning access index; live snapshot retrieved 2026-09-08,,,available,Land-area-weighted average of the morning (8–9am) public transport access index over the part of this area the data covers. Not a commute time or access from a property.,0.9999999999999725,ptal-area-weighted-mean-v1
206071143,green_space_per_resident,22.051808866400176,,,Undated unmaintained open-space inventory / 30 June 2025 ERP,,,available,"Public open space that is open and existing (parks and gardens, natural and semi-natural areas, recreation corridors and sports grounds), divided by 2025 population. It can include river and lake frontage recorded as open space, and does not show vegetation, park quality or walking access. The inventory has no publication date, and 2025 population is preliminary.",,open-space-public-filter-v1
206071145,rent_weekly,500,,,2021 Census,2021,2021,available,Historical reported rent; not current advertised rent.,,census-g02-direct-v2
206071145,population_growth,12.35855554462265,,,30 June 2020 to 30 June 2025,2020,2025,available,"2025 ERP is preliminary; historical estimated change, not a forecast.",,erp-growth-2020-2025-v1
206071145,transport_access,8.774623948284592,,,Morning access index; live snapshot retrieved 2026-09-08,,,available,Land-area-weighted average of the morning (8–9am) public transport access index over the part of this area the data covers. Not a commute time or access from a property.,1.0,ptal-area-weighted-mean-v1
206071145,green_space_per_resident,144.10609993988817,,,Undated unmaintained open-space inventory / 30 June 2025 ERP,,,available,"Public open space that is open and existing (parks and gardens, natural and semi-natural areas, recreation corridors and sports grounds), divided by 2025 population. It can include river and lake frontage recorded as open space, and does not show vegetation, park quality or walking access. The inventory has no publication date, and 2025 population is preliminary.",,open-space-public-filter-v1
206071517,rent_weekly,508,,,2021 Census,2021,2021,available,Historical reported rent; not current advertised rent.,,census-g02-direct-v2
206071517,population_growth,1.5637381795129166,,,30 June 2020 to 30 June 2025,2020,2025,available,"2025 ERP is preliminary; historical estimated change, not a forecast.",,erp-growth-2020-2025-v1
206071517,transport_access,24.747701260031587,,,Morning access index; live snapshot retrieved 2026-09-08,,,available,Land-area-weighted average of the morning (8–9am) public transport access index over the part of this area the data covers. Not a commute time or access from a property.,0.99999999999999,ptal-area-weighted-mean-v1
206071517,green_space_per_resident,33.27386361813152,,,Undated unmaintained open-space inventory / 30 June 2025 ERP,,,available,"Public open space that is open and existing (parks and gardens, natural and semi-natural areas, recreation corridors and sports grounds), divided by 2025 population. It can include river and lake frontage recorded as open space, and does not show vegetation, park quality or walking access. The inventory has no publication date, and 2025 population is preliminary.",,open-space-public-filter-v1
206071518,rent_weekly,400,,,2021 Census,2021,2021,available,Historical reported rent; not current advertised rent.,,census-g02-direct-v2
206071518,population_growth,1.8502495840266222,,,30 June 2020 to 30 June 2025,2020,2025,available,"2025 ERP is preliminary; historical estimated change, not a forecast.",,erp-growth-2020-2025-v1
206071518,transport_access,24.596219424610663,,,Morning access index; live snapshot retrieved 2026-09-08,,,available,Land-area-weighted average of the morning (8–9am) public transport access index over the part of this area the data covers. Not a commute time or access from a property.,0.9999999999999968,ptal-area-weighted-mean-v1
206071518,green_space_per_resident,4.772975533925614,,,Undated unmaintained open-space inventory / 30 June 2025 ERP,,,available,"Public open space that is open and existing (parks and gardens, natural and semi-natural areas, recreation corridors and sports grounds), divided by 2025 population. It can include river and lake frontage recorded as open space, and does not show vegetation, park quality or walking access. The inventory has no publication date, and 2025 population is preliminary.",,open-space-public-filter-v1
207011146,rent_weekly,455,,,2021 Census,2021,2021,available,Historical reported rent; not current advertised rent.,,census-g02-direct-v2
207011146,population_growth,1.9496931038632808,,,30 June 2020 to 30 June 2025,2020,2025,available,"2025 ERP is preliminary; historical estimated change, not a forecast.",,erp-growth-2020-2025-v1
207011146,transport_access,10.911468929349097,,,Morning access index; live snapshot retrieved 2026-09-08,,,available,Land-area-weighted average of the morning (8–9am) public transport access index over the part of this area the data covers. Not a commute time or access from a property.,0.9999999999999979,ptal-area-weighted-mean-v1
207011146,green_space_per_resident,32.002154469630575,,,Undated unmaintained open-space inventory / 30 June 2025 ERP,,,available,"Public open space that is open and existing (parks and gardens, natural and semi-natural areas, recreation corridors and sports grounds), divided by 2025 population. It can include river and lake frontage recorded as open space, and does not show vegetation, park quality or walking access. The inventory has no publication date, and 2025 population is preliminary.",,open-space-public-filter-v1
207011147,rent_weekly,461,,,2021 Census,2021,2021,available,Historical reported rent; not current advertised rent.,,census-g02-direct-v2
207011147,population_growth,-0.9570782690388115,,,30 June 2020 to 30 June 2025,2020,2025,available,"2025 ERP is preliminary; historical estimated change, not a forecast.",,erp-growth-2020-2025-v1
207011147,transport_access,10.433389279466223,,,Morning access index; live snapshot retrieved 2026-09-08,,,available,Land-area-weighted average of the morning (8–9am) public transport access index over the part of this area the data covers. Not a commute time or access from a property.,0.9999999999999881,ptal-area-weighted-mean-v1
207011147,green_space_per_resident,18.024282577925682,,,Undated unmaintained open-space inventory / 30 June 2025 ERP,,,available,"Public open space that is open and existing (parks and gardens, natural and semi-natural areas, recreation corridors and sports grounds), divided by 2025 population. It can include river and lake frontage recorded as open space, and does not show vegetation, park quality or walking access. The inventory has no publication date, and 2025 population is preliminary.",,open-space-public-filter-v1
207011148,rent_weekly,554,,,2021 Census,2021,2021,available,Historical reported rent; not current advertised rent.,,census-g02-direct-v2
207011148,population_growth,2.389420884632923,,,30 June 2020 to 30 June 2025,2020,2025,available,"2025 ERP is preliminary; historical estimated change, not a forecast.",,erp-growth-2020-2025-v1
207011148,transport_access,10.50171959387267,,,Morning access index; live snapshot retrieved 2026-09-08,,,available,Land-area-weighted average of the morning (8–9am) public transport access index over the part of this area the data covers. Not a commute time or access from a property.,0.9999999999999977,ptal-area-weighted-mean-v1
207011148,green_space_per_resident,46.43272760998745,,,Undated unmaintained open-space inventory / 30 June 2025 ERP,,,available,"Public open space that is open and existing (parks and gardens, natural and semi-natural areas, recreation corridors and sports grounds), divided by 2025 population. It can include river and lake frontage recorded as open space, and does not show vegetation, park quality or walking access. The inventory has no publication date, and 2025 population is preliminary.",,open-space-public-filter-v1
207011149,rent_weekly,490,,,2021 Census,2021,2021,available,Historical reported rent; not current advertised rent.,,census-g02-direct-v2
207011149,population_growth,-2.4420456556361705,,,30 June 2020 to 30 June 2025,2020,2025,available,"2025 ERP is preliminary; historical estimated change, not a forecast.",,erp-growth-2020-2025-v1
207011149,transport_access,16.54781056916362,,,Morning access index; live snapshot retrieved 2026-09-08,,,available,Land-area-weighted average of the morning (8–9am) public transport access index over the part of this area the data covers. Not a commute time or access from a property.,1.0,ptal-area-weighted-mean-v1
207011149,green_space_per_resident,19.761269254604443,,,Undated unmaintained open-space inventory / 30 June 2025 ERP,,,available,"Public open space that is open and existing (parks and gardens, natural and semi-natural areas, recreation corridors and sports grounds), divided by 2025 population. It can include river and lake frontage recorded as open space, and does not show vegetation, park quality or walking access. The inventory has no publication date, and 2025 population is preliminary.",,open-space-public-filter-v1
207011150,rent_weekly,522,,,2021 Census,2021,2021,available,Historical reported rent; not current advertised rent.,,census-g02-direct-v2
207011150,population_growth,1.5827338129496402,,,30 June 2020 to 30 June 2025,2020,2025,available,"2025 ERP is preliminary; historical estimated change, not a forecast.",,erp-growth-2020-2025-v1
207011150,transport_access,10.382860841340714,,,Morning access index; live snapshot retrieved 2026-09-08,,,available,Land-area-weighted average of the morning (8–9am) public transport access index over the part of this area the data covers. Not a commute time or access from a property.,1.0,ptal-area-weighted-mean-v1
207011150,green_space_per_resident,32.08593755553522,,,Undated unmaintained open-space inventory / 30 June 2025 ERP,,,available,"Public open space that is open and existing (parks and gardens, natural and semi-natural areas, recreation corridors and sports grounds), divided by 2025 population. It can include river and lake frontage recorded as open space, and does not show vegetation, park quality or walking access. The inventory has no publication date, and 2025 population is preliminary.",,open-space-public-filter-v1
207011152,rent_weekly,411,,,2021 Census,2021,2021,available,Historical reported rent; not current advertised rent.,,census-g02-direct-v2
207011152,population_growth,5.048508803449515,,,30 June 2020 to 30 June 2025,2020,2025,available,"2025 ERP is preliminary; historical estimated change, not a forecast.",,erp-growth-2020-2025-v1
207011152,transport_access,14.449015369389443,,,Morning access index; live snapshot retrieved 2026-09-08,,,available,Land-area-weighted average of the morning (8–9am) public transport access index over the part of this area the data covers. Not a commute time or access from a property.,1.0,ptal-area-weighted-mean-v1
207011152,green_space_per_resident,16.46313049837658,,,Undated unmaintained open-space inventory / 30 June 2025 ERP,,,available,"Public open space that is open and existing (parks and gardens, natural and semi-natural areas, recreation corridors and sports grounds), divided by 2025 population. It can include river and lake frontage recorded as open space, and does not show vegetation, park quality or walking access. The inventory has no publication date, and 2025 population is preliminary.",,open-space-public-filter-v1
207011154,rent_weekly,466,,,2021 Census,2021,2021,available,Historical reported rent; not current advertised rent.,,census-g02-direct-v2
207011154,population_growth,-0.35382574082264484,,,30 June 2020 to 30 June 2025,2020,2025,available,"2025 ERP is preliminary; historical estimated change, not a forecast.",,erp-growth-2020-2025-v1
207011154,transport_access,10.279340136971749,,,Morning access index; live snapshot retrieved 2026-09-08,,,available,Land-area-weighted average of the morning (8–9am) public transport access index over the part of this area the data covers. Not a commute time or access from a property.,1.0,ptal-area-weighted-mean-v1
207011154,green_space_per_resident,79.94999762218023,,,Undated unmaintained open-space inventory / 30 June 2025 ERP,,,available,"Public open space that is open and existing (parks and gardens, natural and semi-natural areas, recreation corridors and sports grounds), divided by 2025 population. It can include river and lake frontage recorded as open space, and does not show vegetation, park quality or walking access. The inventory has no publication date, and 2025 population is preliminary.",,open-space-public-filter-v1
207011155,rent_weekly,475,,,2021 Census,2021,2021,available,Historical reported rent; not current advertised rent.,,census-g02-direct-v2
207011155,population_growth,-3.318241391635887,,,30 June 2020 to 30 June 2025,2020,2025,available,"2025 ERP is preliminary; historical estimated change, not a forecast.",,erp-growth-2020-2025-v1
207011155,transport_access,13.719043549178517,,,Morning access index; live snapshot retrieved 2026-09-08,,,available,Land-area-weighted average of the morning (8–9am) public transport access index over the part of this area the data covers. Not a commute time or access from a property.,1.0,ptal-area-weighted-mean-v1
207011155,green_space_per_resident,15.900490514211338,,,Undated unmaintained open-space inventory / 30 June 2025 ERP,,,available,"Public open space that is open and existing (parks and gardens, natural and semi-natural areas, recreation corridors and sports grounds), divided by 2025 population. It can include river and lake frontage recorded as open space, and does not show vegetation, park quality or walking access. The inventory has no publication date, and 2025 population is preliminary.",,open-space-public-filter-v1
207011519,rent_weekly,401,,,2021 Census,2021,2021,available,Historical reported rent; not current advertised rent.,,census-g02-direct-v2
207011519,population_growth,0.4419075676670963,,,30 June 2020 to 30 June 2025,2020,2025,available,"2025 ERP is preliminary; historical estimated change, not a forecast.",,erp-growth-2020-2025-v1
207011519,transport_access,15.471163438431187,,,Morning access index; live snapshot retrieved 2026-09-08,,,available,Land-area-weighted average of the morning (8–9am) public transport access index over the part of this area the data covers. Not a commute time or access from a property.,0.9999999999999452,ptal-area-weighted-mean-v1
207011519,green_space_per_resident,23.998320667566446,,,Undated unmaintained open-space inventory / 30 June 2025 ERP,,,available,"Public open space that is open and existing (parks and gardens, natural and semi-natural areas, recreation corridors and sports grounds), divided by 2025 population. It can include river and lake frontage recorded as open space, and does not show vegetation, park quality or walking access. The inventory has no publication date, and 2025 population is preliminary.",,open-space-public-filter-v1
207011520,rent_weekly,400,,,2021 Census,2021,2021,available,Historical reported rent; not current advertised rent.,,census-g02-direct-v2
207011520,population_growth,1.5119760479041917,,,30 June 2020 to 30 June 2025,2020,2025,available,"2025 ERP is preliminary; historical estimated change, not a forecast.",,erp-growth-2020-2025-v1
207011520,transport_access,19.148793493191153,,,Morning access index; live snapshot retrieved 2026-09-08,,,available,Land-area-weighted average of the morning (8–9am) public transport access index over the part of this area the data covers. Not a commute time or access from a property.,1.0,ptal-area-weighted-mean-v1
207011520,green_space_per_resident,18.519424073777557,,,Undated unmaintained open-space inventory / 30 June 2025 ERP,,,available,"Public open space that is open and existing (parks and gardens, natural and semi-natural areas, recreation corridors and sports grounds), divided by 2025 population. It can include river and lake frontage recorded as open space, and does not show vegetation, park quality or walking access. The inventory has no publication date, and 2025 population is preliminary.",,open-space-public-filter-v1
207011521,rent_weekly,501,,,2021 Census,2021,2021,available,Historical reported rent; not current advertised rent.,,census-g02-direct-v2
207011521,population_growth,-0.6378683891804602,,,30 June 2020 to 30 June 2025,2020,2025,available,"2025 ERP is preliminary; historical estimated change, not a forecast.",,erp-growth-2020-2025-v1
207011521,transport_access,14.911777688034032,,,Morning access index; live snapshot retrieved 2026-09-08,,,available,Land-area-weighted average of the morning (8–9am) public transport access index over the part of this area the data covers. Not a commute time or access from a property.,0.9999999999999793,ptal-area-weighted-mean-v1
207011521,green_space_per_resident,16.137767344353826,,,Undated unmaintained open-space inventory / 30 June 2025 ERP,,,available,"Public open space that is open and existing (parks and gardens, natural and semi-natural areas, recreation corridors and sports grounds), divided by 2025 population. It can include river and lake frontage recorded as open space, and does not show vegetation, park quality or walking access. The inventory has no publication date, and 2025 population is preliminary.",,open-space-public-filter-v1
207011522,rent_weekly,456,,,2021 Census,2021,2021,available,Historical reported rent; not current advertised rent.,,census-g02-direct-v2
207011522,population_growth,0.34176847004072136,,,30 June 2020 to 30 June 2025,2020,2025,available,"2025 ERP is preliminary; historical estimated change, not a forecast.",,erp-growth-2020-2025-v1
207011522,transport_access,8.140808500780356,,,Morning access index; live snapshot retrieved 2026-09-08,,,available,Land-area-weighted average of the morning (8–9am) public transport access index over the part of this area the data covers. Not a commute time or access from a property.,1.0,ptal-area-weighted-mean-v1
207011522,green_space_per_resident,121.41376173532187,,,Undated unmaintained open-space inventory / 30 June 2025 ERP,,,available,"Public open space that is open and existing (parks and gardens, natural and semi-natural areas, recreation corridors and sports grounds), divided by 2025 population. It can include river and lake frontage recorded as open space, and does not show vegetation, park quality or walking access. The inventory has no publication date, and 2025 population is preliminary.",,open-space-public-filter-v1
207021156,rent_weekly,460,,,2021 Census,2021,2021,available,Historical reported rent; not current advertised rent.,,census-g02-direct-v2
207021156,population_growth,1.3125160847559407,,,30 June 2020 to 30 June 2025,2020,2025,available,"2025 ERP is preliminary; historical estimated change, not a forecast.",,erp-growth-2020-2025-v1
207021156,transport_access,5.295285938213054,,,Morning access index; live snapshot retrieved 2026-09-08,,,available,Land-area-weighted average of the morning (8–9am) public transport access index over the part of this area the data covers. Not a commute time or access from a property.,1.0,ptal-area-weighted-mean-v1
207021156,green_space_per_resident,118.54390790463967,,,Undated unmaintained open-space inventory / 30 June 2025 ERP,,,available,"Public open space that is open and existing (parks and gardens, natural and semi-natural areas, recreation corridors and sports grounds), divided by 2025 population. It can include river and lake frontage recorded as open space, and does not show vegetation, park quality or walking access. The inventory has no publication date, and 2025 population is preliminary.",,open-space-public-filter-v1
207021157,rent_weekly,450,,,2021 Census,2021,2021,available,Historical reported rent; not current advertised rent.,,census-g02-direct-v2
207021157,population_growth,12.87921012819492,,,30 June 2020 to 30 June 2025,2020,2025,available,"2025 ERP is preliminary; historical estimated change, not a forecast.",,erp-growth-2020-2025-v1
207021157,transport_access,9.381599126664554,,,Morning access index; live snapshot retrieved 2026-09-08,,,available,Land-area-weighted average of the morning (8–9am) public transport access index over the part of this area the data covers. Not a commute time or access from a property.,0.9999999999999979,ptal-area-weighted-mean-v1
207021157,green_space_per_resident,33.27050513964348,,,Undated unmaintained open-space inventory / 30 June 2025 ERP,,,available,"Public open space that is open and existing (parks and gardens, natural and semi-natural areas, recreation corridors and sports grounds), divided by 2025 population. It can include river and lake frontage recorded as open space, and does not show vegetation, park quality or walking access. The inventory has no publication date, and 2025 population is preliminary.",,open-space-public-filter-v1
207021159,rent_weekly,513,,,2021 Census,2021,2021,available,Historical reported rent; not current advertised rent.,,census-g02-direct-v2
207021159,population_growth,-0.6040574424435833,,,30 June 2020 to 30 June 2025,2020,2025,available,"2025 ERP is preliminary; historical estimated change, not a forecast.",,erp-growth-2020-2025-v1
207021159,transport_access,4.487357531041087,,,Morning access index; live snapshot retrieved 2026-09-08,,,available,Land-area-weighted average of the morning (8–9am) public transport access index over the part of this area the data covers. Not a commute time or access from a property.,0.9999999999999977,ptal-area-weighted-mean-v1
207021159,green_space_per_resident,311.4891760222722,,,Undated unmaintained open-space inventory / 30 June 2025 ERP,,,available,"Public open space that is open and existing (parks and gardens, natural and semi-natural areas, recreation corridors and sports grounds), divided by 2025 population. It can include river and lake frontage recorded as open space, and does not show vegetation, park quality or walking access. The inventory has no publication date, and 2025 population is preliminary.",,open-space-public-filter-v1
207021160,rent_weekly,475,,,2021 Census,2021,2021,available,Historical reported rent; not current advertised rent.,,census-g02-direct-v2
207021160,population_growth,0.7818393800150881,,,30 June 2020 to 30 June 2025,2020,2025,available,"2025 ERP is preliminary; historical estimated change, not a forecast.",,erp-growth-2020-2025-v1
207021160,transport_access,7.870961377855042,,,Morning access index; live snapshot retrieved 2026-09-08,,,available,Land-area-weighted average of the morning (8–9am) public transport access index over the part of this area the data covers. Not a commute time or access from a property.,1.0,ptal-area-weighted-mean-v1
207021160,green_space_per_resident,61.95587063188101,,,Undated unmaintained open-space inventory / 30 June 2025 ERP,,,available,"Public open space that is open and existing (parks and gardens, natural and semi-natural areas, recreation corridors and sports grounds), divided by 2025 population. It can include river and lake frontage recorded as open space, and does not show vegetation, park quality or walking access. The inventory has no publication date, and 2025 population is preliminary.",,open-space-public-filter-v1
207021424,rent_weekly,497,,,2021 Census,2021,2021,available,Historical reported rent; not current advertised rent.,,census-g02-direct-v2
207021424,population_growth,3.084737363726462,,,30 June 2020 to 30 June 2025,2020,2025,available,"2025 ERP is preliminary; historical estimated change, not a forecast.",,erp-growth-2020-2025-v1
207021424,transport_access,7.335021633532893,,,Morning access index; live snapshot retrieved 2026-09-08,,,available,Land-area-weighted average of the morning (8–9am) public transport access index over the part of this area the data covers. Not a commute time or access from a property.,0.9999999999999967,ptal-area-weighted-mean-v1
207021424,green_space_per_resident,40.6814114617274,,,Undated unmaintained open-space inventory / 30 June 2025 ERP,,,available,"Public open space that is open and existing (parks and gardens, natural and semi-natural areas, recreation corridors and sports grounds), divided by 2025 population. It can include river and lake frontage recorded as open space, and does not show vegetation, park quality or walking access. The inventory has no publication date, and 2025 population is preliminary.",,open-space-public-filter-v1
207021425,rent_weekly,460,,,2021 Census,2021,2021,available,Historical reported rent; not current advertised rent.,,census-g02-direct-v2
207021425,population_growth,6.5299209634926605,,,30 June 2020 to 30 June 2025,2020,2025,available,"2025 ERP is preliminary; historical estimated change, not a forecast.",,erp-growth-2020-2025-v1
207021425,transport_access,10.46627034120912,,,Morning access index; live snapshot retrieved 2026-09-08,,,available,Land-area-weighted average of the morning (8–9am) public transport access index over the part of this area the data covers. Not a commute time or access from a property.,1.0,ptal-area-weighted-mean-v1
207021425,green_space_per_resident,15.697852025978914,,,Undated unmaintained open-space inventory / 30 June 2025 ERP,,,available,"Public open space that is open and existing (parks and gardens, natural and semi-natural areas, recreation corridors and sports grounds), divided by 2025 population. It can include river and lake frontage recorded as open space, and does not show vegetation, park quality or walking access. The inventory has no publication date, and 2025 population is preliminary.",,open-space-public-filter-v1
207031161,rent_weekly,420,,,2021 Census,2021,2021,available,Historical reported rent; not current advertised rent.,,census-g02-direct-v2
207031161,population_growth,3.0392497394928797,,,30 June 2020 to 30 June 2025,2020,2025,available,"2025 ERP is preliminary; historical estimated change, not a forecast.",,erp-growth-2020-2025-v1
207031161,transport_access,13.24388518841079,,,Morning access index; live snapshot retrieved 2026-09-08,,,available,Land-area-weighted average of the morning (8–9am) public transport access index over the part of this area the data covers. Not a commute time or access from a property.,0.9999999999999961,ptal-area-weighted-mean-v1
207031161,green_space_per_resident,40.003245138887316,,,Undated unmaintained open-space inventory / 30 June 2025 ERP,,,available,"Public open space that is open and existing (parks and gardens, natural and semi-natural areas, recreation corridors and sports grounds), divided by 2025 population. It can include river and lake frontage recorded as open space, and does not show vegetation, park quality or walking access. The inventory has no publication date, and 2025 population is preliminary.",,open-space-public-filter-v1
207031162,rent_weekly,410,,,2021 Census,2021,2021,available,Historical reported rent; not current advertised rent.,,census-g02-direct-v2
207031162,population_growth,-2.3805325339446304,,,30 June 2020 to 30 June 2025,2020,2025,available,"2025 ERP is preliminary; historical estimated change, not a forecast.",,erp-growth-2020-2025-v1
207031162,transport_access,7.8831504320180255,,,Morning access index; live snapshot retrieved 2026-09-08,,,available,Land-area-weighted average of the morning (8–9am) public transport access index over the part of this area the data covers. Not a commute time or access from a property.,1.0,ptal-area-weighted-mean-v1
207031162,green_space_per_resident,29.14345756824672,,,Undated unmaintained open-space inventory / 30 June 2025 ERP,,,available,"Public open space that is open and existing (parks and gardens, natural and semi-natural areas, recreation corridors and sports grounds), divided by 2025 population. It can include river and lake frontage recorded as open space, and does not show vegetation, park quality or walking access. The inventory has no publication date, and 2025 population is preliminary.",,open-space-public-filter-v1
207031163,rent_weekly,391,,,2021 Census,2021,2021,available,Historical reported rent; not current advertised rent.,,census-g02-direct-v2
207031163,population_growth,12.803715067584378,,,30 June 2020 to 30 June 2025,2020,2025,available,"2025 ERP is preliminary; historical estimated change, not a forecast.",,erp-growth-2020-2025-v1
207031163,transport_access,17.33984700232881,,,Morning access index; live snapshot retrieved 2026-09-08,,,available,Land-area-weighted average of the morning (8–9am) public transport access index over the part of this area the data covers. Not a commute time or access from a property.,1.0,ptal-area-weighted-mean-v1
207031163,green_space_per_resident,21.433428829124658,,,Undated unmaintained open-space inventory / 30 June 2025 ERP,,,available,"Public open space that is open and existing (parks and gardens, natural and semi-natural areas, recreation corridors and sports grounds), divided by 2025 population. It can include river and lake frontage recorded as open space, and does not show vegetation, park quality or walking access. The inventory has no publication date, and 2025 population is preliminary.",,open-space-public-filter-v1
207031164,rent_weekly,438,,,2021 Census,2021,2021,available,Historical reported rent; not current advertised rent.,,census-g02-direct-v2
207031164,population_growth,4.533671903930593,,,30 June 2020 to 30 June 2025,2020,2025,available,"2025 ERP is preliminary; historical estimated change, not a forecast.",,erp-growth-2020-2025-v1
207031164,transport_access,11.902899279893196,,,Morning access index; live snapshot retrieved 2026-09-08,,,available,Land-area-weighted average of the morning (8–9am) public transport access index over the part of this area the data covers. Not a commute time or access from a property.,0.9999999999999862,ptal-area-weighted-mean-v1
207031164,green_space_per_resident,31.00390141919527,,,Undated unmaintained open-space inventory / 30 June 2025 ERP,,,available,"Public open space that is open and existing (parks and gardens, natural and semi-natural areas, recreation corridors and sports grounds), divided by 2025 population. It can include river and lake frontage recorded as open space, and does not show vegetation, park quality or walking access. The inventory has no publication date, and 2025 population is preliminary.",,open-space-public-filter-v1
207031165,rent_weekly,401,,,2021 Census,2021,2021,available,Historical reported rent; not current advertised rent.,,census-g02-direct-v2
207031165,population_growth,14.939114939114939,,,30 June 2020 to 30 June 2025,2020,2025,available,"2025 ERP is preliminary; historical estimated change, not a forecast.",,erp-growth-2020-2025-v1
207031165,transport_access,11.718004329401593,,,Morning access index; live snapshot retrieved 2026-09-08,,,available,Land-area-weighted average of the morning (8–9am) public transport access index over the part of this area the data covers. Not a commute time or access from a property.,1.0,ptal-area-weighted-mean-v1
207031165,green_space_per_resident,45.84448691768621,,,Undated unmaintained open-space inventory / 30 June 2025 ERP,,,available,"Public open space that is open and existing (parks and gardens, natural and semi-natural areas, recreation corridors and sports grounds), divided by 2025 population. It can include river and lake frontage recorded as open space, and does not show vegetation, park quality or walking access. The inventory has no publication date, and 2025 population is preliminary.",,open-space-public-filter-v1
207031166,rent_weekly,439,,,2021 Census,2021,2021,available,Historical reported rent; not current advertised rent.,,census-g02-direct-v2
207031166,population_growth,12.72957568081064,,,30 June 2020 to 30 June 2025,2020,2025,available,"2025 ERP is preliminary; historical estimated change, not a forecast.",,erp-growth-2020-2025-v1
207031166,transport_access,10.816788672502796,,,Morning access index; live snapshot retrieved 2026-09-08,,,available,Land-area-weighted average of the morning (8–9am) public transport access index over the part of this area the data covers. Not a commute time or access from a property.,1.0,ptal-area-weighted-mean-v1
207031166,green_space_per_resident,28.07729503198867,,,Undated unmaintained open-space inventory / 30 June 2025 ERP,,,available,"Public open space that is open and existing (parks and gardens, natural and semi-natural areas, recreation corridors and sports grounds), divided by 2025 population. It can include river and lake frontage recorded as open space, and does not show vegetation, park quality or walking access. The inventory has no publication date, and 2025 population is preliminary.",,open-space-public-filter-v1
207031167,rent_weekly,462,,,2021 Census,2021,2021,available,Historical reported rent; not current advertised rent.,,census-g02-direct-v2
207031167,population_growth,1.0313144571535722,,,30 June 2020 to 30 June 2025,2020,2025,available,"2025 ERP is preliminary; historical estimated change, not a forecast.",,erp-growth-2020-2025-v1
207031167,transport_access,10.783235219562064,,,Morning access index; live snapshot retrieved 2026-09-08,,,available,Land-area-weighted average of the morning (8–9am) public transport access index over the part of this area the data covers. Not a commute time or access from a property.,0.9999999999999925,ptal-area-weighted-mean-v1
207031167,green_space_per_resident,5.738941574626525,,,Undated unmaintained open-space inventory / 30 June 2025 ERP,,,available,"Public open space that is open and existing (parks and gardens, natural and semi-natural areas, recreation corridors and sports grounds), divided by 2025 population. It can include river and lake frontage recorded as open space, and does not show vegetation, park quality or walking access. The inventory has no publication date, and 2025 population is preliminary.",,open-space-public-filter-v1
208011168,rent_weekly,612,,,2021 Census,2021,2021,available,Historical reported rent; not current advertised rent.,,census-g02-direct-v2
208011168,population_growth,0.8633895000696282,,,30 June 2020 to 30 June 2025,2020,2025,available,"2025 ERP is preliminary; historical estimated change, not a forecast.",,erp-growth-2020-2025-v1
208011168,transport_access,6.729846330655234,,,Morning access index; live snapshot retrieved 2026-09-08,,,available,Land-area-weighted average of the morning (8–9am) public transport access index over the part of this area the data covers. Not a commute time or access from a property.,0.9998674060400601,ptal-area-weighted-mean-v1
208011168,green_space_per_resident,30.806883585120225,,,Undated unmaintained open-space inventory / 30 June 2025 ERP,,,available,"Public open space that is open and existing (parks and gardens, natural and semi-natural areas, recreation corridors and sports grounds), divided by 2025 population. It can include river and lake frontage recorded as open space, and does not show vegetation, park quality or walking access. The inventory has no publication date, and 2025 population is preliminary.",,open-space-public-filter-v1
208011169,rent_weekly,600,,,2021 Census,2021,2021,available,Historical reported rent; not current advertised rent.,,census-g02-direct-v2
208011169,population_growth,0.8452104739807756,,,30 June 2020 to 30 June 2025,2020,2025,available,"2025 ERP is preliminary; historical estimated change, not a forecast.",,erp-growth-2020-2025-v1
208011169,transport_access,13.688475702074141,,,Morning access index; live snapshot retrieved 2026-09-08,,,available,Land-area-weighted average of the morning (8–9am) public transport access index over the part of this area the data covers. Not a commute time or access from a property.,0.9999715090632872,ptal-area-weighted-mean-v1
208011169,green_space_per_resident,26.147935125577114,,,Undated unmaintained open-space inventory / 30 June 2025 ERP,,,available,"Public open space that is open and existing (parks and gardens, natural and semi-natural areas, recreation corridors and sports grounds), divided by 2025 population. It can include river and lake frontage recorded as open space, and does not show vegetation, park quality or walking access. The inventory has no publication date, and 2025 population is preliminary.",,open-space-public-filter-v1
208011170,rent_weekly,602,,,2021 Census,2021,2021,available,Historical reported rent; not current advertised rent.,,census-g02-direct-v2
208011170,population_growth,2.7983539094650207,,,30 June 2020 to 30 June 2025,2020,2025,available,"2025 ERP is preliminary; historical estimated change, not a forecast.",,erp-growth-2020-2025-v1
208011170,transport_access,7.264435081590204,,,Morning access index; live snapshot retrieved 2026-09-08,,,available,Land-area-weighted average of the morning (8–9am) public transport access index over the part of this area the data covers. Not a commute time or access from a property.,0.9999999999999887,ptal-area-weighted-mean-v1
208011170,green_space_per_resident,22.400475447856955,,,Undated unmaintained open-space inventory / 30 June 2025 ERP,,,available,"Public open space that is open and existing (parks and gardens, natural and semi-natural areas, recreation corridors and sports grounds), divided by 2025 population. It can include river and lake frontage recorded as open space, and does not show vegetation, park quality or walking access. The inventory has no publication date, and 2025 population is preliminary.",,open-space-public-filter-v1
208011171,rent_weekly,450,,,2021 Census,2021,2021,available,Historical reported rent; not current advertised rent.,,census-g02-direct-v2
208011171,population_growth,5.205936036822474,,,30 June 2020 to 30 June 2025,2020,2025,available,"2025 ERP is preliminary; historical estimated change, not a forecast.",,erp-growth-2020-2025-v1
208011171,transport_access,7.138713620778004,,,Morning access index; live snapshot retrieved 2026-09-08,,,available,Land-area-weighted average of the morning (8–9am) public transport access index over the part of this area the data covers. Not a commute time or access from a property.,1.0,ptal-area-weighted-mean-v1
208011171,green_space_per_resident,13.027740787887351,,,Undated unmaintained open-space inventory / 30 June 2025 ERP,,,available,"Public open space that is open and existing (parks and gardens, natural and semi-natural areas, recreation corridors and sports grounds), divided by 2025 population. It can include river and lake frontage recorded as open space, and does not show vegetation, park quality or walking access. The inventory has no publication date, and 2025 population is preliminary.",,open-space-public-filter-v1
208011172,rent_weekly,471,,,2021 Census,2021,2021,available,Historical reported rent; not current advertised rent.,,census-g02-direct-v2
208011172,population_growth,2.774122229825762,,,30 June 2020 to 30 June 2025,2020,2025,available,"2025 ERP is preliminary; historical estimated change, not a forecast.",,erp-growth-2020-2025-v1
208011172,transport_access,9.397140702354141,,,Morning access index; live snapshot retrieved 2026-09-08,,,available,Land-area-weighted average of the morning (8–9am) public transport access index over the part of this area the data covers. Not a commute time or access from a property.,0.971254783217642,ptal-area-weighted-mean-v1
208011172,green_space_per_resident,26.96115427431192,,,Undated unmaintained open-space inventory / 30 June 2025 ERP,,,available,"Public open space that is open and existing (parks and gardens, natural and semi-natural areas, recreation corridors and sports grounds), divided by 2025 population. It can include river and lake frontage recorded as open space, and does not show vegetation, park quality or walking access. The inventory has no publication date, and 2025 population is preliminary.",,open-space-public-filter-v1
208011173,rent_weekly,486,,,2021 Census,2021,2021,available,Historical reported rent; not current advertised rent.,,census-g02-direct-v2
208011173,population_growth,0.8876730683340777,,,30 June 2020 to 30 June 2025,2020,2025,available,"2025 ERP is preliminary; historical estimated change, not a forecast.",,erp-growth-2020-2025-v1
208011173,transport_access,7.941298503502384,,,Morning access index; live snapshot retrieved 2026-09-08,,,available,Land-area-weighted average of the morning (8–9am) public transport access index over the part of this area the data covers. Not a commute time or access from a property.,0.9994443244480857,ptal-area-weighted-mean-v1
208011173,green_space_per_resident,42.12456867229415,,,Undated unmaintained open-space inventory / 30 June 2025 ERP,,,available,"Public open space that is open and existing (parks and gardens, natural and semi-natural areas, recreation corridors and sports grounds), divided by 2025 population. It can include river and lake frontage recorded as open space, and does not show vegetation, park quality or walking access. The inventory has no publication date, and 2025 population is preliminary.",,open-space-public-filter-v1
208021174,rent_weekly,491,,,2021 Census,2021,2021,available,Historical reported rent; not current advertised rent.,,census-g02-direct-v2
208021174,population_growth,5.969269462019098,,,30 June 2020 to 30 June 2025,2020,2025,available,"2025 ERP is preliminary; historical estimated change, not a forecast.",,erp-growth-2020-2025-v1
208021174,transport_access,11.470566495013632,,,Morning access index; live snapshot retrieved 2026-09-08,,,available,Land-area-weighted average of the morning (8–9am) public transport access index over the part of this area the data covers. Not a commute time or access from a property.,1.0,ptal-area-weighted-mean-v1
208021174,green_space_per_resident,10.155682614579058,,,Undated unmaintained open-space inventory / 30 June 2025 ERP,,,available,"Public open space that is open and existing (parks and gardens, natural and semi-natural areas, recreation corridors and sports grounds), divided by 2025 population. It can include river and lake frontage recorded as open space, and does not show vegetation, park quality or walking access. The inventory has no publication date, and 2025 population is preliminary.",,open-space-public-filter-v1
208021176,rent_weekly,395,,,2021 Census,2021,2021,available,Historical reported rent; not current advertised rent.,,census-g02-direct-v2
208021176,population_growth,8.080910754218337,,,30 June 2020 to 30 June 2025,2020,2025,available,"2025 ERP is preliminary; historical estimated change, not a forecast.",,erp-growth-2020-2025-v1
208021176,transport_access,18.93142270291558,,,Morning access index; live snapshot retrieved 2026-09-08,,,available,Land-area-weighted average of the morning (8–9am) public transport access index over the part of this area the data covers. Not a commute time or access from a property.,1.0,ptal-area-weighted-mean-v1
208021176,green_space_per_resident,8.89564379941244,,,Undated unmaintained open-space inventory / 30 June 2025 ERP,,,available,"Public open space that is open and existing (parks and gardens, natural and semi-natural areas, recreation corridors and sports grounds), divided by 2025 population. It can include river and lake frontage recorded as open space, and does not show vegetation, park quality or walking access. The inventory has no publication date, and 2025 population is preliminary.",,open-space-public-filter-v1
208021177,rent_weekly,426,,,2021 Census,2021,2021,available,Historical reported rent; not current advertised rent.,,census-g02-direct-v2
208021177,population_growth,5.282277020385487,,,30 June 2020 to 30 June 2025,2020,2025,available,"2025 ERP is preliminary; historical estimated change, not a forecast.",,erp-growth-2020-2025-v1
208021177,transport_access,19.496701203011582,,,Morning access index; live snapshot retrieved 2026-09-08,,,available,Land-area-weighted average of the morning (8–9am) public transport access index over the part of this area the data covers. Not a commute time or access from a property.,0.9999999999999863,ptal-area-weighted-mean-v1
208021177,green_space_per_resident,14.629964467487278,,,Undated unmaintained open-space inventory / 30 June 2025 ERP,,,available,"Public open space that is open and existing (parks and gardens, natural and semi-natural areas, recreation corridors and sports grounds), divided by 2025 population. It can include river and lake frontage recorded as open space, and does not show vegetation, park quality or walking access. The inventory has no publication date, and 2025 population is preliminary.",,open-space-public-filter-v1
208021178,rent_weekly,483,,,2021 Census,2021,2021,available,Historical reported rent; not current advertised rent.,,census-g02-direct-v2
208021178,population_growth,2.7359196323607993,,,30 June 2020 to 30 June 2025,2020,2025,available,"2025 ERP is preliminary; historical estimated change, not a forecast.",,erp-growth-2020-2025-v1
208021178,transport_access,16.531429348441755,,,Morning access index; live snapshot retrieved 2026-09-08,,,available,Land-area-weighted average of the morning (8–9am) public transport access index over the part of this area the data covers. Not a commute time or access from a property.,1.0,ptal-area-weighted-mean-v1
208021178,green_space_per_resident,7.5475028939814655,,,Undated unmaintained open-space inventory / 30 June 2025 ERP,,,available,"Public open space that is open and existing (parks and gardens, natural and semi-natural areas, recreation corridors and sports grounds), divided by 2025 population. It can include river and lake frontage recorded as open space, and does not show vegetation, park quality or walking access. The inventory has no publication date, and 2025 population is preliminary.",,open-space-public-filter-v1
208021179,rent_weekly,426,,,2021 Census,2021,2021,available,Historical reported rent; not current advertised rent.,,census-g02-direct-v2
208021179,population_growth,2.54216963786074,,,30 June 2020 to 30 June 2025,2020,2025,available,"2025 ERP is preliminary; historical estimated change, not a forecast.",,erp-growth-2020-2025-v1
208021179,transport_access,20.786940583426038,,,Morning access index; live snapshot retrieved 2026-09-08,,,available,Land-area-weighted average of the morning (8–9am) public transport access index over the part of this area the data covers. Not a commute time or access from a property.,1.0,ptal-area-weighted-mean-v1
208021179,green_space_per_resident,3.013528083305443,,,Undated unmaintained open-space inventory / 30 June 2025 ERP,,,available,"Public open space that is open and existing (parks and gardens, natural and semi-natural areas, recreation corridors and sports grounds), divided by 2025 population. It can include river and lake frontage recorded as open space, and does not show vegetation, park quality or walking access. The inventory has no publication date, and 2025 population is preliminary.",,open-space-public-filter-v1
208021180,rent_weekly,416,,,2021 Census,2021,2021,available,Historical reported rent; not current advertised rent.,,census-g02-direct-v2
208021180,population_growth,2.1993213522684427,,,30 June 2020 to 30 June 2025,2020,2025,available,"2025 ERP is preliminary; historical estimated change, not a forecast.",,erp-growth-2020-2025-v1
208021180,transport_access,16.58886369296383,,,Morning access index; live snapshot retrieved 2026-09-08,,,available,Land-area-weighted average of the morning (8–9am) public transport access index over the part of this area the data covers. Not a commute time or access from a property.,0.999999999999997,ptal-area-weighted-mean-v1
208021180,green_space_per_resident,4.320142147657502,,,Undated unmaintained open-space inventory / 30 June 2025 ERP,,,available,"Public open space that is open and existing (parks and gardens, natural and semi-natural areas, recreation corridors and sports grounds), divided by 2025 population. It can include river and lake frontage recorded as open space, and does not show vegetation, park quality or walking access. The inventory has no publication date, and 2025 population is preliminary.",,open-space-public-filter-v1
208021181,rent_weekly,390,,,2021 Census,2021,2021,available,Historical reported rent; not current advertised rent.,,census-g02-direct-v2
208021181,population_growth,3.633200286562276,,,30 June 2020 to 30 June 2025,2020,2025,available,"2025 ERP is preliminary; historical estimated change, not a forecast.",,erp-growth-2020-2025-v1
208021181,transport_access,15.254562078687837,,,Morning access index; live snapshot retrieved 2026-09-08,,,available,Land-area-weighted average of the morning (8–9am) public transport access index over the part of this area the data covers. Not a commute time or access from a property.,0.9999999999999953,ptal-area-weighted-mean-v1
208021181,green_space_per_resident,21.269165099007036,,,Undated unmaintained open-space inventory / 30 June 2025 ERP,,,available,"Public open space that is open and existing (parks and gardens, natural and semi-natural areas, recreation corridors and sports grounds), divided by 2025 population. It can include river and lake frontage recorded as open space, and does not show vegetation, park quality or walking access. The inventory has no publication date, and 2025 population is preliminary.",,open-space-public-filter-v1
208021182,rent_weekly,391,,,2021 Census,2021,2021,available,Historical reported rent; not current advertised rent.,,census-g02-direct-v2
208021182,population_growth,6.754472460909987,,,30 June 2020 to 30 June 2025,2020,2025,available,"2025 ERP is preliminary; historical estimated change, not a forecast.",,erp-growth-2020-2025-v1
208021182,transport_access,17.52576458962263,,,Morning access index; live snapshot retrieved 2026-09-08,,,available,Land-area-weighted average of the morning (8–9am) public transport access index over the part of this area the data covers. Not a commute time or access from a property.,1.0,ptal-area-weighted-mean-v1
208021182,green_space_per_resident,6.488548106220704,,,Undated unmaintained open-space inventory / 30 June 2025 ERP,,,available,"Public open space that is open and existing (parks and gardens, natural and semi-natural areas, recreation corridors and sports grounds), divided by 2025 population. It can include river and lake frontage recorded as open space, and does not show vegetation, park quality or walking access. The inventory has no publication date, and 2025 population is preliminary.",,open-space-public-filter-v1
208021426,rent_weekly,508,,,2021 Census,2021,2021,available,Historical reported rent; not current advertised rent.,,census-g02-direct-v2
208021426,population_growth,6.292001189414213,,,30 June 2020 to 30 June 2025,2020,2025,available,"2025 ERP is preliminary; historical estimated change, not a forecast.",,erp-growth-2020-2025-v1
208021426,transport_access,8.898080040938801,,,Morning access index; live snapshot retrieved 2026-09-08,,,available,Land-area-weighted average of the morning (8–9am) public transport access index over the part of this area the data covers. Not a commute time or access from a property.,1.0,ptal-area-weighted-mean-v1
208021426,green_space_per_resident,8.466997079749817,,,Undated unmaintained open-space inventory / 30 June 2025 ERP,,,available,"Public open space that is open and existing (parks and gardens, natural and semi-natural areas, recreation corridors and sports grounds), divided by 2025 population. It can include river and lake frontage recorded as open space, and does not show vegetation, park quality or walking access. The inventory has no publication date, and 2025 population is preliminary.",,open-space-public-filter-v1
208021427,rent_weekly,490,,,2021 Census,2021,2021,available,Historical reported rent; not current advertised rent.,,census-g02-direct-v2
208021427,population_growth,5.818645147589722,,,30 June 2020 to 30 June 2025,2020,2025,available,"2025 ERP is preliminary; historical estimated change, not a forecast.",,erp-growth-2020-2025-v1
208021427,transport_access,7.812848208324401,,,Morning access index; live snapshot retrieved 2026-09-08,,,available,Land-area-weighted average of the morning (8–9am) public transport access index over the part of this area the data covers. Not a commute time or access from a property.,0.9999999999999872,ptal-area-weighted-mean-v1
208021427,green_space_per_resident,12.595379316459889,,,Undated unmaintained open-space inventory / 30 June 2025 ERP,,,available,"Public open space that is open and existing (parks and gardens, natural and semi-natural areas, recreation corridors and sports grounds), divided by 2025 population. It can include river and lake frontage recorded as open space, and does not show vegetation, park quality or walking access. The inventory has no publication date, and 2025 population is preliminary.",,open-space-public-filter-v1
208031183,rent_weekly,510,,,2021 Census,2021,2021,available,Historical reported rent; not current advertised rent.,,census-g02-direct-v2
208031183,population_growth,-1.3604701784936875,,,30 June 2020 to 30 June 2025,2020,2025,available,"2025 ERP is preliminary; historical estimated change, not a forecast.",,erp-growth-2020-2025-v1
208031183,transport_access,1.9948937469600392,,,Morning access index; live snapshot retrieved 2026-09-08,,,available,Land-area-weighted average of the morning (8–9am) public transport access index over the part of this area the data covers. Not a commute time or access from a property.,1.0,ptal-area-weighted-mean-v1
208031183,green_space_per_resident,213.63086626023758,,,Undated unmaintained open-space inventory / 30 June 2025 ERP,,,available,"Public open space that is open and existing (parks and gardens, natural and semi-natural areas, recreation corridors and sports grounds), divided by 2025 population. It can include river and lake frontage recorded as open space, and does not show vegetation, park quality or walking access. The inventory has no publication date, and 2025 population is preliminary.",,open-space-public-filter-v1
208031184,rent_weekly,504,,,2021 Census,2021,2021,available,Historical reported rent; not current advertised rent.,,census-g02-direct-v2
208031184,population_growth,-17.647058823529413,,,30 June 2020 to 30 June 2025,2020,2025,available,"2025 ERP is preliminary; historical estimated change, not a forecast.",,erp-growth-2020-2025-v1
208031184,transport_access,1.504529118775514,,,Morning access index; live snapshot retrieved 2026-09-08,,,available,Land-area-weighted average of the morning (8–9am) public transport access index over the part of this area the data covers. Not a commute time or access from a property.,0.9999999999999795,ptal-area-weighted-mean-v1
208031184,green_space_per_resident,118881.04993376974,,,Undated unmaintained open-space inventory / 30 June 2025 ERP,,,available,"Public open space that is open and existing (parks and gardens, natural and semi-natural areas, recreation corridors and sports grounds), divided by 2025 population. It can include river and lake frontage recorded as open space, and does not show vegetation, park quality or walking access. The inventory has no publication date, and 2025 population is preliminary.",,open-space-public-filter-v1
208031185,rent_weekly,420,,,2021 Census,2021,2021,available,Historical reported rent; not current advertised rent.,,census-g02-direct-v2
208031185,population_growth,1.7034803162441927,,,30 June 2020 to 30 June 2025,2020,2025,available,"2025 ERP is preliminary; historical estimated change, not a forecast.",,erp-growth-2020-2025-v1
208031185,transport_access,3.395946478049789,,,Morning access index; live snapshot retrieved 2026-09-08,,,available,Land-area-weighted average of the morning (8–9am) public transport access index over the part of this area the data covers. Not a commute time or access from a property.,0.9999325484576653,ptal-area-weighted-mean-v1
208031185,green_space_per_resident,99.41874536114334,,,Undated unmaintained open-space inventory / 30 June 2025 ERP,,,available,"Public open space that is open and existing (parks and gardens, natural and semi-natural areas, recreation corridors and sports grounds), divided by 2025 population. It can include river and lake frontage recorded as open space, and does not show vegetation, park quality or walking access. The inventory has no publication date, and 2025 population is preliminary.",,open-space-public-filter-v1
208031186,rent_weekly,381,,,2021 Census,2021,2021,available,Historical reported rent; not current advertised rent.,,census-g02-direct-v2
208031186,population_growth,4.0969791261506545,,,30 June 2020 to 30 June 2025,2020,2025,available,"2025 ERP is preliminary; historical estimated change, not a forecast.",,erp-growth-2020-2025-v1
208031186,transport_access,5.2389628402716175,,,Morning access index; live snapshot retrieved 2026-09-08,,,available,Land-area-weighted average of the morning (8–9am) public transport access index over the part of this area the data covers. Not a commute time or access from a property.,1.0,ptal-area-weighted-mean-v1
208031186,green_space_per_resident,56.54020807523505,,,Undated unmaintained open-space inventory / 30 June 2025 ERP,,,available,"Public open space that is open and existing (parks and gardens, natural and semi-natural areas, recreation corridors and sports grounds), divided by 2025 population. It can include river and lake frontage recorded as open space, and does not show vegetation, park quality or walking access. The inventory has no publication date, and 2025 population is preliminary.",,open-space-public-filter-v1
208031187,rent_weekly,412,,,2021 Census,2021,2021,available,Historical reported rent; not current advertised rent.,,census-g02-direct-v2
208031187,population_growth,-2.103559870550162,,,30 June 2020 to 30 June 2025,2020,2025,available,"2025 ERP is preliminary; historical estimated change, not a forecast.",,erp-growth-2020-2025-v1
208031187,transport_access,4.155572312568627,,,Morning access index; live snapshot retrieved 2026-09-08,,,available,Land-area-weighted average of the morning (8–9am) public transport access index over the part of this area the data covers. Not a commute time or access from a property.,0.9999999999999882,ptal-area-weighted-mean-v1
208031187,green_space_per_resident,153.54307670903137,,,Undated unmaintained open-space inventory / 30 June 2025 ERP,,,available,"Public open space that is open and existing (parks and gardens, natural and semi-natural areas, recreation corridors and sports grounds), divided by 2025 population. It can include river and lake frontage recorded as open space, and does not show vegetation, park quality or walking access. The inventory has no publication date, and 2025 population is preliminary.",,open-space-public-filter-v1
208031188,rent_weekly,421,,,2021 Census,2021,2021,available,Historical reported rent; not current advertised rent.,,census-g02-direct-v2
208031188,population_growth,6.094808126410835,,,30 June 2020 to 30 June 2025,2020,2025,available,"2025 ERP is preliminary; historical estimated change, not a forecast.",,erp-growth-2020-2025-v1
208031188,transport_access,7.611379595623379,,,Morning access index; live snapshot retrieved 2026-09-08,,,available,Land-area-weighted average of the morning (8–9am) public transport access index over the part of this area the data covers. Not a commute time or access from a property.,1.0,ptal-area-weighted-mean-v1
208031188,green_space_per_resident,25.59254120819462,,,Undated unmaintained open-space inventory / 30 June 2025 ERP,,,available,"Public open space that is open and existing (parks and gardens, natural and semi-natural areas, recreation corridors and sports grounds), divided by 2025 population. It can include river and lake frontage recorded as open space, and does not show vegetation, park quality or walking access. The inventory has no publication date, and 2025 population is preliminary.",,open-space-public-filter-v1
208031189,rent_weekly,440,,,2021 Census,2021,2021,available,Historical reported rent; not current advertised rent.,,census-g02-direct-v2
208031189,population_growth,4.2604151545942806,,,30 June 2020 to 30 June 2025,2020,2025,available,"2025 ERP is preliminary; historical estimated change, not a forecast.",,erp-growth-2020-2025-v1
208031189,transport_access,5.121897093738634,,,Morning access index; live snapshot retrieved 2026-09-08,,,available,Land-area-weighted average of the morning (8–9am) public transport access index over the part of this area the data covers. Not a commute time or access from a property.,0.99983716254873,ptal-area-weighted-mean-v1
208031189,green_space_per_resident,49.07559099308313,,,Undated unmaintained open-space inventory / 30 June 2025 ERP,,,available,"Public open space that is open and existing (parks and gardens, natural and semi-natural areas, recreation corridors and sports grounds), divided by 2025 population. It can include river and lake frontage recorded as open space, and does not show vegetation, park quality or walking access. The inventory has no publication date, and 2025 population is preliminary.",,open-space-public-filter-v1
208031190,rent_weekly,392,,,2021 Census,2021,2021,available,Historical reported rent; not current advertised rent.,,census-g02-direct-v2
208031190,population_growth,2.1579099307159355,,,30 June 2020 to 30 June 2025,2020,2025,available,"2025 ERP is preliminary; historical estimated change, not a forecast.",,erp-growth-2020-2025-v1
208031190,transport_access,10.197958115922768,,,Morning access index; live snapshot retrieved 2026-09-08,,,available,Land-area-weighted average of the morning (8–9am) public transport access index over the part of this area the data covers. Not a commute time or access from a property.,0.9999999999999531,ptal-area-weighted-mean-v1
208031190,green_space_per_resident,19.51082363619807,,,Undated unmaintained open-space inventory / 30 June 2025 ERP,,,available,"Public open space that is open and existing (parks and gardens, natural and semi-natural areas, recreation corridors and sports grounds), divided by 2025 population. It can include river and lake frontage recorded as open space, and does not show vegetation, park quality or walking access. The inventory has no publication date, and 2025 population is preliminary.",,open-space-public-filter-v1
208031191,rent_weekly,440,,,2021 Census,2021,2021,available,Historical reported rent; not current advertised rent.,,census-g02-direct-v2
208031191,population_growth,3.9788359788359786,,,30 June 2020 to 30 June 2025,2020,2025,available,"2025 ERP is preliminary; historical estimated change, not a forecast.",,erp-growth-2020-2025-v1
208031191,transport_access,3.585351187994423,,,Morning access index; live snapshot retrieved 2026-09-08,,,available,Land-area-weighted average of the morning (8–9am) public transport access index over the part of this area the data covers. Not a commute time or access from a property.,0.9999999999999937,ptal-area-weighted-mean-v1
208031191,green_space_per_resident,75.58437754520313,,,Undated unmaintained open-space inventory / 30 June 2025 ERP,,,available,"Public open space that is open and existing (parks and gardens, natural and semi-natural areas, recreation corridors and sports grounds), divided by 2025 population. It can include river and lake frontage recorded as open space, and does not show vegetation, park quality or walking access. The inventory has no publication date, and 2025 population is preliminary.",,open-space-public-filter-v1
208031192,rent_weekly,486,,,2021 Census,2021,2021,available,Historical reported rent; not current advertised rent.,,census-g02-direct-v2
208031192,population_growth,23.80952380952381,,,30 June 2020 to 30 June 2025,2020,2025,available,"2025 ERP is preliminary; historical estimated change, not a forecast.",,erp-growth-2020-2025-v1
208031192,transport_access,1.1740305100163637,,,Morning access index; live snapshot retrieved 2026-09-08,,,available,Land-area-weighted average of the morning (8–9am) public transport access index over the part of this area the data covers. Not a commute time or access from a property.,1.0,ptal-area-weighted-mean-v1
208031192,green_space_per_resident,,,,Undated unmaintained open-space inventory / 30 June 2025 ERP,,,unavailable,"No selected open-space polygon intersects this SA2; inventory coverage is unknown, so no zero is asserted. Public open space that is open and existing (parks and gardens, natural and semi-natural areas, recreation corridors and sports grounds), divided by 2025 population. It can include river and lake frontage recorded as open space, and does not show vegetation, park quality or walking access. The inventory has no publication date, and 2025 population is preliminary.",,open-space-public-filter-v1
208031193,rent_weekly,400,,,2021 Census,2021,2021,available,Historical reported rent; not current advertised rent.,,census-g02-direct-v2
208031193,population_growth,3.0070700578459277,,,30 June 2020 to 30 June 2025,2020,2025,available,"2025 ERP is preliminary; historical estimated change, not a forecast.",,erp-growth-2020-2025-v1
208031193,transport_access,6.565238602786969,,,Morning access index; live snapshot retrieved 2026-09-08,,,available,Land-area-weighted average of the morning (8–9am) public transport access index over the part of this area the data covers. Not a commute time or access from a property.,0.9999999999999712,ptal-area-weighted-mean-v1
208031193,green_space_per_resident,31.102830702634368,,,Undated unmaintained open-space inventory / 30 June 2025 ERP,,,available,"Public open space that is open and existing (parks and gardens, natural and semi-natural areas, recreation corridors and sports grounds), divided by 2025 population. It can include river and lake frontage recorded as open space, and does not show vegetation, park quality or walking access. The inventory has no publication date, and 2025 population is preliminary.",,open-space-public-filter-v1
208041194,rent_weekly,410,,,2021 Census,2021,2021,available,Historical reported rent; not current advertised rent.,,census-g02-direct-v2
208041194,population_growth,1.6917556042317192,,,30 June 2020 to 30 June 2025,2020,2025,available,"2025 ERP is preliminary; historical estimated change, not a forecast.",,erp-growth-2020-2025-v1
208041194,transport_access,17.866004948994174,,,Morning access index; live snapshot retrieved 2026-09-08,,,available,Land-area-weighted average of the morning (8–9am) public transport access index over the part of this area the data covers. Not a commute time or access from a property.,0.9999999999999968,ptal-area-weighted-mean-v1
208041194,green_space_per_resident,20.605337345795117,,,Undated unmaintained open-space inventory / 30 June 2025 ERP,,,available,"Public open space that is open and existing (parks and gardens, natural and semi-natural areas, recreation corridors and sports grounds), divided by 2025 population. It can include river and lake frontage recorded as open space, and does not show vegetation, park quality or walking access. The inventory has no publication date, and 2025 population is preliminary.",,open-space-public-filter-v1
208041195,rent_weekly,421,,,2021 Census,2021,2021,available,Historical reported rent; not current advertised rent.,,census-g02-direct-v2
208041195,population_growth,3.97330906885047,,,30 June 2020 to 30 June 2025,2020,2025,available,"2025 ERP is preliminary; historical estimated change, not a forecast.",,erp-growth-2020-2025-v1
208041195,transport_access,12.617256448720148,,,Morning access index; live snapshot retrieved 2026-09-08,,,available,Land-area-weighted average of the morning (8–9am) public transport access index over the part of this area the data covers. Not a commute time or access from a property.,0.9999999999999896,ptal-area-weighted-mean-v1
208041195,green_space_per_resident,22.39965967508302,,,Undated unmaintained open-space inventory / 30 June 2025 ERP,,,available,"Public open space that is open and existing (parks and gardens, natural and semi-natural areas, recreation corridors and sports grounds), divided by 2025 population. It can include river and lake frontage recorded as open space, and does not show vegetation, park quality or walking access. The inventory has no publication date, and 2025 population is preliminary.",,open-space-public-filter-v1
209011196,rent_weekly,385,,,2021 Census,2021,2021,available,Historical reported rent; not current advertised rent.,,census-g02-direct-v2
209011196,population_growth,0.42739193783389995,,,30 June 2020 to 30 June 2025,2020,2025,available,"2025 ERP is preliminary; historical estimated change, not a forecast.",,erp-growth-2020-2025-v1
209011196,transport_access,6.1882477995788285,,,Morning access index; live snapshot retrieved 2026-09-08,,,available,Land-area-weighted average of the morning (8–9am) public transport access index over the part of this area the data covers. Not a commute time or access from a property.,0.9999999999999253,ptal-area-weighted-mean-v1
209011196,green_space_per_resident,33.59526741180164,,,Undated unmaintained open-space inventory / 30 June 2025 ERP,,,available,"Public open space that is open and existing (parks and gardens, natural and semi-natural areas, recreation corridors and sports grounds), divided by 2025 population. It can include river and lake frontage recorded as open space, and does not show vegetation, park quality or walking access. The inventory has no publication date, and 2025 population is preliminary.",,open-space-public-filter-v1
209011197,rent_weekly,400,,,2021 Census,2021,2021,available,Historical reported rent; not current advertised rent.,,census-g02-direct-v2
209011197,population_growth,0.06082440462265475,,,30 June 2020 to 30 June 2025,2020,2025,available,"2025 ERP is preliminary; historical estimated change, not a forecast.",,erp-growth-2020-2025-v1
209011197,transport_access,6.353244736584975,,,Morning access index; live snapshot retrieved 2026-09-08,,,available,Land-area-weighted average of the morning (8–9am) public transport access index over the part of this area the data covers. Not a commute time or access from a property.,0.9999999999999744,ptal-area-weighted-mean-v1
209011197,green_space_per_resident,58.551320240128895,,,Undated unmaintained open-space inventory / 30 June 2025 ERP,,,available,"Public open space that is open and existing (parks and gardens, natural and semi-natural areas, recreation corridors and sports grounds), divided by 2025 population. It can include river and lake frontage recorded as open space, and does not show vegetation, park quality or walking access. The inventory has no publication date, and 2025 population is preliminary.",,open-space-public-filter-v1
209011198,rent_weekly,401,,,2021 Census,2021,2021,available,Historical reported rent; not current advertised rent.,,census-g02-direct-v2
209011198,population_growth,1.6516516516516517,,,30 June 2020 to 30 June 2025,2020,2025,available,"2025 ERP is preliminary; historical estimated change, not a forecast.",,erp-growth-2020-2025-v1
209011198,transport_access,9.449927718715863,,,Morning access index; live snapshot retrieved 2026-09-08,,,available,Land-area-weighted average of the morning (8–9am) public transport access index over the part of this area the data covers. Not a commute time or access from a property.,1.0,ptal-area-weighted-mean-v1
209011198,green_space_per_resident,54.83170830861137,,,Undated unmaintained open-space inventory / 30 June 2025 ERP,,,available,"Public open space that is open and existing (parks and gardens, natural and semi-natural areas, recreation corridors and sports grounds), divided by 2025 population. It can include river and lake frontage recorded as open space, and does not show vegetation, park quality or walking access. The inventory has no publication date, and 2025 population is preliminary.",,open-space-public-filter-v1
209011199,rent_weekly,353,,,2021 Census,2021,2021,available,Historical reported rent; not current advertised rent.,,census-g02-direct-v2
209011199,population_growth,10.836550836550837,,,30 June 2020 to 30 June 2025,2020,2025,available,"2025 ERP is preliminary; historical estimated change, not a forecast.",,erp-growth-2020-2025-v1
209011199,transport_access,10.765244022694793,,,Morning access index; live snapshot retrieved 2026-09-08,,,available,Land-area-weighted average of the morning (8–9am) public transport access index over the part of this area the data covers. Not a commute time or access from a property.,0.9999999999999908,ptal-area-weighted-mean-v1
209011199,green_space_per_resident,43.9896598768,,,Undated unmaintained open-space inventory / 30 June 2025 ERP,,,available,"Public open space that is open and existing (parks and gardens, natural and semi-natural areas, recreation corridors and sports grounds), divided by 2025 population. It can include river and lake frontage recorded as open space, and does not show vegetation, park quality or walking access. The inventory has no publication date, and 2025 population is preliminary.",,open-space-public-filter-v1
209011200,rent_weekly,440,,,2021 Census,2021,2021,available,Historical reported rent; not current advertised rent.,,census-g02-direct-v2
209011200,population_growth,2.367460995109835,,,30 June 2020 to 30 June 2025,2020,2025,available,"2025 ERP is preliminary; historical estimated change, not a forecast.",,erp-growth-2020-2025-v1
209011200,transport_access,11.11807811626488,,,Morning access index; live snapshot retrieved 2026-09-08,,,available,Land-area-weighted average of the morning (8–9am) public transport access index over the part of this area the data covers. Not a commute time or access from a property.,0.9999999999999716,ptal-area-weighted-mean-v1
209011200,green_space_per_resident,52.85723631563855,,,Undated unmaintained open-space inventory / 30 June 2025 ERP,,,available,"Public open space that is open and existing (parks and gardens, natural and semi-natural areas, recreation corridors and sports grounds), divided by 2025 population. It can include river and lake frontage recorded as open space, and does not show vegetation, park quality or walking access. The inventory has no publication date, and 2025 population is preliminary.",,open-space-public-filter-v1
209011201,rent_weekly,451,,,2021 Census,2021,2021,available,Historical reported rent; not current advertised rent.,,census-g02-direct-v2
209011201,population_growth,2.317134268537074,,,30 June 2020 to 30 June 2025,2020,2025,available,"2025 ERP is preliminary; historical estimated change, not a forecast.",,erp-growth-2020-2025-v1
209011201,transport_access,6.551490580948878,,,Morning access index; live snapshot retrieved 2026-09-08,,,available,Land-area-weighted average of the morning (8–9am) public transport access index over the part of this area the data covers. Not a commute time or access from a property.,1.0,ptal-area-weighted-mean-v1
209011201,green_space_per_resident,117.28445200463453,,,Undated unmaintained open-space inventory / 30 June 2025 ERP,,,available,"Public open space that is open and existing (parks and gardens, natural and semi-natural areas, recreation corridors and sports grounds), divided by 2025 population. It can include river and lake frontage recorded as open space, and does not show vegetation, park quality or walking access. The inventory has no publication date, and 2025 population is preliminary.",,open-space-public-filter-v1
209011202,rent_weekly,415,,,2021 Census,2021,2021,available,Historical reported rent; not current advertised rent.,,census-g02-direct-v2
209011202,population_growth,0.8104111209701271,,,30 June 2020 to 30 June 2025,2020,2025,available,"2025 ERP is preliminary; historical estimated change, not a forecast.",,erp-growth-2020-2025-v1
209011202,transport_access,3.8491112281313984,,,Morning access index; live snapshot retrieved 2026-09-08,,,available,Land-area-weighted average of the morning (8–9am) public transport access index over the part of this area the data covers. Not a commute time or access from a property.,1.0,ptal-area-weighted-mean-v1
209011202,green_space_per_resident,87.00749423174864,,,Undated unmaintained open-space inventory / 30 June 2025 ERP,,,available,"Public open space that is open and existing (parks and gardens, natural and semi-natural areas, recreation corridors and sports grounds), divided by 2025 population. It can include river and lake frontage recorded as open space, and does not show vegetation, park quality or walking access. The inventory has no publication date, and 2025 population is preliminary.",,open-space-public-filter-v1
209011203,rent_weekly,400,,,2021 Census,2021,2021,available,Historical reported rent; not current advertised rent.,,census-g02-direct-v2
209011203,population_growth,-1.016260162601626,,,30 June 2020 to 30 June 2025,2020,2025,available,"2025 ERP is preliminary; historical estimated change, not a forecast.",,erp-growth-2020-2025-v1
209011203,transport_access,3.9629480721358834,,,Morning access index; live snapshot retrieved 2026-09-08,,,available,Land-area-weighted average of the morning (8–9am) public transport access index over the part of this area the data covers. Not a commute time or access from a property.,0.9999999999999843,ptal-area-weighted-mean-v1
209011203,green_space_per_resident,111.45684820936683,,,Undated unmaintained open-space inventory / 30 June 2025 ERP,,,available,"Public open space that is open and existing (parks and gardens, natural and semi-natural areas, recreation corridors and sports grounds), divided by 2025 population. It can include river and lake frontage recorded as open space, and does not show vegetation, park quality or walking access. The inventory has no publication date, and 2025 population is preliminary.",,open-space-public-filter-v1
209011204,rent_weekly,390,,,2021 Census,2021,2021,available,Historical reported rent; not current advertised rent.,,census-g02-direct-v2
209011204,population_growth,0.29548332629801605,,,30 June 2020 to 30 June 2025,2020,2025,available,"2025 ERP is preliminary; historical estimated change, not a forecast.",,erp-growth-2020-2025-v1
209011204,transport_access,8.41199596235031,,,Morning access index; live snapshot retrieved 2026-09-08,,,available,Land-area-weighted average of the morning (8–9am) public transport access index over the part of this area the data covers. Not a commute time or access from a property.,1.0,ptal-area-weighted-mean-v1
209011204,green_space_per_resident,37.75833873627999,,,Undated unmaintained open-space inventory / 30 June 2025 ERP,,,available,"Public open space that is open and existing (parks and gardens, natural and semi-natural areas, recreation corridors and sports grounds), divided by 2025 population. It can include river and lake frontage recorded as open space, and does not show vegetation, park quality or walking access. The inventory has no publication date, and 2025 population is preliminary.",,open-space-public-filter-v1
209021205,rent_weekly,369,,,2021 Census,2021,2021,available,Historical reported rent; not current advertised rent.,,census-g02-direct-v2
209021205,population_growth,12.20824295010846,,,30 June 2020 to 30 June 2025,2020,2025,available,"2025 ERP is preliminary; historical estimated change, not a forecast.",,erp-growth-2020-2025-v1
209021205,transport_access,4.725187306506631,,,Morning access index; live snapshot retrieved 2026-09-08,,,available,Land-area-weighted average of the morning (8–9am) public transport access index over the part of this area the data covers. Not a commute time or access from a property.,1.0,ptal-area-weighted-mean-v1
209021205,green_space_per_resident,134.8968690807046,,,Undated unmaintained open-space inventory / 30 June 2025 ERP,,,available,"Public open space that is open and existing (parks and gardens, natural and semi-natural areas, recreation corridors and sports grounds), divided by 2025 population. It can include river and lake frontage recorded as open space, and does not show vegetation, park quality or walking access. The inventory has no publication date, and 2025 population is preliminary.",,open-space-public-filter-v1
209021428,rent_weekly,391,,,2021 Census,2021,2021,available,Historical reported rent; not current advertised rent.,,census-g02-direct-v2
209021428,population_growth,7.619792145681965,,,30 June 2020 to 30 June 2025,2020,2025,available,"2025 ERP is preliminary; historical estimated change, not a forecast.",,erp-growth-2020-2025-v1
209021428,transport_access,17.94806836419761,,,Morning access index; live snapshot retrieved 2026-09-08,,,available,Land-area-weighted average of the morning (8–9am) public transport access index over the part of this area the data covers. Not a commute time or access from a property.,1.0,ptal-area-weighted-mean-v1
209021428,green_space_per_resident,15.05041051140941,,,Undated unmaintained open-space inventory / 30 June 2025 ERP,,,available,"Public open space that is open and existing (parks and gardens, natural and semi-natural areas, recreation corridors and sports grounds), divided by 2025 population. It can include river and lake frontage recorded as open space, and does not show vegetation, park quality or walking access. The inventory has no publication date, and 2025 population is preliminary.",,open-space-public-filter-v1
209021429,rent_weekly,400,,,2021 Census,2021,2021,available,Historical reported rent; not current advertised rent.,,census-g02-direct-v2
209021429,population_growth,2.500376562735352,,,30 June 2020 to 30 June 2025,2020,2025,available,"2025 ERP is preliminary; historical estimated change, not a forecast.",,erp-growth-2020-2025-v1
209021429,transport_access,15.710724910975244,,,Morning access index; live snapshot retrieved 2026-09-08,,,available,Land-area-weighted average of the morning (8–9am) public transport access index over the part of this area the data covers. Not a commute time or access from a property.,1.0,ptal-area-weighted-mean-v1
209021429,green_space_per_resident,12.328655635507058,,,Undated unmaintained open-space inventory / 30 June 2025 ERP,,,available,"Public open space that is open and existing (parks and gardens, natural and semi-natural areas, recreation corridors and sports grounds), divided by 2025 population. It can include river and lake frontage recorded as open space, and does not show vegetation, park quality or walking access. The inventory has no publication date, and 2025 population is preliminary.",,open-space-public-filter-v1
209021523,rent_weekly,358,,,2021 Census,2021,2021,available,Historical reported rent; not current advertised rent.,,census-g02-direct-v2
209021523,population_growth,4.908448442017346,,,30 June 2020 to 30 June 2025,2020,2025,available,"2025 ERP is preliminary; historical estimated change, not a forecast.",,erp-growth-2020-2025-v1
209021523,transport_access,11.555511480240167,,,Morning access index; live snapshot retrieved 2026-09-08,,,available,Land-area-weighted average of the morning (8–9am) public transport access index over the part of this area the data covers. Not a commute time or access from a property.,0.9999999999999852,ptal-area-weighted-mean-v1
209021523,green_space_per_resident,34.659266126293275,,,Undated unmaintained open-space inventory / 30 June 2025 ERP,,,available,"Public open space that is open and existing (parks and gardens, natural and semi-natural areas, recreation corridors and sports grounds), divided by 2025 population. It can include river and lake frontage recorded as open space, and does not show vegetation, park quality or walking access. The inventory has no publication date, and 2025 population is preliminary.",,open-space-public-filter-v1
209021524,rent_weekly,371,,,2021 Census,2021,2021,available,Historical reported rent; not current advertised rent.,,census-g02-direct-v2
209021524,population_growth,-5.7510148849797025,,,30 June 2020 to 30 June 2025,2020,2025,available,"2025 ERP is preliminary; historical estimated change, not a forecast.",,erp-growth-2020-2025-v1
209021524,transport_access,6.664979088350182,,,Morning access index; live snapshot retrieved 2026-09-08,,,available,Land-area-weighted average of the morning (8–9am) public transport access index over the part of this area the data covers. Not a commute time or access from a property.,1.0,ptal-area-weighted-mean-v1
209021524,green_space_per_resident,46.37302480776697,,,Undated unmaintained open-space inventory / 30 June 2025 ERP,,,available,"Public open space that is open and existing (parks and gardens, natural and semi-natural areas, recreation corridors and sports grounds), divided by 2025 population. It can include river and lake frontage recorded as open space, and does not show vegetation, park quality or walking access. The inventory has no publication date, and 2025 population is preliminary.",,open-space-public-filter-v1
209021525,rent_weekly,349,,,2021 Census,2021,2021,available,Historical reported rent; not current advertised rent.,,census-g02-direct-v2
209021525,population_growth,5.552653183073364,,,30 June 2020 to 30 June 2025,2020,2025,available,"2025 ERP is preliminary; historical estimated change, not a forecast.",,erp-growth-2020-2025-v1
209021525,transport_access,16.075367203500022,,,Morning access index; live snapshot retrieved 2026-09-08,,,available,Land-area-weighted average of the morning (8–9am) public transport access index over the part of this area the data covers. Not a commute time or access from a property.,0.9999999999999758,ptal-area-weighted-mean-v1
209021525,green_space_per_resident,27.796449277317507,,,Undated unmaintained open-space inventory / 30 June 2025 ERP,,,available,"Public open space that is open and existing (parks and gardens, natural and semi-natural areas, recreation corridors and sports grounds), divided by 2025 population. It can include river and lake frontage recorded as open space, and does not show vegetation, park quality or walking access. The inventory has no publication date, and 2025 population is preliminary.",,open-space-public-filter-v1
209021526,rent_weekly,361,,,2021 Census,2021,2021,available,Historical reported rent; not current advertised rent.,,census-g02-direct-v2
209021526,population_growth,3.7302338153804566,,,30 June 2020 to 30 June 2025,2020,2025,available,"2025 ERP is preliminary; historical estimated change, not a forecast.",,erp-growth-2020-2025-v1
209021526,transport_access,11.174440780681005,,,Morning access index; live snapshot retrieved 2026-09-08,,,available,Land-area-weighted average of the morning (8–9am) public transport access index over the part of this area the data covers. Not a commute time or access from a property.,0.9999999999999888,ptal-area-weighted-mean-v1
209021526,green_space_per_resident,34.9131961901553,,,Undated unmaintained open-space inventory / 30 June 2025 ERP,,,available,"Public open space that is open and existing (parks and gardens, natural and semi-natural areas, recreation corridors and sports grounds), divided by 2025 population. It can include river and lake frontage recorded as open space, and does not show vegetation, park quality or walking access. The inventory has no publication date, and 2025 population is preliminary.",,open-space-public-filter-v1
209031209,rent_weekly,446,,,2021 Census,2021,2021,available,Historical reported rent; not current advertised rent.,,census-g02-direct-v2
209031209,population_growth,-1.8413304026873472,,,30 June 2020 to 30 June 2025,2020,2025,available,"2025 ERP is preliminary; historical estimated change, not a forecast.",,erp-growth-2020-2025-v1
209031209,transport_access,2.6642812854057505,,,Morning access index; live snapshot retrieved 2026-09-08,,,available,Land-area-weighted average of the morning (8–9am) public transport access index over the part of this area the data covers. Not a commute time or access from a property.,1.0,ptal-area-weighted-mean-v1
209031209,green_space_per_resident,131.8579664381294,,,Undated unmaintained open-space inventory / 30 June 2025 ERP,,,available,"Public open space that is open and existing (parks and gardens, natural and semi-natural areas, recreation corridors and sports grounds), divided by 2025 population. It can include river and lake frontage recorded as open space, and does not show vegetation, park quality or walking access. The inventory has no publication date, and 2025 population is preliminary.",,open-space-public-filter-v1
209031210,rent_weekly,420,,,2021 Census,2021,2021,available,Historical reported rent; not current advertised rent.,,census-g02-direct-v2
209031210,population_growth,-3.056167400881057,,,30 June 2020 to 30 June 2025,2020,2025,available,"2025 ERP is preliminary; historical estimated change, not a forecast.",,erp-growth-2020-2025-v1
209031210,transport_access,0.38889799891268667,,,Morning access index; live snapshot retrieved 2026-09-08,,,available,Land-area-weighted average of the morning (8–9am) public transport access index over the part of this area the data covers. Not a commute time or access from a property.,0.9999999999999901,ptal-area-weighted-mean-v1
209031210,green_space_per_resident,183.28543858251578,,,Undated unmaintained open-space inventory / 30 June 2025 ERP,,,available,"Public open space that is open and existing (parks and gardens, natural and semi-natural areas, recreation corridors and sports grounds), divided by 2025 population. It can include river and lake frontage recorded as open space, and does not show vegetation, park quality or walking access. The inventory has no publication date, and 2025 population is preliminary.",,open-space-public-filter-v1
209031211,rent_weekly,306,,,2021 Census,2021,2021,available,Historical reported rent; not current advertised rent.,,census-g02-direct-v2
209031211,population_growth,5.920421860019175,,,30 June 2020 to 30 June 2025,2020,2025,available,"2025 ERP is preliminary; historical estimated change, not a forecast.",,erp-growth-2020-2025-v1
209031211,transport_access,0.0103746489817976,,,Morning access index; live snapshot retrieved 2026-09-08,,,limited,"The transport data covers less than half of this area, so treat this figure with care. It is a land-area-weighted average of the morning (8–9am) access index over the covered part only.",0.019059147986953316,ptal-area-weighted-mean-v1
209031211,green_space_per_resident,0.21671324410955722,,,Undated unmaintained open-space inventory / 30 June 2025 ERP,,,available,"Public open space that is open and existing (parks and gardens, natural and semi-natural areas, recreation corridors and sports grounds), divided by 2025 population. It can include river and lake frontage recorded as open space, and does not show vegetation, park quality or walking access. The inventory has no publication date, and 2025 population is preliminary.",,open-space-public-filter-v1
209031212,rent_weekly,300,,,2021 Census,2021,2021,available,Historical reported rent; not current advertised rent.,,census-g02-direct-v2
209031212,population_growth,-2.024446142093201,,,30 June 2020 to 30 June 2025,2020,2025,available,"2025 ERP is preliminary; historical estimated change, not a forecast.",,erp-growth-2020-2025-v1
209031212,transport_access,0.004859867346973333,,,Morning access index; live snapshot retrieved 2026-09-08,,,available,Land-area-weighted average of the morning (8–9am) public transport access index over the part of this area the data covers. Not a commute time or access from a property.,0.9999999999999981,ptal-area-weighted-mean-v1
209031212,green_space_per_resident,1222.6241749391907,,,Undated unmaintained open-space inventory / 30 June 2025 ERP,,,available,"Public open space that is open and existing (parks and gardens, natural and semi-natural areas, recreation corridors and sports grounds), divided by 2025 population. It can include river and lake frontage recorded as open space, and does not show vegetation, park quality or walking access. The inventory has no publication date, and 2025 population is preliminary.",,open-space-public-filter-v1
209031213,rent_weekly,480,,,2021 Census,2021,2021,available,Historical reported rent; not current advertised rent.,,census-g02-direct-v2
209031213,population_growth,-1.884666598381645,,,30 June 2020 to 30 June 2025,2020,2025,available,"2025 ERP is preliminary; historical estimated change, not a forecast.",,erp-growth-2020-2025-v1
209031213,transport_access,0.9924436202721011,,,Morning access index; live snapshot retrieved 2026-09-08,,,available,Land-area-weighted average of the morning (8–9am) public transport access index over the part of this area the data covers. Not a commute time or access from a property.,0.9999999999999987,ptal-area-weighted-mean-v1
209031213,green_space_per_resident,495.48357898193746,,,Undated unmaintained open-space inventory / 30 June 2025 ERP,,,available,"Public open space that is open and existing (parks and gardens, natural and semi-natural areas, recreation corridors and sports grounds), divided by 2025 population. It can include river and lake frontage recorded as open space, and does not show vegetation, park quality or walking access. The inventory has no publication date, and 2025 population is preliminary.",,open-space-public-filter-v1
209031214,rent_weekly,462,,,2021 Census,2021,2021,available,Historical reported rent; not current advertised rent.,,census-g02-direct-v2
209031214,population_growth,0.5715102157451064,,,30 June 2020 to 30 June 2025,2020,2025,available,"2025 ERP is preliminary; historical estimated change, not a forecast.",,erp-growth-2020-2025-v1
209031214,transport_access,0.5064636456886403,,,Morning access index; live snapshot retrieved 2026-09-08,,,available,Land-area-weighted average of the morning (8–9am) public transport access index over the part of this area the data covers. Not a commute time or access from a property.,1.0,ptal-area-weighted-mean-v1
209031214,green_space_per_resident,364.157755619697,,,Undated unmaintained open-space inventory / 30 June 2025 ERP,,,available,"Public open space that is open and existing (parks and gardens, natural and semi-natural areas, recreation corridors and sports grounds), divided by 2025 population. It can include river and lake frontage recorded as open space, and does not show vegetation, park quality or walking access. The inventory has no publication date, and 2025 population is preliminary.",,open-space-public-filter-v1
209031215,rent_weekly,429,,,2021 Census,2021,2021,available,Historical reported rent; not current advertised rent.,,census-g02-direct-v2
209031215,population_growth,1.9205706838603471,,,30 June 2020 to 30 June 2025,2020,2025,available,"2025 ERP is preliminary; historical estimated change, not a forecast.",,erp-growth-2020-2025-v1
209031215,transport_access,1.2950250966950132,,,Morning access index; live snapshot retrieved 2026-09-08,,,available,Land-area-weighted average of the morning (8–9am) public transport access index over the part of this area the data covers. Not a commute time or access from a property.,0.9999999999999996,ptal-area-weighted-mean-v1
209031215,green_space_per_resident,63.69444895980026,,,Undated unmaintained open-space inventory / 30 June 2025 ERP,,,available,"Public open space that is open and existing (parks and gardens, natural and semi-natural areas, recreation corridors and sports grounds), divided by 2025 population. It can include river and lake frontage recorded as open space, and does not show vegetation, park quality or walking access. The inventory has no publication date, and 2025 population is preliminary.",,open-space-public-filter-v1
209041216,rent_weekly,381,,,2021 Census,2021,2021,available,Historical reported rent; not current advertised rent.,,census-g02-direct-v2
209041216,population_growth,3.2731958762886597,,,30 June 2020 to 30 June 2025,2020,2025,available,"2025 ERP is preliminary; historical estimated change, not a forecast.",,erp-growth-2020-2025-v1
209041216,transport_access,3.5399046051488194,,,Morning access index; live snapshot retrieved 2026-09-08,,,available,Land-area-weighted average of the morning (8–9am) public transport access index over the part of this area the data covers. Not a commute time or access from a property.,1.0,ptal-area-weighted-mean-v1
209041216,green_space_per_resident,191.53926748585755,,,Undated unmaintained open-space inventory / 30 June 2025 ERP,,,available,"Public open space that is open and existing (parks and gardens, natural and semi-natural areas, recreation corridors and sports grounds), divided by 2025 population. It can include river and lake frontage recorded as open space, and does not show vegetation, park quality or walking access. The inventory has no publication date, and 2025 population is preliminary.",,open-space-public-filter-v1
209041217,rent_weekly,380,,,2021 Census,2021,2021,available,Historical reported rent; not current advertised rent.,,census-g02-direct-v2
209041217,population_growth,5.307132910413121,,,30 June 2020 to 30 June 2025,2020,2025,available,"2025 ERP is preliminary; historical estimated change, not a forecast.",,erp-growth-2020-2025-v1
209041217,transport_access,6.062603729202936,,,Morning access index; live snapshot retrieved 2026-09-08,,,available,Land-area-weighted average of the morning (8–9am) public transport access index over the part of this area the data covers. Not a commute time or access from a property.,1.0,ptal-area-weighted-mean-v1
209041217,green_space_per_resident,52.162040352241085,,,Undated unmaintained open-space inventory / 30 June 2025 ERP,,,available,"Public open space that is open and existing (parks and gardens, natural and semi-natural areas, recreation corridors and sports grounds), divided by 2025 population. It can include river and lake frontage recorded as open space, and does not show vegetation, park quality or walking access. The inventory has no publication date, and 2025 population is preliminary.",,open-space-public-filter-v1
209041220,rent_weekly,365,,,2021 Census,2021,2021,available,Historical reported rent; not current advertised rent.,,census-g02-direct-v2
209041220,population_growth,-3.633577760752982,,,30 June 2020 to 30 June 2025,2020,2025,available,"2025 ERP is preliminary; historical estimated change, not a forecast.",,erp-growth-2020-2025-v1
209041220,transport_access,4.543214455477479,,,Morning access index; live snapshot retrieved 2026-09-08,,,available,Land-area-weighted average of the morning (8–9am) public transport access index over the part of this area the data covers. Not a commute time or access from a property.,0.9999999999999547,ptal-area-weighted-mean-v1
209041220,green_space_per_resident,80.32560342975712,,,Undated unmaintained open-space inventory / 30 June 2025 ERP,,,available,"Public open space that is open and existing (parks and gardens, natural and semi-natural areas, recreation corridors and sports grounds), divided by 2025 population. It can include river and lake frontage recorded as open space, and does not show vegetation, park quality or walking access. The inventory has no publication date, and 2025 population is preliminary.",,open-space-public-filter-v1
209041221,rent_weekly,369,,,2021 Census,2021,2021,available,Historical reported rent; not current advertised rent.,,census-g02-direct-v2
209041221,population_growth,-3.387408590400941,,,30 June 2020 to 30 June 2025,2020,2025,available,"2025 ERP is preliminary; historical estimated change, not a forecast.",,erp-growth-2020-2025-v1
209041221,transport_access,4.115962377317908,,,Morning access index; live snapshot retrieved 2026-09-08,,,available,Land-area-weighted average of the morning (8–9am) public transport access index over the part of this area the data covers. Not a commute time or access from a property.,1.0,ptal-area-weighted-mean-v1
209041221,green_space_per_resident,77.31883768730054,,,Undated unmaintained open-space inventory / 30 June 2025 ERP,,,available,"Public open space that is open and existing (parks and gardens, natural and semi-natural areas, recreation corridors and sports grounds), divided by 2025 population. It can include river and lake frontage recorded as open space, and does not show vegetation, park quality or walking access. The inventory has no publication date, and 2025 population is preliminary.",,open-space-public-filter-v1
209041223,rent_weekly,350,,,2021 Census,2021,2021,available,Historical reported rent; not current advertised rent.,,census-g02-direct-v2
209041223,population_growth,-2.7298918433854436,,,30 June 2020 to 30 June 2025,2020,2025,available,"2025 ERP is preliminary; historical estimated change, not a forecast.",,erp-growth-2020-2025-v1
209041223,transport_access,4.82822166710573,,,Morning access index; live snapshot retrieved 2026-09-08,,,available,Land-area-weighted average of the morning (8–9am) public transport access index over the part of this area the data covers. Not a commute time or access from a property.,1.0,ptal-area-weighted-mean-v1
209041223,green_space_per_resident,62.945180592477065,,,Undated unmaintained open-space inventory / 30 June 2025 ERP,,,available,"Public open space that is open and existing (parks and gardens, natural and semi-natural areas, recreation corridors and sports grounds), divided by 2025 population. It can include river and lake frontage recorded as open space, and does not show vegetation, park quality or walking access. The inventory has no publication date, and 2025 population is preliminary.",,open-space-public-filter-v1
209041224,rent_weekly,361,,,2021 Census,2021,2021,available,Historical reported rent; not current advertised rent.,,census-g02-direct-v2
209041224,population_growth,40.843893608132575,,,30 June 2020 to 30 June 2025,2020,2025,available,"2025 ERP is preliminary; historical estimated change, not a forecast.",,erp-growth-2020-2025-v1
209041224,transport_access,0.02188932909761587,,,Morning access index; live snapshot retrieved 2026-09-08,,,limited,"The transport data covers less than half of this area, so treat this figure with care. It is a land-area-weighted average of the morning (8–9am) access index over the covered part only.",0.17194353023729927,ptal-area-weighted-mean-v1
209041224,green_space_per_resident,21.706327965464386,,,Undated unmaintained open-space inventory / 30 June 2025 ERP,,,available,"Public open space that is open and existing (parks and gardens, natural and semi-natural areas, recreation corridors and sports grounds), divided by 2025 population. It can include river and lake frontage recorded as open space, and does not show vegetation, park quality or walking access. The inventory has no publication date, and 2025 population is preliminary.",,open-space-public-filter-v1
209041225,rent_weekly,375,,,2021 Census,2021,2021,available,Historical reported rent; not current advertised rent.,,census-g02-direct-v2
209041225,population_growth,85.39222686932571,,,30 June 2020 to 30 June 2025,2020,2025,available,"2025 ERP is preliminary; historical estimated change, not a forecast.",,erp-growth-2020-2025-v1
209041225,transport_access,0.05868976109480124,,,Morning access index; live snapshot retrieved 2026-09-08,,,available,Land-area-weighted average of the morning (8–9am) public transport access index over the part of this area the data covers. Not a commute time or access from a property.,0.9999981954265711,ptal-area-weighted-mean-v1
209041225,green_space_per_resident,1072.3377975485944,,,Undated unmaintained open-space inventory / 30 June 2025 ERP,,,available,"Public open space that is open and existing (parks and gardens, natural and semi-natural areas, recreation corridors and sports grounds), divided by 2025 population. It can include river and lake frontage recorded as open space, and does not show vegetation, park quality or walking access. The inventory has no publication date, and 2025 population is preliminary.",,open-space-public-filter-v1
209041431,rent_weekly,360,,,2021 Census,2021,2021,available,Historical reported rent; not current advertised rent.,,census-g02-direct-v2
209041431,population_growth,-1.72551294134706,,,30 June 2020 to 30 June 2025,2020,2025,available,"2025 ERP is preliminary; historical estimated change, not a forecast.",,erp-growth-2020-2025-v1
209041431,transport_access,3.393567437315575,,,Morning access index; live snapshot retrieved 2026-09-08,,,available,Land-area-weighted average of the morning (8–9am) public transport access index over the part of this area the data covers. Not a commute time or access from a property.,0.9999999999999867,ptal-area-weighted-mean-v1
209041431,green_space_per_resident,85.37599025200109,,,Undated unmaintained open-space inventory / 30 June 2025 ERP,,,available,"Public open space that is open and existing (parks and gardens, natural and semi-natural areas, recreation corridors and sports grounds), divided by 2025 population. It can include river and lake frontage recorded as open space, and does not show vegetation, park quality or walking access. The inventory has no publication date, and 2025 population is preliminary.",,open-space-public-filter-v1
209041432,rent_weekly,350,,,2021 Census,2021,2021,available,Historical reported rent; not current advertised rent.,,census-g02-direct-v2
209041432,population_growth,-3.847487001733102,,,30 June 2020 to 30 June 2025,2020,2025,available,"2025 ERP is preliminary; historical estimated change, not a forecast.",,erp-growth-2020-2025-v1
209041432,transport_access,3.3983228903050575,,,Morning access index; live snapshot retrieved 2026-09-08,,,available,Land-area-weighted average of the morning (8–9am) public transport access index over the part of this area the data covers. Not a commute time or access from a property.,1.0,ptal-area-weighted-mean-v1
209041432,green_space_per_resident,57.83101850574892,,,Undated unmaintained open-space inventory / 30 June 2025 ERP,,,available,"Public open space that is open and existing (parks and gardens, natural and semi-natural areas, recreation corridors and sports grounds), divided by 2025 population. It can include river and lake frontage recorded as open space, and does not show vegetation, park quality or walking access. The inventory has no publication date, and 2025 population is preliminary.",,open-space-public-filter-v1
209041433,rent_weekly,381,,,2021 Census,2021,2021,available,Historical reported rent; not current advertised rent.,,census-g02-direct-v2
209041433,population_growth,2.732632249840663,,,30 June 2020 to 30 June 2025,2020,2025,available,"2025 ERP is preliminary; historical estimated change, not a forecast.",,erp-growth-2020-2025-v1
209041433,transport_access,2.394113862548823,,,Morning access index; live snapshot retrieved 2026-09-08,,,available,Land-area-weighted average of the morning (8–9am) public transport access index over the part of this area the data covers. Not a commute time or access from a property.,1.0,ptal-area-weighted-mean-v1
209041433,green_space_per_resident,56.66188294768689,,,Undated unmaintained open-space inventory / 30 June 2025 ERP,,,available,"Public open space that is open and existing (parks and gardens, natural and semi-natural areas, recreation corridors and sports grounds), divided by 2025 population. It can include river and lake frontage recorded as open space, and does not show vegetation, park quality or walking access. The inventory has no publication date, and 2025 population is preliminary.",,open-space-public-filter-v1
209041435,rent_weekly,400,,,2021 Census,2021,2021,available,Historical reported rent; not current advertised rent.,,census-g02-direct-v2
209041435,population_growth,2.449389584299181,,,30 June 2020 to 30 June 2025,2020,2025,available,"2025 ERP is preliminary; historical estimated change, not a forecast.",,erp-growth-2020-2025-v1
209041435,transport_access,2.4426023520616953,,,Morning access index; live snapshot retrieved 2026-09-08,,,available,Land-area-weighted average of the morning (8–9am) public transport access index over the part of this area the data covers. Not a commute time or access from a property.,0.9999999999999831,ptal-area-weighted-mean-v1
209041435,green_space_per_resident,411.79912874948616,,,Undated unmaintained open-space inventory / 30 June 2025 ERP,,,available,"Public open space that is open and existing (parks and gardens, natural and semi-natural areas, recreation corridors and sports grounds), divided by 2025 population. It can include river and lake frontage recorded as open space, and does not show vegetation, park quality or walking access. The inventory has no publication date, and 2025 population is preliminary.",,open-space-public-filter-v1
209041436,rent_weekly,380,,,2021 Census,2021,2021,available,Historical reported rent; not current advertised rent.,,census-g02-direct-v2
209041436,population_growth,1.5401369010578718,,,30 June 2020 to 30 June 2025,2020,2025,available,"2025 ERP is preliminary; historical estimated change, not a forecast.",,erp-growth-2020-2025-v1
209041436,transport_access,3.5942867072204314,,,Morning access index; live snapshot retrieved 2026-09-08,,,available,Land-area-weighted average of the morning (8–9am) public transport access index over the part of this area the data covers. Not a commute time or access from a property.,1.0,ptal-area-weighted-mean-v1
209041436,green_space_per_resident,136.54488900926523,,,Undated unmaintained open-space inventory / 30 June 2025 ERP,,,available,"Public open space that is open and existing (parks and gardens, natural and semi-natural areas, recreation corridors and sports grounds), divided by 2025 population. It can include river and lake frontage recorded as open space, and does not show vegetation, park quality or walking access. The inventory has no publication date, and 2025 population is preliminary.",,open-space-public-filter-v1
209041437,rent_weekly,391,,,2021 Census,2021,2021,available,Historical reported rent; not current advertised rent.,,census-g02-direct-v2
209041437,population_growth,74.7699642431466,,,30 June 2020 to 30 June 2025,2020,2025,available,"2025 ERP is preliminary; historical estimated change, not a forecast.",,erp-growth-2020-2025-v1
209041437,transport_access,0.3039251830921222,,,Morning access index; live snapshot retrieved 2026-09-08,,,available,Land-area-weighted average of the morning (8–9am) public transport access index over the part of this area the data covers. Not a commute time or access from a property.,0.9999999999999981,ptal-area-weighted-mean-v1
209041437,green_space_per_resident,17.03812201914798,,,Undated unmaintained open-space inventory / 30 June 2025 ERP,,,available,"Public open space that is open and existing (parks and gardens, natural and semi-natural areas, recreation corridors and sports grounds), divided by 2025 population. It can include river and lake frontage recorded as open space, and does not show vegetation, park quality or walking access. The inventory has no publication date, and 2025 population is preliminary.",,open-space-public-filter-v1
209041527,rent_weekly,400,,,2021 Census,2021,2021,available,Historical reported rent; not current advertised rent.,,census-g02-direct-v2
209041527,population_growth,5.894246676061516,,,30 June 2020 to 30 June 2025,2020,2025,available,"2025 ERP is preliminary; historical estimated change, not a forecast.",,erp-growth-2020-2025-v1
209041527,transport_access,2.159156838090049,,,Morning access index; live snapshot retrieved 2026-09-08,,,available,Land-area-weighted average of the morning (8–9am) public transport access index over the part of this area the data covers. Not a commute time or access from a property.,1.0,ptal-area-weighted-mean-v1
209041527,green_space_per_resident,61.458139221052726,,,Undated unmaintained open-space inventory / 30 June 2025 ERP,,,available,"Public open space that is open and existing (parks and gardens, natural and semi-natural areas, recreation corridors and sports grounds), divided by 2025 population. It can include river and lake frontage recorded as open space, and does not show vegetation, park quality or walking access. The inventory has no publication date, and 2025 population is preliminary.",,open-space-public-filter-v1
209041528,rent_weekly,386,,,2021 Census,2021,2021,available,Historical reported rent; not current advertised rent.,,census-g02-direct-v2
209041528,population_growth,17.85538127651179,,,30 June 2020 to 30 June 2025,2020,2025,available,"2025 ERP is preliminary; historical estimated change, not a forecast.",,erp-growth-2020-2025-v1
209041528,transport_access,2.6053038148748677,,,Morning access index; live snapshot retrieved 2026-09-08,,,available,Land-area-weighted average of the morning (8–9am) public transport access index over the part of this area the data covers. Not a commute time or access from a property.,0.9999999999999553,ptal-area-weighted-mean-v1
209041528,green_space_per_resident,107.93404359625247,,,Undated unmaintained open-space inventory / 30 June 2025 ERP,,,available,"Public open space that is open and existing (parks and gardens, natural and semi-natural areas, recreation corridors and sports grounds), divided by 2025 population. It can include river and lake frontage recorded as open space, and does not show vegetation, park quality or walking access. The inventory has no publication date, and 2025 population is preliminary.",,open-space-public-filter-v1
209041529,rent_weekly,350,,,2021 Census,2021,2021,available,Historical reported rent; not current advertised rent.,,census-g02-direct-v2
209041529,population_growth,-1.6593132553232304,,,30 June 2020 to 30 June 2025,2020,2025,available,"2025 ERP is preliminary; historical estimated change, not a forecast.",,erp-growth-2020-2025-v1
209041529,transport_access,7.178716885856438,,,Morning access index; live snapshot retrieved 2026-09-08,,,available,Land-area-weighted average of the morning (8–9am) public transport access index over the part of this area the data covers. Not a commute time or access from a property.,1.0,ptal-area-weighted-mean-v1
209041529,green_space_per_resident,23.67403395097185,,,Undated unmaintained open-space inventory / 30 June 2025 ERP,,,available,"Public open space that is open and existing (parks and gardens, natural and semi-natural areas, recreation corridors and sports grounds), divided by 2025 population. It can include river and lake frontage recorded as open space, and does not show vegetation, park quality or walking access. The inventory has no publication date, and 2025 population is preliminary.",,open-space-public-filter-v1
209041530,rent_weekly,366,,,2021 Census,2021,2021,available,Historical reported rent; not current advertised rent.,,census-g02-direct-v2
209041530,population_growth,0.17985611510791366,,,30 June 2020 to 30 June 2025,2020,2025,available,"2025 ERP is preliminary; historical estimated change, not a forecast.",,erp-growth-2020-2025-v1
209041530,transport_access,2.6718587923602453,,,Morning access index; live snapshot retrieved 2026-09-08,,,available,Land-area-weighted average of the morning (8–9am) public transport access index over the part of this area the data covers. Not a commute time or access from a property.,0.9999999999999958,ptal-area-weighted-mean-v1
209041530,green_space_per_resident,44.82777329813269,,,Undated unmaintained open-space inventory / 30 June 2025 ERP,,,available,"Public open space that is open and existing (parks and gardens, natural and semi-natural areas, recreation corridors and sports grounds), divided by 2025 population. It can include river and lake frontage recorded as open space, and does not show vegetation, park quality or walking access. The inventory has no publication date, and 2025 population is preliminary.",,open-space-public-filter-v1
209041531,rent_weekly,378,,,2021 Census,2021,2021,available,Historical reported rent; not current advertised rent.,,census-g02-direct-v2
209041531,population_growth,5.1250762660158635,,,30 June 2020 to 30 June 2025,2020,2025,available,"2025 ERP is preliminary; historical estimated change, not a forecast.",,erp-growth-2020-2025-v1
209041531,transport_access,1.2907513147435352,,,Morning access index; live snapshot retrieved 2026-09-08,,,available,Land-area-weighted average of the morning (8–9am) public transport access index over the part of this area the data covers. Not a commute time or access from a property.,1.0,ptal-area-weighted-mean-v1
209041531,green_space_per_resident,80.65136102666276,,,Undated unmaintained open-space inventory / 30 June 2025 ERP,,,available,"Public open space that is open and existing (parks and gardens, natural and semi-natural areas, recreation corridors and sports grounds), divided by 2025 population. It can include river and lake frontage recorded as open space, and does not show vegetation, park quality or walking access. The inventory has no publication date, and 2025 population is preliminary.",,open-space-public-filter-v1
209041532,rent_weekly,390,,,2021 Census,2021,2021,available,Historical reported rent; not current advertised rent.,,census-g02-direct-v2
209041532,population_growth,19.02061855670103,,,30 June 2020 to 30 June 2025,2020,2025,available,"2025 ERP is preliminary; historical estimated change, not a forecast.",,erp-growth-2020-2025-v1
209041532,transport_access,2.775515775745601,,,Morning access index; live snapshot retrieved 2026-09-08,,,available,Land-area-weighted average of the morning (8–9am) public transport access index over the part of this area the data covers. Not a commute time or access from a property.,0.9999999999999785,ptal-area-weighted-mean-v1
209041532,green_space_per_resident,83.30887204984555,,,Undated unmaintained open-space inventory / 30 June 2025 ERP,,,available,"Public open space that is open and existing (parks and gardens, natural and semi-natural areas, recreation corridors and sports grounds), divided by 2025 population. It can include river and lake frontage recorded as open space, and does not show vegetation, park quality or walking access. The inventory has no publication date, and 2025 population is preliminary.",,open-space-public-filter-v1
210011226,rent_weekly,401,,,2021 Census,2021,2021,available,Historical reported rent; not current advertised rent.,,census-g02-direct-v2
210011226,population_growth,5.034680698397513,,,30 June 2020 to 30 June 2025,2020,2025,available,"2025 ERP is preliminary; historical estimated change, not a forecast.",,erp-growth-2020-2025-v1
210011226,transport_access,10.42988617468233,,,Morning access index; live snapshot retrieved 2026-09-08,,,available,Land-area-weighted average of the morning (8–9am) public transport access index over the part of this area the data covers. Not a commute time or access from a property.,1.0,ptal-area-weighted-mean-v1
210011226,green_space_per_resident,28.72586034352561,,,Undated unmaintained open-space inventory / 30 June 2025 ERP,,,available,"Public open space that is open and existing (parks and gardens, natural and semi-natural areas, recreation corridors and sports grounds), divided by 2025 population. It can include river and lake frontage recorded as open space, and does not show vegetation, park quality or walking access. The inventory has no publication date, and 2025 population is preliminary.",,open-space-public-filter-v1
210011227,rent_weekly,,,,2021 Census,2021,2021,unavailable,Source G02 token is 0; median withheld. 2021 RNTD excludes zero rent and the area QuickStats reports no/very low population. This does not mean free rent.,,census-g02-direct-v2
210011227,population_growth,27.272727272727273,,,30 June 2020 to 30 June 2025,2020,2025,available,"2025 ERP is preliminary; historical estimated change, not a forecast.",,erp-growth-2020-2025-v1
210011227,transport_access,2.891975454511558,,,Morning access index; live snapshot retrieved 2026-09-08,,,available,Land-area-weighted average of the morning (8–9am) public transport access index over the part of this area the data covers. Not a commute time or access from a property.,1.0,ptal-area-weighted-mean-v1
210011227,green_space_per_resident,,,,Undated unmaintained open-space inventory / 30 June 2025 ERP,,,unavailable,"No selected open-space polygon intersects this SA2; inventory coverage is unknown, so no zero is asserted. Public open space that is open and existing (parks and gardens, natural and semi-natural areas, recreation corridors and sports grounds), divided by 2025 population. It can include river and lake frontage recorded as open space, and does not show vegetation, park quality or walking access. The inventory has no publication date, and 2025 population is preliminary.",,open-space-public-filter-v1
210011228,rent_weekly,396,,,2021 Census,2021,2021,available,Historical reported rent; not current advertised rent.,,census-g02-direct-v2
210011228,population_growth,-0.5240373661426293,,,30 June 2020 to 30 June 2025,2020,2025,available,"2025 ERP is preliminary; historical estimated change, not a forecast.",,erp-growth-2020-2025-v1
210011228,transport_access,2.114022120076226,,,Morning access index; live snapshot retrieved 2026-09-08,,,available,Land-area-weighted average of the morning (8–9am) public transport access index over the part of this area the data covers. Not a commute time or access from a property.,1.0,ptal-area-weighted-mean-v1
210011228,green_space_per_resident,531.180940497944,,,Undated unmaintained open-space inventory / 30 June 2025 ERP,,,available,"Public open space that is open and existing (parks and gardens, natural and semi-natural areas, recreation corridors and sports grounds), divided by 2025 population. It can include river and lake frontage recorded as open space, and does not show vegetation, park quality or walking access. The inventory has no publication date, and 2025 population is preliminary.",,open-space-public-filter-v1
210011230,rent_weekly,435,,,2021 Census,2021,2021,available,Historical reported rent; not current advertised rent.,,census-g02-direct-v2
210011230,population_growth,5.257651059377452,,,30 June 2020 to 30 June 2025,2020,2025,available,"2025 ERP is preliminary; historical estimated change, not a forecast.",,erp-growth-2020-2025-v1
210011230,transport_access,9.18970595726359,,,Morning access index; live snapshot retrieved 2026-09-08,,,available,Land-area-weighted average of the morning (8–9am) public transport access index over the part of this area the data covers. Not a commute time or access from a property.,1.0,ptal-area-weighted-mean-v1
210011230,green_space_per_resident,62.66205558761009,,,Undated unmaintained open-space inventory / 30 June 2025 ERP,,,available,"Public open space that is open and existing (parks and gardens, natural and semi-natural areas, recreation corridors and sports grounds), divided by 2025 population. It can include river and lake frontage recorded as open space, and does not show vegetation, park quality or walking access. The inventory has no publication date, and 2025 population is preliminary.",,open-space-public-filter-v1
210011231,rent_weekly,450,,,2021 Census,2021,2021,available,Historical reported rent; not current advertised rent.,,census-g02-direct-v2
210011231,population_growth,2.5201907171353506,,,30 June 2020 to 30 June 2025,2020,2025,available,"2025 ERP is preliminary; historical estimated change, not a forecast.",,erp-growth-2020-2025-v1
210011231,transport_access,8.921077699451812,,,Morning access index; live snapshot retrieved 2026-09-08,,,available,Land-area-weighted average of the morning (8–9am) public transport access index over the part of this area the data covers. Not a commute time or access from a property.,0.999999999999952,ptal-area-weighted-mean-v1
210011231,green_space_per_resident,60.318766374060154,,,Undated unmaintained open-space inventory / 30 June 2025 ERP,,,available,"Public open space that is open and existing (parks and gardens, natural and semi-natural areas, recreation corridors and sports grounds), divided by 2025 population. It can include river and lake frontage recorded as open space, and does not show vegetation, park quality or walking access. The inventory has no publication date, and 2025 population is preliminary.",,open-space-public-filter-v1
210011533,rent_weekly,400,,,2021 Census,2021,2021,available,Historical reported rent; not current advertised rent.,,census-g02-direct-v2
210011533,population_growth,1.7323208353108686,,,30 June 2020 to 30 June 2025,2020,2025,available,"2025 ERP is preliminary; historical estimated change, not a forecast.",,erp-growth-2020-2025-v1
210011533,transport_access,5.034001057779156,,,Morning access index; live snapshot retrieved 2026-09-08,,,available,Land-area-weighted average of the morning (8–9am) public transport access index over the part of this area the data covers. Not a commute time or access from a property.,0.9999999999999688,ptal-area-weighted-mean-v1
210011533,green_space_per_resident,121.81631211278456,,,Undated unmaintained open-space inventory / 30 June 2025 ERP,,,available,"Public open space that is open and existing (parks and gardens, natural and semi-natural areas, recreation corridors and sports grounds), divided by 2025 population. It can include river and lake frontage recorded as open space, and does not show vegetation, park quality or walking access. The inventory has no publication date, and 2025 population is preliminary.",,open-space-public-filter-v1
210011534,rent_weekly,408,,,2021 Census,2021,2021,available,Historical reported rent; not current advertised rent.,,census-g02-direct-v2
210011534,population_growth,1.1246848943184022,,,30 June 2020 to 30 June 2025,2020,2025,available,"2025 ERP is preliminary; historical estimated change, not a forecast.",,erp-growth-2020-2025-v1
210011534,transport_access,7.900362956801667,,,Morning access index; live snapshot retrieved 2026-09-08,,,available,Land-area-weighted average of the morning (8–9am) public transport access index over the part of this area the data covers. Not a commute time or access from a property.,1.0,ptal-area-weighted-mean-v1
210011534,green_space_per_resident,39.20968891306092,,,Undated unmaintained open-space inventory / 30 June 2025 ERP,,,available,"Public open space that is open and existing (parks and gardens, natural and semi-natural areas, recreation corridors and sports grounds), divided by 2025 population. It can include river and lake frontage recorded as open space, and does not show vegetation, park quality or walking access. The inventory has no publication date, and 2025 population is preliminary.",,open-space-public-filter-v1
210021232,rent_weekly,430,,,2021 Census,2021,2021,available,Historical reported rent; not current advertised rent.,,census-g02-direct-v2
210021232,population_growth,12.032292032292032,,,30 June 2020 to 30 June 2025,2020,2025,available,"2025 ERP is preliminary; historical estimated change, not a forecast.",,erp-growth-2020-2025-v1
210021232,transport_access,0.0,,,Morning access index; live snapshot retrieved 2026-09-08,,,limited,"The transport data covers less than half of this area, so treat this figure with care. It is a land-area-weighted average of the morning (8–9am) access index over the covered part only.",0.009356102340830301,ptal-area-weighted-mean-v1
210021232,green_space_per_resident,,,,Undated unmaintained open-space inventory / 30 June 2025 ERP,,,unavailable,"No selected open-space polygon intersects this SA2; inventory coverage is unknown, so no zero is asserted. Public open space that is open and existing (parks and gardens, natural and semi-natural areas, recreation corridors and sports grounds), divided by 2025 population. It can include river and lake frontage recorded as open space, and does not show vegetation, park quality or walking access. The inventory has no publication date, and 2025 population is preliminary.",,open-space-public-filter-v1
210021233,rent_weekly,361,,,2021 Census,2021,2021,available,Historical reported rent; not current advertised rent.,,census-g02-direct-v2
210021233,population_growth,2.234162895927602,,,30 June 2020 to 30 June 2025,2020,2025,available,"2025 ERP is preliminary; historical estimated change, not a forecast.",,erp-growth-2020-2025-v1
210021233,transport_access,,,,Morning access index; live snapshot retrieved 2026-09-08,,,unavailable,"No valid PTAL polygon area intersects this SA2. Outside coverage is unknown, not zero access.",0.0,ptal-area-weighted-mean-v1
210021233,green_space_per_resident,,,,Undated unmaintained open-space inventory / 30 June 2025 ERP,,,unavailable,"No selected open-space polygon intersects this SA2; inventory coverage is unknown, so no zero is asserted. Public open space that is open and existing (parks and gardens, natural and semi-natural areas, recreation corridors and sports grounds), divided by 2025 population. It can include river and lake frontage recorded as open space, and does not show vegetation, park quality or walking access. The inventory has no publication date, and 2025 population is preliminary.",,open-space-public-filter-v1
210021234,rent_weekly,400,,,2021 Census,2021,2021,available,Historical reported rent; not current advertised rent.,,census-g02-direct-v2
210021234,population_growth,3.309320126069338,,,30 June 2020 to 30 June 2025,2020,2025,available,"2025 ERP is preliminary; historical estimated change, not a forecast.",,erp-growth-2020-2025-v1
210021234,transport_access,0.0,,,Morning access index; live snapshot retrieved 2026-09-08,,,limited,"The transport data covers less than half of this area, so treat this figure with care. It is a land-area-weighted average of the morning (8–9am) access index over the covered part only.",0.012517002576921163,ptal-area-weighted-mean-v1
210021234,green_space_per_resident,,,,Undated unmaintained open-space inventory / 30 June 2025 ERP,,,unavailable,"No selected open-space polygon intersects this SA2; inventory coverage is unknown, so no zero is asserted. Public open space that is open and existing (parks and gardens, natural and semi-natural areas, recreation corridors and sports grounds), divided by 2025 population. It can include river and lake frontage recorded as open space, and does not show vegetation, park quality or walking access. The inventory has no publication date, and 2025 population is preliminary.",,open-space-public-filter-v1
210021235,rent_weekly,365,,,2021 Census,2021,2021,available,Historical reported rent; not current advertised rent.,,census-g02-direct-v2
210021235,population_growth,8.999246136449303,,,30 June 2020 to 30 June 2025,2020,2025,available,"2025 ERP is preliminary; historical estimated change, not a forecast.",,erp-growth-2020-2025-v1
210021235,transport_access,0.0,,,Morning access index; live snapshot retrieved 2026-09-08,,,limited,"The transport data covers less than half of this area, so treat this figure with care. It is a land-area-weighted average of the morning (8–9am) access index over the covered part only.",0.0032031623828693272,ptal-area-weighted-mean-v1
210021235,green_space_per_resident,0.6955593902807171,,,Undated unmaintained open-space inventory / 30 June 2025 ERP,,,available,"Public open space that is open and existing (parks and gardens, natural and semi-natural areas, recreation corridors and sports grounds), divided by 2025 population. It can include river and lake frontage recorded as open space, and does not show vegetation, park quality or walking access. The inventory has no publication date, and 2025 population is preliminary.",,open-space-public-filter-v1
210031236,rent_weekly,401,,,2021 Census,2021,2021,available,Historical reported rent; not current advertised rent.,,census-g02-direct-v2
210031236,population_growth,1.789173789173789,,,30 June 2020 to 30 June 2025,2020,2025,available,"2025 ERP is preliminary; historical estimated change, not a forecast.",,erp-growth-2020-2025-v1
210031236,transport_access,9.377804936133463,,,Morning access index; live snapshot retrieved 2026-09-08,,,available,Land-area-weighted average of the morning (8–9am) public transport access index over the part of this area the data covers. Not a commute time or access from a property.,1.0,ptal-area-weighted-mean-v1
210031236,green_space_per_resident,106.55576644892615,,,Undated unmaintained open-space inventory / 30 June 2025 ERP,,,available,"Public open space that is open and existing (parks and gardens, natural and semi-natural areas, recreation corridors and sports grounds), divided by 2025 population. It can include river and lake frontage recorded as open space, and does not show vegetation, park quality or walking access. The inventory has no publication date, and 2025 population is preliminary.",,open-space-public-filter-v1
210031237,rent_weekly,380,,,2021 Census,2021,2021,available,Historical reported rent; not current advertised rent.,,census-g02-direct-v2
210031237,population_growth,2.1311142683174347,,,30 June 2020 to 30 June 2025,2020,2025,available,"2025 ERP is preliminary; historical estimated change, not a forecast.",,erp-growth-2020-2025-v1
210031237,transport_access,9.420624986001847,,,Morning access index; live snapshot retrieved 2026-09-08,,,available,Land-area-weighted average of the morning (8–9am) public transport access index over the part of this area the data covers. Not a commute time or access from a property.,1.0,ptal-area-weighted-mean-v1
210031237,green_space_per_resident,56.9644607832034,,,Undated unmaintained open-space inventory / 30 June 2025 ERP,,,available,"Public open space that is open and existing (parks and gardens, natural and semi-natural areas, recreation corridors and sports grounds), divided by 2025 population. It can include river and lake frontage recorded as open space, and does not show vegetation, park quality or walking access. The inventory has no publication date, and 2025 population is preliminary.",,open-space-public-filter-v1
210031439,rent_weekly,423,,,2021 Census,2021,2021,available,Historical reported rent; not current advertised rent.,,census-g02-direct-v2
210031439,population_growth,1.8694550063371356,,,30 June 2020 to 30 June 2025,2020,2025,available,"2025 ERP is preliminary; historical estimated change, not a forecast.",,erp-growth-2020-2025-v1
210031439,transport_access,3.27018723922004,,,Morning access index; live snapshot retrieved 2026-09-08,,,available,Land-area-weighted average of the morning (8–9am) public transport access index over the part of this area the data covers. Not a commute time or access from a property.,0.9999999999999235,ptal-area-weighted-mean-v1
210031439,green_space_per_resident,122.22139963975373,,,Undated unmaintained open-space inventory / 30 June 2025 ERP,,,available,"Public open space that is open and existing (parks and gardens, natural and semi-natural areas, recreation corridors and sports grounds), divided by 2025 population. It can include river and lake frontage recorded as open space, and does not show vegetation, park quality or walking access. The inventory has no publication date, and 2025 population is preliminary.",,open-space-public-filter-v1
210031440,rent_weekly,376,,,2021 Census,2021,2021,available,Historical reported rent; not current advertised rent.,,census-g02-direct-v2
210031440,population_growth,4.0037535189239915,,,30 June 2020 to 30 June 2025,2020,2025,available,"2025 ERP is preliminary; historical estimated change, not a forecast.",,erp-growth-2020-2025-v1
210031440,transport_access,6.696815275519535,,,Morning access index; live snapshot retrieved 2026-09-08,,,available,Land-area-weighted average of the morning (8–9am) public transport access index over the part of this area the data covers. Not a commute time or access from a property.,0.9999999999999707,ptal-area-weighted-mean-v1
210031440,green_space_per_resident,12.063536435859252,,,Undated unmaintained open-space inventory / 30 June 2025 ERP,,,available,"Public open space that is open and existing (parks and gardens, natural and semi-natural areas, recreation corridors and sports grounds), divided by 2025 population. It can include river and lake frontage recorded as open space, and does not show vegetation, park quality or walking access. The inventory has no publication date, and 2025 population is preliminary.",,open-space-public-filter-v1
210031535,rent_weekly,369,,,2021 Census,2021,2021,available,Historical reported rent; not current advertised rent.,,census-g02-direct-v2
210031535,population_growth,1.2656601349180854,,,30 June 2020 to 30 June 2025,2020,2025,available,"2025 ERP is preliminary; historical estimated change, not a forecast.",,erp-growth-2020-2025-v1
210031535,transport_access,5.769289850955763,,,Morning access index; live snapshot retrieved 2026-09-08,,,available,Land-area-weighted average of the morning (8–9am) public transport access index over the part of this area the data covers. Not a commute time or access from a property.,1.0,ptal-area-weighted-mean-v1
210031535,green_space_per_resident,27.660200708030874,,,Undated unmaintained open-space inventory / 30 June 2025 ERP,,,available,"Public open space that is open and existing (parks and gardens, natural and semi-natural areas, recreation corridors and sports grounds), divided by 2025 population. It can include river and lake frontage recorded as open space, and does not show vegetation, park quality or walking access. The inventory has no publication date, and 2025 population is preliminary.",,open-space-public-filter-v1
210031536,rent_weekly,369,,,2021 Census,2021,2021,available,Historical reported rent; not current advertised rent.,,census-g02-direct-v2
210031536,population_growth,3.4285096257841228,,,30 June 2020 to 30 June 2025,2020,2025,available,"2025 ERP is preliminary; historical estimated change, not a forecast.",,erp-growth-2020-2025-v1
210031536,transport_access,6.102589904331313,,,Morning access index; live snapshot retrieved 2026-09-08,,,available,Land-area-weighted average of the morning (8–9am) public transport access index over the part of this area the data covers. Not a commute time or access from a property.,0.9999999999999991,ptal-area-weighted-mean-v1
210031536,green_space_per_resident,38.93353329666124,,,Undated unmaintained open-space inventory / 30 June 2025 ERP,,,available,"Public open space that is open and existing (parks and gardens, natural and semi-natural areas, recreation corridors and sports grounds), divided by 2025 population. It can include river and lake frontage recorded as open space, and does not show vegetation, park quality or walking access. The inventory has no publication date, and 2025 population is preliminary.",,open-space-public-filter-v1
210031537,rent_weekly,401,,,2021 Census,2021,2021,available,Historical reported rent; not current advertised rent.,,census-g02-direct-v2
210031537,population_growth,4.979762050778854,,,30 June 2020 to 30 June 2025,2020,2025,available,"2025 ERP is preliminary; historical estimated change, not a forecast.",,erp-growth-2020-2025-v1
210031537,transport_access,6.6817223477829435,,,Morning access index; live snapshot retrieved 2026-09-08,,,available,Land-area-weighted average of the morning (8–9am) public transport access index over the part of this area the data covers. Not a commute time or access from a property.,0.9999999999999974,ptal-area-weighted-mean-v1
210031537,green_space_per_resident,35.102269436947964,,,Undated unmaintained open-space inventory / 30 June 2025 ERP,,,available,"Public open space that is open and existing (parks and gardens, natural and semi-natural areas, recreation corridors and sports grounds), divided by 2025 population. It can include river and lake frontage recorded as open space, and does not show vegetation, park quality or walking access. The inventory has no publication date, and 2025 population is preliminary.",,open-space-public-filter-v1
210031538,rent_weekly,400,,,2021 Census,2021,2021,available,Historical reported rent; not current advertised rent.,,census-g02-direct-v2
210031538,population_growth,4.027630772658905,,,30 June 2020 to 30 June 2025,2020,2025,available,"2025 ERP is preliminary; historical estimated change, not a forecast.",,erp-growth-2020-2025-v1
210031538,transport_access,9.711967562345578,,,Morning access index; live snapshot retrieved 2026-09-08,,,available,Land-area-weighted average of the morning (8–9am) public transport access index over the part of this area the data covers. Not a commute time or access from a property.,1.0,ptal-area-weighted-mean-v1
210031538,green_space_per_resident,16.208907208904456,,,Undated unmaintained open-space inventory / 30 June 2025 ERP,,,available,"Public open space that is open and existing (parks and gardens, natural and semi-natural areas, recreation corridors and sports grounds), divided by 2025 population. It can include river and lake frontage recorded as open space, and does not show vegetation, park quality or walking access. The inventory has no publication date, and 2025 population is preliminary.",,open-space-public-filter-v1
210041240,rent_weekly,371,,,2021 Census,2021,2021,available,Historical reported rent; not current advertised rent.,,census-g02-direct-v2
210041240,population_growth,10.867369028719873,,,30 June 2020 to 30 June 2025,2020,2025,available,"2025 ERP is preliminary; historical estimated change, not a forecast.",,erp-growth-2020-2025-v1
210041240,transport_access,0.2542167386096371,,,Morning access index; live snapshot retrieved 2026-09-08,,,available,Land-area-weighted average of the morning (8–9am) public transport access index over the part of this area the data covers. Not a commute time or access from a property.,0.9999755367168608,ptal-area-weighted-mean-v1
210041240,green_space_per_resident,174.58461637488273,,,Undated unmaintained open-space inventory / 30 June 2025 ERP,,,available,"Public open space that is open and existing (parks and gardens, natural and semi-natural areas, recreation corridors and sports grounds), divided by 2025 population. It can include river and lake frontage recorded as open space, and does not show vegetation, park quality or walking access. The inventory has no publication date, and 2025 population is preliminary.",,open-space-public-filter-v1
210041539,rent_weekly,396,,,2021 Census,2021,2021,available,Historical reported rent; not current advertised rent.,,census-g02-direct-v2
210041539,population_growth,59.83659428079983,,,30 June 2020 to 30 June 2025,2020,2025,available,"2025 ERP is preliminary; historical estimated change, not a forecast.",,erp-growth-2020-2025-v1
210041539,transport_access,0.35523976694548326,,,Morning access index; live snapshot retrieved 2026-09-08,,,available,Land-area-weighted average of the morning (8–9am) public transport access index over the part of this area the data covers. Not a commute time or access from a property.,0.9999999999999869,ptal-area-weighted-mean-v1
210041539,green_space_per_resident,18.03136193177144,,,Undated unmaintained open-space inventory / 30 June 2025 ERP,,,available,"Public open space that is open and existing (parks and gardens, natural and semi-natural areas, recreation corridors and sports grounds), divided by 2025 population. It can include river and lake frontage recorded as open space, and does not show vegetation, park quality or walking access. The inventory has no publication date, and 2025 population is preliminary.",,open-space-public-filter-v1
210041540,rent_weekly,351,,,2021 Census,2021,2021,available,Historical reported rent; not current advertised rent.,,census-g02-direct-v2
210041540,population_growth,17.52625282467101,,,30 June 2020 to 30 June 2025,2020,2025,available,"2025 ERP is preliminary; historical estimated change, not a forecast.",,erp-growth-2020-2025-v1
210041540,transport_access,1.553248614493154,,,Morning access index; live snapshot retrieved 2026-09-08,,,available,Land-area-weighted average of the morning (8–9am) public transport access index over the part of this area the data covers. Not a commute time or access from a property.,0.9999999999999971,ptal-area-weighted-mean-v1
210041540,green_space_per_resident,74.86442072917933,,,Undated unmaintained open-space inventory / 30 June 2025 ERP,,,available,"Public open space that is open and existing (parks and gardens, natural and semi-natural areas, recreation corridors and sports grounds), divided by 2025 population. It can include river and lake frontage recorded as open space, and does not show vegetation, park quality or walking access. The inventory has no publication date, and 2025 population is preliminary.",,open-space-public-filter-v1
210041541,rent_weekly,376,,,2021 Census,2021,2021,available,Historical reported rent; not current advertised rent.,,census-g02-direct-v2
210041541,population_growth,-0.4330129037845328,,,30 June 2020 to 30 June 2025,2020,2025,available,"2025 ERP is preliminary; historical estimated change, not a forecast.",,erp-growth-2020-2025-v1
210041541,transport_access,0.9847401641939194,,,Morning access index; live snapshot retrieved 2026-09-08,,,available,Land-area-weighted average of the morning (8–9am) public transport access index over the part of this area the data covers. Not a commute time or access from a property.,0.9995405165764706,ptal-area-weighted-mean-v1
210041541,green_space_per_resident,94.68677375586924,,,Undated unmaintained open-space inventory / 30 June 2025 ERP,,,available,"Public open space that is open and existing (parks and gardens, natural and semi-natural areas, recreation corridors and sports grounds), divided by 2025 population. It can include river and lake frontage recorded as open space, and does not show vegetation, park quality or walking access. The inventory has no publication date, and 2025 population is preliminary.",,open-space-public-filter-v1
210051242,rent_weekly,331,,,2021 Census,2021,2021,available,Historical reported rent; not current advertised rent.,,census-g02-direct-v2
210051242,population_growth,1.5257340476029022,,,30 June 2020 to 30 June 2025,2020,2025,available,"2025 ERP is preliminary; historical estimated change, not a forecast.",,erp-growth-2020-2025-v1
210051242,transport_access,7.361878893068492,,,Morning access index; live snapshot retrieved 2026-09-08,,,available,Land-area-weighted average of the morning (8–9am) public transport access index over the part of this area the data covers. Not a commute time or access from a property.,0.999999999999977,ptal-area-weighted-mean-v1
210051242,green_space_per_resident,75.71480534067493,,,Undated unmaintained open-space inventory / 30 June 2025 ERP,,,available,"Public open space that is open and existing (parks and gardens, natural and semi-natural areas, recreation corridors and sports grounds), divided by 2025 population. It can include river and lake frontage recorded as open space, and does not show vegetation, park quality or walking access. The inventory has no publication date, and 2025 population is preliminary.",,open-space-public-filter-v1
210051243,rent_weekly,330,,,2021 Census,2021,2021,available,Historical reported rent; not current advertised rent.,,census-g02-direct-v2
210051243,population_growth,-2.955285756588688,,,30 June 2020 to 30 June 2025,2020,2025,available,"2025 ERP is preliminary; historical estimated change, not a forecast.",,erp-growth-2020-2025-v1
210051243,transport_access,3.4445128304925143,,,Morning access index; live snapshot retrieved 2026-09-08,,,available,Land-area-weighted average of the morning (8–9am) public transport access index over the part of this area the data covers. Not a commute time or access from a property.,0.9999999999999857,ptal-area-weighted-mean-v1
210051243,green_space_per_resident,70.61801682786324,,,Undated unmaintained open-space inventory / 30 June 2025 ERP,,,available,"Public open space that is open and existing (parks and gardens, natural and semi-natural areas, recreation corridors and sports grounds), divided by 2025 population. It can include river and lake frontage recorded as open space, and does not show vegetation, park quality or walking access. The inventory has no publication date, and 2025 population is preliminary.",,open-space-public-filter-v1
210051245,rent_weekly,371,,,2021 Census,2021,2021,available,Historical reported rent; not current advertised rent.,,census-g02-direct-v2
210051245,population_growth,-1.6829766641574362,,,30 June 2020 to 30 June 2025,2020,2025,available,"2025 ERP is preliminary; historical estimated change, not a forecast.",,erp-growth-2020-2025-v1
210051245,transport_access,2.465817913382036,,,Morning access index; live snapshot retrieved 2026-09-08,,,available,Land-area-weighted average of the morning (8–9am) public transport access index over the part of this area the data covers. Not a commute time or access from a property.,1.0,ptal-area-weighted-mean-v1
210051245,green_space_per_resident,178.42541040147066,,,Undated unmaintained open-space inventory / 30 June 2025 ERP,,,available,"Public open space that is open and existing (parks and gardens, natural and semi-natural areas, recreation corridors and sports grounds), divided by 2025 population. It can include river and lake frontage recorded as open space, and does not show vegetation, park quality or walking access. The inventory has no publication date, and 2025 population is preliminary.",,open-space-public-filter-v1
210051246,rent_weekly,430,,,2021 Census,2021,2021,available,Historical reported rent; not current advertised rent.,,census-g02-direct-v2
210051246,population_growth,25.74369096292119,,,30 June 2020 to 30 June 2025,2020,2025,available,"2025 ERP is preliminary; historical estimated change, not a forecast.",,erp-growth-2020-2025-v1
210051246,transport_access,0.22830819845994388,,,Morning access index; live snapshot retrieved 2026-09-08,,,available,Land-area-weighted average of the morning (8–9am) public transport access index over the part of this area the data covers. Not a commute time or access from a property.,1.0,ptal-area-weighted-mean-v1
210051246,green_space_per_resident,410.8688851377115,,,Undated unmaintained open-space inventory / 30 June 2025 ERP,,,available,"Public open space that is open and existing (parks and gardens, natural and semi-natural areas, recreation corridors and sports grounds), divided by 2025 population. It can include river and lake frontage recorded as open space, and does not show vegetation, park quality or walking access. The inventory has no publication date, and 2025 population is preliminary.",,open-space-public-filter-v1
210051247,rent_weekly,346,,,2021 Census,2021,2021,available,Historical reported rent; not current advertised rent.,,census-g02-direct-v2
210051247,population_growth,-6.306818181818182,,,30 June 2020 to 30 June 2025,2020,2025,available,"2025 ERP is preliminary; historical estimated change, not a forecast.",,erp-growth-2020-2025-v1
210051247,transport_access,5.0899937262968065,,,Morning access index; live snapshot retrieved 2026-09-08,,,available,Land-area-weighted average of the morning (8–9am) public transport access index over the part of this area the data covers. Not a commute time or access from a property.,0.999999999999972,ptal-area-weighted-mean-v1
210051247,green_space_per_resident,54.900337287403126,,,Undated unmaintained open-space inventory / 30 June 2025 ERP,,,available,"Public open space that is open and existing (parks and gardens, natural and semi-natural areas, recreation corridors and sports grounds), divided by 2025 population. It can include river and lake frontage recorded as open space, and does not show vegetation, park quality or walking access. The inventory has no publication date, and 2025 population is preliminary.",,open-space-public-filter-v1
210051248,rent_weekly,250,,,2021 Census,2021,2021,available,Historical reported rent; not current advertised rent.,,census-g02-direct-v2
210051248,population_growth,-9.090909090909092,,,30 June 2020 to 30 June 2025,2020,2025,available,"2025 ERP is preliminary; historical estimated change, not a forecast.",,erp-growth-2020-2025-v1
210051248,transport_access,0.17036964989078504,,,Morning access index; live snapshot retrieved 2026-09-08,,,available,Land-area-weighted average of the morning (8–9am) public transport access index over the part of this area the data covers. Not a commute time or access from a property.,1.0,ptal-area-weighted-mean-v1
210051248,green_space_per_resident,3541.6158619705793,,,Undated unmaintained open-space inventory / 30 June 2025 ERP,,,available,"Public open space that is open and existing (parks and gardens, natural and semi-natural areas, recreation corridors and sports grounds), divided by 2025 population. It can include river and lake frontage recorded as open space, and does not show vegetation, park quality or walking access. The inventory has no publication date, and 2025 population is preliminary.",,open-space-public-filter-v1
210051250,rent_weekly,351,,,2021 Census,2021,2021,available,Historical reported rent; not current advertised rent.,,census-g02-direct-v2
210051250,population_growth,-1.421453692848769,,,30 June 2020 to 30 June 2025,2020,2025,available,"2025 ERP is preliminary; historical estimated change, not a forecast.",,erp-growth-2020-2025-v1
210051250,transport_access,4.300755235310818,,,Morning access index; live snapshot retrieved 2026-09-08,,,available,Land-area-weighted average of the morning (8–9am) public transport access index over the part of this area the data covers. Not a commute time or access from a property.,0.9999999999999892,ptal-area-weighted-mean-v1
210051250,green_space_per_resident,27.76310135130026,,,Undated unmaintained open-space inventory / 30 June 2025 ERP,,,available,"Public open space that is open and existing (parks and gardens, natural and semi-natural areas, recreation corridors and sports grounds), divided by 2025 population. It can include river and lake frontage recorded as open space, and does not show vegetation, park quality or walking access. The inventory has no publication date, and 2025 population is preliminary.",,open-space-public-filter-v1
210051441,rent_weekly,350,,,2021 Census,2021,2021,available,Historical reported rent; not current advertised rent.,,census-g02-direct-v2
210051441,population_growth,-6.230636833046471,,,30 June 2020 to 30 June 2025,2020,2025,available,"2025 ERP is preliminary; historical estimated change, not a forecast.",,erp-growth-2020-2025-v1
210051441,transport_access,4.543012384757943,,,Morning access index; live snapshot retrieved 2026-09-08,,,available,Land-area-weighted average of the morning (8–9am) public transport access index over the part of this area the data covers. Not a commute time or access from a property.,0.9999999999999936,ptal-area-weighted-mean-v1
210051441,green_space_per_resident,33.74012721565642,,,Undated unmaintained open-space inventory / 30 June 2025 ERP,,,available,"Public open space that is open and existing (parks and gardens, natural and semi-natural areas, recreation corridors and sports grounds), divided by 2025 population. It can include river and lake frontage recorded as open space, and does not show vegetation, park quality or walking access. The inventory has no publication date, and 2025 population is preliminary.",,open-space-public-filter-v1
210051442,rent_weekly,371,,,2021 Census,2021,2021,available,Historical reported rent; not current advertised rent.,,census-g02-direct-v2
210051442,population_growth,-0.3645388970759327,,,30 June 2020 to 30 June 2025,2020,2025,available,"2025 ERP is preliminary; historical estimated change, not a forecast.",,erp-growth-2020-2025-v1
210051442,transport_access,1.4184148343404448,,,Morning access index; live snapshot retrieved 2026-09-08,,,available,Land-area-weighted average of the morning (8–9am) public transport access index over the part of this area the data covers. Not a commute time or access from a property.,1.0,ptal-area-weighted-mean-v1
210051442,green_space_per_resident,105.77160860526196,,,Undated unmaintained open-space inventory / 30 June 2025 ERP,,,available,"Public open space that is open and existing (parks and gardens, natural and semi-natural areas, recreation corridors and sports grounds), divided by 2025 population. It can include river and lake frontage recorded as open space, and does not show vegetation, park quality or walking access. The inventory has no publication date, and 2025 population is preliminary.",,open-space-public-filter-v1
210051443,rent_weekly,375,,,2021 Census,2021,2021,available,Historical reported rent; not current advertised rent.,,census-g02-direct-v2
210051443,population_growth,12.939164201183432,,,30 June 2020 to 30 June 2025,2020,2025,available,"2025 ERP is preliminary; historical estimated change, not a forecast.",,erp-growth-2020-2025-v1
210051443,transport_access,4.545129680594897,,,Morning access index; live snapshot retrieved 2026-09-08,,,available,Land-area-weighted average of the morning (8–9am) public transport access index over the part of this area the data covers. Not a commute time or access from a property.,0.9999999999999966,ptal-area-weighted-mean-v1
210051443,green_space_per_resident,36.5133884931054,,,Undated unmaintained open-space inventory / 30 June 2025 ERP,,,available,"Public open space that is open and existing (parks and gardens, natural and semi-natural areas, recreation corridors and sports grounds), divided by 2025 population. It can include river and lake frontage recorded as open space, and does not show vegetation, park quality or walking access. The inventory has no publication date, and 2025 population is preliminary.",,open-space-public-filter-v1
210051445,rent_weekly,400,,,2021 Census,2021,2021,available,Historical reported rent; not current advertised rent.,,census-g02-direct-v2
210051445,population_growth,111.12183094816959,,,30 June 2020 to 30 June 2025,2020,2025,available,"2025 ERP is preliminary; historical estimated change, not a forecast.",,erp-growth-2020-2025-v1
210051445,transport_access,0.3203478353252849,,,Morning access index; live snapshot retrieved 2026-09-08,,,available,Land-area-weighted average of the morning (8–9am) public transport access index over the part of this area the data covers. Not a commute time or access from a property.,1.0,ptal-area-weighted-mean-v1
210051445,green_space_per_resident,11.297133021407015,,,Undated unmaintained open-space inventory / 30 June 2025 ERP,,,available,"Public open space that is open and existing (parks and gardens, natural and semi-natural areas, recreation corridors and sports grounds), divided by 2025 population. It can include river and lake frontage recorded as open space, and does not show vegetation, park quality or walking access. The inventory has no publication date, and 2025 population is preliminary.",,open-space-public-filter-v1
210051542,rent_weekly,396,,,2021 Census,2021,2021,available,Historical reported rent; not current advertised rent.,,census-g02-direct-v2
210051542,population_growth,22.04690370690587,,,30 June 2020 to 30 June 2025,2020,2025,available,"2025 ERP is preliminary; historical estimated change, not a forecast.",,erp-growth-2020-2025-v1
210051542,transport_access,5.435043252556632,,,Morning access index; live snapshot retrieved 2026-09-08,,,available,Land-area-weighted average of the morning (8–9am) public transport access index over the part of this area the data covers. Not a commute time or access from a property.,0.9999999999999596,ptal-area-weighted-mean-v1
210051542,green_space_per_resident,1.9995990106067014,,,Undated unmaintained open-space inventory / 30 June 2025 ERP,,,available,"Public open space that is open and existing (parks and gardens, natural and semi-natural areas, recreation corridors and sports grounds), divided by 2025 population. It can include river and lake frontage recorded as open space, and does not show vegetation, park quality or walking access. The inventory has no publication date, and 2025 population is preliminary.",,open-space-public-filter-v1
210051543,rent_weekly,381,,,2021 Census,2021,2021,available,Historical reported rent; not current advertised rent.,,census-g02-direct-v2
210051543,population_growth,17.99479782454481,,,30 June 2020 to 30 June 2025,2020,2025,available,"2025 ERP is preliminary; historical estimated change, not a forecast.",,erp-growth-2020-2025-v1
210051543,transport_access,6.120773896292554,,,Morning access index; live snapshot retrieved 2026-09-08,,,available,Land-area-weighted average of the morning (8–9am) public transport access index over the part of this area the data covers. Not a commute time or access from a property.,1.0,ptal-area-weighted-mean-v1
210051543,green_space_per_resident,22.97222231327508,,,Undated unmaintained open-space inventory / 30 June 2025 ERP,,,available,"Public open space that is open and existing (parks and gardens, natural and semi-natural areas, recreation corridors and sports grounds), divided by 2025 population. It can include river and lake frontage recorded as open space, and does not show vegetation, park quality or walking access. The inventory has no publication date, and 2025 population is preliminary.",,open-space-public-filter-v1
210051544,rent_weekly,375,,,2021 Census,2021,2021,available,Historical reported rent; not current advertised rent.,,census-g02-direct-v2
210051544,population_growth,-3.425271333266952,,,30 June 2020 to 30 June 2025,2020,2025,available,"2025 ERP is preliminary; historical estimated change, not a forecast.",,erp-growth-2020-2025-v1
210051544,transport_access,3.1758725231892773,,,Morning access index; live snapshot retrieved 2026-09-08,,,available,Land-area-weighted average of the morning (8–9am) public transport access index over the part of this area the data covers. Not a commute time or access from a property.,1.0,ptal-area-weighted-mean-v1
210051544,green_space_per_resident,90.88849141225603,,,Undated unmaintained open-space inventory / 30 June 2025 ERP,,,available,"Public open space that is open and existing (parks and gardens, natural and semi-natural areas, recreation corridors and sports grounds), divided by 2025 population. It can include river and lake frontage recorded as open space, and does not show vegetation, park quality or walking access. The inventory has no publication date, and 2025 population is preliminary.",,open-space-public-filter-v1
210051545,rent_weekly,395,,,2021 Census,2021,2021,available,Historical reported rent; not current advertised rent.,,census-g02-direct-v2
210051545,population_growth,2.9813913159474423,,,30 June 2020 to 30 June 2025,2020,2025,available,"2025 ERP is preliminary; historical estimated change, not a forecast.",,erp-growth-2020-2025-v1
210051545,transport_access,3.1074744523686326,,,Morning access index; live snapshot retrieved 2026-09-08,,,available,Land-area-weighted average of the morning (8–9am) public transport access index over the part of this area the data covers. Not a commute time or access from a property.,0.9999999999999982,ptal-area-weighted-mean-v1
210051545,green_space_per_resident,23.018095132620946,,,Undated unmaintained open-space inventory / 30 June 2025 ERP,,,available,"Public open space that is open and existing (parks and gardens, natural and semi-natural areas, recreation corridors and sports grounds), divided by 2025 population. It can include river and lake frontage recorded as open space, and does not show vegetation, park quality or walking access. The inventory has no publication date, and 2025 population is preliminary.",,open-space-public-filter-v1
211011251,rent_weekly,376,,,2021 Census,2021,2021,available,Historical reported rent; not current advertised rent.,,census-g02-direct-v2
211011251,population_growth,3.0480295566502464,,,30 June 2020 to 30 June 2025,2020,2025,available,"2025 ERP is preliminary; historical estimated change, not a forecast.",,erp-growth-2020-2025-v1
211011251,transport_access,4.46906776287187,,,Morning access index; live snapshot retrieved 2026-09-08,,,available,Land-area-weighted average of the morning (8–9am) public transport access index over the part of this area the data covers. Not a commute time or access from a property.,1.0,ptal-area-weighted-mean-v1
211011251,green_space_per_resident,28.25578947013408,,,Undated unmaintained open-space inventory / 30 June 2025 ERP,,,available,"Public open space that is open and existing (parks and gardens, natural and semi-natural areas, recreation corridors and sports grounds), divided by 2025 population. It can include river and lake frontage recorded as open space, and does not show vegetation, park quality or walking access. The inventory has no publication date, and 2025 population is preliminary.",,open-space-public-filter-v1
211011254,rent_weekly,425,,,2021 Census,2021,2021,available,Historical reported rent; not current advertised rent.,,census-g02-direct-v2
211011254,population_growth,1.2693935119887165,,,30 June 2020 to 30 June 2025,2020,2025,available,"2025 ERP is preliminary; historical estimated change, not a forecast.",,erp-growth-2020-2025-v1
211011254,transport_access,3.9397376973233142,,,Morning access index; live snapshot retrieved 2026-09-08,,,available,Land-area-weighted average of the morning (8–9am) public transport access index over the part of this area the data covers. Not a commute time or access from a property.,0.9999999999999979,ptal-area-weighted-mean-v1
211011254,green_space_per_resident,94.3525575582768,,,Undated unmaintained open-space inventory / 30 June 2025 ERP,,,available,"Public open space that is open and existing (parks and gardens, natural and semi-natural areas, recreation corridors and sports grounds), divided by 2025 population. It can include river and lake frontage recorded as open space, and does not show vegetation, park quality or walking access. The inventory has no publication date, and 2025 population is preliminary.",,open-space-public-filter-v1
211011255,rent_weekly,435,,,2021 Census,2021,2021,available,Historical reported rent; not current advertised rent.,,census-g02-direct-v2
211011255,population_growth,-2.646280505733608,,,30 June 2020 to 30 June 2025,2020,2025,available,"2025 ERP is preliminary; historical estimated change, not a forecast.",,erp-growth-2020-2025-v1
211011255,transport_access,0.3139853374913919,,,Morning access index; live snapshot retrieved 2026-09-08,,,available,Land-area-weighted average of the morning (8–9am) public transport access index over the part of this area the data covers. Not a commute time or access from a property.,1.0,ptal-area-weighted-mean-v1
211011255,green_space_per_resident,859.4913911590476,,,Undated unmaintained open-space inventory / 30 June 2025 ERP,,,available,"Public open space that is open and existing (parks and gardens, natural and semi-natural areas, recreation corridors and sports grounds), divided by 2025 population. It can include river and lake frontage recorded as open space, and does not show vegetation, park quality or walking access. The inventory has no publication date, and 2025 population is preliminary.",,open-space-public-filter-v1
211011256,rent_weekly,425,,,2021 Census,2021,2021,available,Historical reported rent; not current advertised rent.,,census-g02-direct-v2
211011256,population_growth,-0.34752938202957157,,,30 June 2020 to 30 June 2025,2020,2025,available,"2025 ERP is preliminary; historical estimated change, not a forecast.",,erp-growth-2020-2025-v1
211011256,transport_access,4.436470307451118,,,Morning access index; live snapshot retrieved 2026-09-08,,,available,Land-area-weighted average of the morning (8–9am) public transport access index over the part of this area the data covers. Not a commute time or access from a property.,1.0,ptal-area-weighted-mean-v1
211011256,green_space_per_resident,44.8362050282258,,,Undated unmaintained open-space inventory / 30 June 2025 ERP,,,available,"Public open space that is open and existing (parks and gardens, natural and semi-natural areas, recreation corridors and sports grounds), divided by 2025 population. It can include river and lake frontage recorded as open space, and does not show vegetation, park quality or walking access. The inventory has no publication date, and 2025 population is preliminary.",,open-space-public-filter-v1
211011257,rent_weekly,450,,,2021 Census,2021,2021,available,Historical reported rent; not current advertised rent.,,census-g02-direct-v2
211011257,population_growth,-3.6321103176557497,,,30 June 2020 to 30 June 2025,2020,2025,available,"2025 ERP is preliminary; historical estimated change, not a forecast.",,erp-growth-2020-2025-v1
211011257,transport_access,2.278018729034202,,,Morning access index; live snapshot retrieved 2026-09-08,,,available,Land-area-weighted average of the morning (8–9am) public transport access index over the part of this area the data covers. Not a commute time or access from a property.,1.0,ptal-area-weighted-mean-v1
211011257,green_space_per_resident,71.40373779624733,,,Undated unmaintained open-space inventory / 30 June 2025 ERP,,,available,"Public open space that is open and existing (parks and gardens, natural and semi-natural areas, recreation corridors and sports grounds), divided by 2025 population. It can include river and lake frontage recorded as open space, and does not show vegetation, park quality or walking access. The inventory has no publication date, and 2025 population is preliminary.",,open-space-public-filter-v1
211011258,rent_weekly,471,,,2021 Census,2021,2021,available,Historical reported rent; not current advertised rent.,,census-g02-direct-v2
211011258,population_growth,-1.6366003347591593,,,30 June 2020 to 30 June 2025,2020,2025,available,"2025 ERP is preliminary; historical estimated change, not a forecast.",,erp-growth-2020-2025-v1
211011258,transport_access,1.3691650430300437,,,Morning access index; live snapshot retrieved 2026-09-08,,,available,Land-area-weighted average of the morning (8–9am) public transport access index over the part of this area the data covers. Not a commute time or access from a property.,0.9999999999999792,ptal-area-weighted-mean-v1
211011258,green_space_per_resident,114.50607378599365,,,Undated unmaintained open-space inventory / 30 June 2025 ERP,,,available,"Public open space that is open and existing (parks and gardens, natural and semi-natural areas, recreation corridors and sports grounds), divided by 2025 population. It can include river and lake frontage recorded as open space, and does not show vegetation, park quality or walking access. The inventory has no publication date, and 2025 population is preliminary.",,open-space-public-filter-v1
211011259,rent_weekly,427,,,2021 Census,2021,2021,available,Historical reported rent; not current advertised rent.,,census-g02-direct-v2
211011259,population_growth,-1.5606080990178932,,,30 June 2020 to 30 June 2025,2020,2025,available,"2025 ERP is preliminary; historical estimated change, not a forecast.",,erp-growth-2020-2025-v1
211011259,transport_access,3.64713195365328,,,Morning access index; live snapshot retrieved 2026-09-08,,,available,Land-area-weighted average of the morning (8–9am) public transport access index over the part of this area the data covers. Not a commute time or access from a property.,0.9999999999999877,ptal-area-weighted-mean-v1
211011259,green_space_per_resident,94.79842788850208,,,Undated unmaintained open-space inventory / 30 June 2025 ERP,,,available,"Public open space that is open and existing (parks and gardens, natural and semi-natural areas, recreation corridors and sports grounds), divided by 2025 population. It can include river and lake frontage recorded as open space, and does not show vegetation, park quality or walking access. The inventory has no publication date, and 2025 population is preliminary.",,open-space-public-filter-v1
211011260,rent_weekly,426,,,2021 Census,2021,2021,available,Historical reported rent; not current advertised rent.,,census-g02-direct-v2
211011260,population_growth,-0.6827222879260295,,,30 June 2020 to 30 June 2025,2020,2025,available,"2025 ERP is preliminary; historical estimated change, not a forecast.",,erp-growth-2020-2025-v1
211011260,transport_access,4.421718381254872,,,Morning access index; live snapshot retrieved 2026-09-08,,,available,Land-area-weighted average of the morning (8–9am) public transport access index over the part of this area the data covers. Not a commute time or access from a property.,1.0,ptal-area-weighted-mean-v1
211011260,green_space_per_resident,220.7733547270796,,,Undated unmaintained open-space inventory / 30 June 2025 ERP,,,available,"Public open space that is open and existing (parks and gardens, natural and semi-natural areas, recreation corridors and sports grounds), divided by 2025 population. It can include river and lake frontage recorded as open space, and does not show vegetation, park quality or walking access. The inventory has no publication date, and 2025 population is preliminary.",,open-space-public-filter-v1
211011446,rent_weekly,376,,,2021 Census,2021,2021,available,Historical reported rent; not current advertised rent.,,census-g02-direct-v2
211011446,population_growth,3.506938639023575,,,30 June 2020 to 30 June 2025,2020,2025,available,"2025 ERP is preliminary; historical estimated change, not a forecast.",,erp-growth-2020-2025-v1
211011446,transport_access,6.268508911349196,,,Morning access index; live snapshot retrieved 2026-09-08,,,available,Land-area-weighted average of the morning (8–9am) public transport access index over the part of this area the data covers. Not a commute time or access from a property.,1.0,ptal-area-weighted-mean-v1
211011446,green_space_per_resident,36.1287153839073,,,Undated unmaintained open-space inventory / 30 June 2025 ERP,,,available,"Public open space that is open and existing (parks and gardens, natural and semi-natural areas, recreation corridors and sports grounds), divided by 2025 population. It can include river and lake frontage recorded as open space, and does not show vegetation, park quality or walking access. The inventory has no publication date, and 2025 population is preliminary.",,open-space-public-filter-v1
211011447,rent_weekly,370,,,2021 Census,2021,2021,available,Historical reported rent; not current advertised rent.,,census-g02-direct-v2
211011447,population_growth,0.6368544925931053,,,30 June 2020 to 30 June 2025,2020,2025,available,"2025 ERP is preliminary; historical estimated change, not a forecast.",,erp-growth-2020-2025-v1
211011447,transport_access,5.895603081552881,,,Morning access index; live snapshot retrieved 2026-09-08,,,available,Land-area-weighted average of the morning (8–9am) public transport access index over the part of this area the data covers. Not a commute time or access from a property.,0.9999999999999918,ptal-area-weighted-mean-v1
211011447,green_space_per_resident,35.30433505949625,,,Undated unmaintained open-space inventory / 30 June 2025 ERP,,,available,"Public open space that is open and existing (parks and gardens, natural and semi-natural areas, recreation corridors and sports grounds), divided by 2025 population. It can include river and lake frontage recorded as open space, and does not show vegetation, park quality or walking access. The inventory has no publication date, and 2025 population is preliminary.",,open-space-public-filter-v1
211011448,rent_weekly,405,,,2021 Census,2021,2021,available,Historical reported rent; not current advertised rent.,,census-g02-direct-v2
211011448,population_growth,0.7282335502996713,,,30 June 2020 to 30 June 2025,2020,2025,available,"2025 ERP is preliminary; historical estimated change, not a forecast.",,erp-growth-2020-2025-v1
211011448,transport_access,5.589786959064229,,,Morning access index; live snapshot retrieved 2026-09-08,,,available,Land-area-weighted average of the morning (8–9am) public transport access index over the part of this area the data covers. Not a commute time or access from a property.,0.9999999999999876,ptal-area-weighted-mean-v1
211011448,green_space_per_resident,62.27242942264453,,,Undated unmaintained open-space inventory / 30 June 2025 ERP,,,available,"Public open space that is open and existing (parks and gardens, natural and semi-natural areas, recreation corridors and sports grounds), divided by 2025 population. It can include river and lake frontage recorded as open space, and does not show vegetation, park quality or walking access. The inventory has no publication date, and 2025 population is preliminary.",,open-space-public-filter-v1
211011449,rent_weekly,366,,,2021 Census,2021,2021,available,Historical reported rent; not current advertised rent.,,census-g02-direct-v2
211011449,population_growth,-1.7893544733861835,,,30 June 2020 to 30 June 2025,2020,2025,available,"2025 ERP is preliminary; historical estimated change, not a forecast.",,erp-growth-2020-2025-v1
211011449,transport_access,1.5137228431939949,,,Morning access index; live snapshot retrieved 2026-09-08,,,available,Land-area-weighted average of the morning (8–9am) public transport access index over the part of this area the data covers. Not a commute time or access from a property.,0.9999999999999568,ptal-area-weighted-mean-v1
211011449,green_space_per_resident,40.36272885924846,,,Undated unmaintained open-space inventory / 30 June 2025 ERP,,,available,"Public open space that is open and existing (parks and gardens, natural and semi-natural areas, recreation corridors and sports grounds), divided by 2025 population. It can include river and lake frontage recorded as open space, and does not show vegetation, park quality or walking access. The inventory has no publication date, and 2025 population is preliminary.",,open-space-public-filter-v1
211021261,rent_weekly,451,,,2021 Census,2021,2021,available,Historical reported rent; not current advertised rent.,,census-g02-direct-v2
211021261,population_growth,1.3558915286777058,,,30 June 2020 to 30 June 2025,2020,2025,available,"2025 ERP is preliminary; historical estimated change, not a forecast.",,erp-growth-2020-2025-v1
211021261,transport_access,2.6306072040632813,,,Morning access index; live snapshot retrieved 2026-09-08,,,available,Land-area-weighted average of the morning (8–9am) public transport access index over the part of this area the data covers. Not a commute time or access from a property.,0.9999999999999939,ptal-area-weighted-mean-v1
211021261,green_space_per_resident,111.35915185291476,,,Undated unmaintained open-space inventory / 30 June 2025 ERP,,,available,"Public open space that is open and existing (parks and gardens, natural and semi-natural areas, recreation corridors and sports grounds), divided by 2025 population. It can include river and lake frontage recorded as open space, and does not show vegetation, park quality or walking access. The inventory has no publication date, and 2025 population is preliminary.",,open-space-public-filter-v1
211021262,rent_weekly,481,,,2021 Census,2021,2021,available,Historical reported rent; not current advertised rent.,,census-g02-direct-v2
211021262,population_growth,-1.6820453671664743,,,30 June 2020 to 30 June 2025,2020,2025,available,"2025 ERP is preliminary; historical estimated change, not a forecast.",,erp-growth-2020-2025-v1
211021262,transport_access,1.0245919650147355,,,Morning access index; live snapshot retrieved 2026-09-08,,,available,Land-area-weighted average of the morning (8–9am) public transport access index over the part of this area the data covers. Not a commute time or access from a property.,1.0,ptal-area-weighted-mean-v1
211021262,green_space_per_resident,272.37994898712657,,,Undated unmaintained open-space inventory / 30 June 2025 ERP,,,available,"Public open space that is open and existing (parks and gardens, natural and semi-natural areas, recreation corridors and sports grounds), divided by 2025 population. It can include river and lake frontage recorded as open space, and does not show vegetation, park quality or walking access. The inventory has no publication date, and 2025 population is preliminary.",,open-space-public-filter-v1
211031263,rent_weekly,361,,,2021 Census,2021,2021,available,Historical reported rent; not current advertised rent.,,census-g02-direct-v2
211031263,population_growth,-1.9056114174505352,,,30 June 2020 to 30 June 2025,2020,2025,available,"2025 ERP is preliminary; historical estimated change, not a forecast.",,erp-growth-2020-2025-v1
211031263,transport_access,2.9780937884530476,,,Morning access index; live snapshot retrieved 2026-09-08,,,available,Land-area-weighted average of the morning (8–9am) public transport access index over the part of this area the data covers. Not a commute time or access from a property.,0.9999999999999902,ptal-area-weighted-mean-v1
211031263,green_space_per_resident,53.23087334314565,,,Undated unmaintained open-space inventory / 30 June 2025 ERP,,,available,"Public open space that is open and existing (parks and gardens, natural and semi-natural areas, recreation corridors and sports grounds), divided by 2025 population. It can include river and lake frontage recorded as open space, and does not show vegetation, park quality or walking access. The inventory has no publication date, and 2025 population is preliminary.",,open-space-public-filter-v1
211031265,rent_weekly,431,,,2021 Census,2021,2021,available,Historical reported rent; not current advertised rent.,,census-g02-direct-v2
211031265,population_growth,-0.9817596566523605,,,30 June 2020 to 30 June 2025,2020,2025,available,"2025 ERP is preliminary; historical estimated change, not a forecast.",,erp-growth-2020-2025-v1
211031265,transport_access,3.4948916447363114,,,Morning access index; live snapshot retrieved 2026-09-08,,,available,Land-area-weighted average of the morning (8–9am) public transport access index over the part of this area the data covers. Not a commute time or access from a property.,0.9999999999999819,ptal-area-weighted-mean-v1
211031265,green_space_per_resident,46.425764350585,,,Undated unmaintained open-space inventory / 30 June 2025 ERP,,,available,"Public open space that is open and existing (parks and gardens, natural and semi-natural areas, recreation corridors and sports grounds), divided by 2025 population. It can include river and lake frontage recorded as open space, and does not show vegetation, park quality or walking access. The inventory has no publication date, and 2025 population is preliminary.",,open-space-public-filter-v1
211031266,rent_weekly,381,,,2021 Census,2021,2021,available,Historical reported rent; not current advertised rent.,,census-g02-direct-v2
211031266,population_growth,3.2414657062323835,,,30 June 2020 to 30 June 2025,2020,2025,available,"2025 ERP is preliminary; historical estimated change, not a forecast.",,erp-growth-2020-2025-v1
211031266,transport_access,9.128342113664383,,,Morning access index; live snapshot retrieved 2026-09-08,,,available,Land-area-weighted average of the morning (8–9am) public transport access index over the part of this area the data covers. Not a commute time or access from a property.,1.0,ptal-area-weighted-mean-v1
211031266,green_space_per_resident,64.01255220633115,,,Undated unmaintained open-space inventory / 30 June 2025 ERP,,,available,"Public open space that is open and existing (parks and gardens, natural and semi-natural areas, recreation corridors and sports grounds), divided by 2025 population. It can include river and lake frontage recorded as open space, and does not show vegetation, park quality or walking access. The inventory has no publication date, and 2025 population is preliminary.",,open-space-public-filter-v1
211031267,rent_weekly,385,,,2021 Census,2021,2021,available,Historical reported rent; not current advertised rent.,,census-g02-direct-v2
211031267,population_growth,1.7397291714482441,,,30 June 2020 to 30 June 2025,2020,2025,available,"2025 ERP is preliminary; historical estimated change, not a forecast.",,erp-growth-2020-2025-v1
211031267,transport_access,5.149698082540353,,,Morning access index; live snapshot retrieved 2026-09-08,,,available,Land-area-weighted average of the morning (8–9am) public transport access index over the part of this area the data covers. Not a commute time or access from a property.,0.999999999999997,ptal-area-weighted-mean-v1
211031267,green_space_per_resident,34.24618926073727,,,Undated unmaintained open-space inventory / 30 June 2025 ERP,,,available,"Public open space that is open and existing (parks and gardens, natural and semi-natural areas, recreation corridors and sports grounds), divided by 2025 population. It can include river and lake frontage recorded as open space, and does not show vegetation, park quality or walking access. The inventory has no publication date, and 2025 population is preliminary.",,open-space-public-filter-v1
211031268,rent_weekly,436,,,2021 Census,2021,2021,available,Historical reported rent; not current advertised rent.,,census-g02-direct-v2
211031268,population_growth,-0.9263921055281442,,,30 June 2020 to 30 June 2025,2020,2025,available,"2025 ERP is preliminary; historical estimated change, not a forecast.",,erp-growth-2020-2025-v1
211031268,transport_access,6.806645996052215,,,Morning access index; live snapshot retrieved 2026-09-08,,,available,Land-area-weighted average of the morning (8–9am) public transport access index over the part of this area the data covers. Not a commute time or access from a property.,1.0,ptal-area-weighted-mean-v1
211031268,green_space_per_resident,59.4400378416537,,,Undated unmaintained open-space inventory / 30 June 2025 ERP,,,available,"Public open space that is open and existing (parks and gardens, natural and semi-natural areas, recreation corridors and sports grounds), divided by 2025 population. It can include river and lake frontage recorded as open space, and does not show vegetation, park quality or walking access. The inventory has no publication date, and 2025 population is preliminary.",,open-space-public-filter-v1
211031450,rent_weekly,371,,,2021 Census,2021,2021,available,Historical reported rent; not current advertised rent.,,census-g02-direct-v2
211031450,population_growth,5.742851917332195,,,30 June 2020 to 30 June 2025,2020,2025,available,"2025 ERP is preliminary; historical estimated change, not a forecast.",,erp-growth-2020-2025-v1
211031450,transport_access,5.488998127491817,,,Morning access index; live snapshot retrieved 2026-09-08,,,available,Land-area-weighted average of the morning (8–9am) public transport access index over the part of this area the data covers. Not a commute time or access from a property.,1.0,ptal-area-weighted-mean-v1
211031450,green_space_per_resident,79.38991653750234,,,Undated unmaintained open-space inventory / 30 June 2025 ERP,,,available,"Public open space that is open and existing (parks and gardens, natural and semi-natural areas, recreation corridors and sports grounds), divided by 2025 population. It can include river and lake frontage recorded as open space, and does not show vegetation, park quality or walking access. The inventory has no publication date, and 2025 population is preliminary.",,open-space-public-filter-v1
211031451,rent_weekly,399,,,2021 Census,2021,2021,available,Historical reported rent; not current advertised rent.,,census-g02-direct-v2
211031451,population_growth,2.602843211317904,,,30 June 2020 to 30 June 2025,2020,2025,available,"2025 ERP is preliminary; historical estimated change, not a forecast.",,erp-growth-2020-2025-v1
211031451,transport_access,6.37006512013821,,,Morning access index; live snapshot retrieved 2026-09-08,,,available,Land-area-weighted average of the morning (8–9am) public transport access index over the part of this area the data covers. Not a commute time or access from a property.,0.9999999999999906,ptal-area-weighted-mean-v1
211031451,green_space_per_resident,33.746990741685515,,,Undated unmaintained open-space inventory / 30 June 2025 ERP,,,available,"Public open space that is open and existing (parks and gardens, natural and semi-natural areas, recreation corridors and sports grounds), divided by 2025 population. It can include river and lake frontage recorded as open space, and does not show vegetation, park quality or walking access. The inventory has no publication date, and 2025 population is preliminary.",,open-space-public-filter-v1
211031452,rent_weekly,410,,,2021 Census,2021,2021,available,Historical reported rent; not current advertised rent.,,census-g02-direct-v2
211031452,population_growth,2.6321036889332006,,,30 June 2020 to 30 June 2025,2020,2025,available,"2025 ERP is preliminary; historical estimated change, not a forecast.",,erp-growth-2020-2025-v1
211031452,transport_access,2.5551488934791746,,,Morning access index; live snapshot retrieved 2026-09-08,,,available,Land-area-weighted average of the morning (8–9am) public transport access index over the part of this area the data covers. Not a commute time or access from a property.,0.9999999999999636,ptal-area-weighted-mean-v1
211031452,green_space_per_resident,18.986895479378465,,,Undated unmaintained open-space inventory / 30 June 2025 ERP,,,available,"Public open space that is open and existing (parks and gardens, natural and semi-natural areas, recreation corridors and sports grounds), divided by 2025 population. It can include river and lake frontage recorded as open space, and does not show vegetation, park quality or walking access. The inventory has no publication date, and 2025 population is preliminary.",,open-space-public-filter-v1
211041269,rent_weekly,396,,,2021 Census,2021,2021,available,Historical reported rent; not current advertised rent.,,census-g02-direct-v2
211041269,population_growth,0.8060182697474476,,,30 June 2020 to 30 June 2025,2020,2025,available,"2025 ERP is preliminary; historical estimated change, not a forecast.",,erp-growth-2020-2025-v1
211041269,transport_access,7.762103739938062,,,Morning access index; live snapshot retrieved 2026-09-08,,,available,Land-area-weighted average of the morning (8–9am) public transport access index over the part of this area the data covers. Not a commute time or access from a property.,0.9999999999999947,ptal-area-weighted-mean-v1
211041269,green_space_per_resident,27.10430737530086,,,Undated unmaintained open-space inventory / 30 June 2025 ERP,,,available,"Public open space that is open and existing (parks and gardens, natural and semi-natural areas, recreation corridors and sports grounds), divided by 2025 population. It can include river and lake frontage recorded as open space, and does not show vegetation, park quality or walking access. The inventory has no publication date, and 2025 population is preliminary.",,open-space-public-filter-v1
211041270,rent_weekly,406,,,2021 Census,2021,2021,available,Historical reported rent; not current advertised rent.,,census-g02-direct-v2
211041270,population_growth,0.9112931133925481,,,30 June 2020 to 30 June 2025,2020,2025,available,"2025 ERP is preliminary; historical estimated change, not a forecast.",,erp-growth-2020-2025-v1
211041270,transport_access,9.23169833022054,,,Morning access index; live snapshot retrieved 2026-09-08,,,available,Land-area-weighted average of the morning (8–9am) public transport access index over the part of this area the data covers. Not a commute time or access from a property.,1.0,ptal-area-weighted-mean-v1
211041270,green_space_per_resident,35.302657844346676,,,Undated unmaintained open-space inventory / 30 June 2025 ERP,,,available,"Public open space that is open and existing (parks and gardens, natural and semi-natural areas, recreation corridors and sports grounds), divided by 2025 population. It can include river and lake frontage recorded as open space, and does not show vegetation, park quality or walking access. The inventory has no publication date, and 2025 population is preliminary.",,open-space-public-filter-v1
211041271,rent_weekly,391,,,2021 Census,2021,2021,available,Historical reported rent; not current advertised rent.,,census-g02-direct-v2
211041271,population_growth,3.0013218256745198,,,30 June 2020 to 30 June 2025,2020,2025,available,"2025 ERP is preliminary; historical estimated change, not a forecast.",,erp-growth-2020-2025-v1
211041271,transport_access,10.996353984302452,,,Morning access index; live snapshot retrieved 2026-09-08,,,available,Land-area-weighted average of the morning (8–9am) public transport access index over the part of this area the data covers. Not a commute time or access from a property.,0.9999999999999938,ptal-area-weighted-mean-v1
211041271,green_space_per_resident,30.872639725607534,,,Undated unmaintained open-space inventory / 30 June 2025 ERP,,,available,"Public open space that is open and existing (parks and gardens, natural and semi-natural areas, recreation corridors and sports grounds), divided by 2025 population. It can include river and lake frontage recorded as open space, and does not show vegetation, park quality or walking access. The inventory has no publication date, and 2025 population is preliminary.",,open-space-public-filter-v1
211041272,rent_weekly,426,,,2021 Census,2021,2021,available,Historical reported rent; not current advertised rent.,,census-g02-direct-v2
211041272,population_growth,0.8644262150480727,,,30 June 2020 to 30 June 2025,2020,2025,available,"2025 ERP is preliminary; historical estimated change, not a forecast.",,erp-growth-2020-2025-v1
211041272,transport_access,6.311506847913879,,,Morning access index; live snapshot retrieved 2026-09-08,,,available,Land-area-weighted average of the morning (8–9am) public transport access index over the part of this area the data covers. Not a commute time or access from a property.,0.999999999999983,ptal-area-weighted-mean-v1
211041272,green_space_per_resident,39.56679152533088,,,Undated unmaintained open-space inventory / 30 June 2025 ERP,,,available,"Public open space that is open and existing (parks and gardens, natural and semi-natural areas, recreation corridors and sports grounds), divided by 2025 population. It can include river and lake frontage recorded as open space, and does not show vegetation, park quality or walking access. The inventory has no publication date, and 2025 population is preliminary.",,open-space-public-filter-v1
211041273,rent_weekly,496,,,2021 Census,2021,2021,available,Historical reported rent; not current advertised rent.,,census-g02-direct-v2
211041273,population_growth,-0.4307892383971389,,,30 June 2020 to 30 June 2025,2020,2025,available,"2025 ERP is preliminary; historical estimated change, not a forecast.",,erp-growth-2020-2025-v1
211041273,transport_access,5.328663986826618,,,Morning access index; live snapshot retrieved 2026-09-08,,,available,Land-area-weighted average of the morning (8–9am) public transport access index over the part of this area the data covers. Not a commute time or access from a property.,0.9999999999999966,ptal-area-weighted-mean-v1
211041273,green_space_per_resident,59.18596594545458,,,Undated unmaintained open-space inventory / 30 June 2025 ERP,,,available,"Public open space that is open and existing (parks and gardens, natural and semi-natural areas, recreation corridors and sports grounds), divided by 2025 population. It can include river and lake frontage recorded as open space, and does not show vegetation, park quality or walking access. The inventory has no publication date, and 2025 population is preliminary.",,open-space-public-filter-v1
211051274,rent_weekly,400,,,2021 Census,2021,2021,available,Historical reported rent; not current advertised rent.,,census-g02-direct-v2
211051274,population_growth,-3.6270432343553534,,,30 June 2020 to 30 June 2025,2020,2025,available,"2025 ERP is preliminary; historical estimated change, not a forecast.",,erp-growth-2020-2025-v1
211051274,transport_access,0.6621283968999301,,,Morning access index; live snapshot retrieved 2026-09-08,,,available,Land-area-weighted average of the morning (8–9am) public transport access index over the part of this area the data covers. Not a commute time or access from a property.,1.0,ptal-area-weighted-mean-v1
211051274,green_space_per_resident,1029.3659409007214,,,Undated unmaintained open-space inventory / 30 June 2025 ERP,,,available,"Public open space that is open and existing (parks and gardens, natural and semi-natural areas, recreation corridors and sports grounds), divided by 2025 population. It can include river and lake frontage recorded as open space, and does not show vegetation, park quality or walking access. The inventory has no publication date, and 2025 population is preliminary.",,open-space-public-filter-v1
211051275,rent_weekly,443,,,2021 Census,2021,2021,available,Historical reported rent; not current advertised rent.,,census-g02-direct-v2
211051275,population_growth,7.10461460015297,,,30 June 2020 to 30 June 2025,2020,2025,available,"2025 ERP is preliminary; historical estimated change, not a forecast.",,erp-growth-2020-2025-v1
211051275,transport_access,1.0124681052794517,,,Morning access index; live snapshot retrieved 2026-09-08,,,available,Land-area-weighted average of the morning (8–9am) public transport access index over the part of this area the data covers. Not a commute time or access from a property.,0.9999999999999981,ptal-area-weighted-mean-v1
211051275,green_space_per_resident,31.81889933287628,,,Undated unmaintained open-space inventory / 30 June 2025 ERP,,,available,"Public open space that is open and existing (parks and gardens, natural and semi-natural areas, recreation corridors and sports grounds), divided by 2025 population. It can include river and lake frontage recorded as open space, and does not show vegetation, park quality or walking access. The inventory has no publication date, and 2025 population is preliminary.",,open-space-public-filter-v1
211051276,rent_weekly,350,,,2021 Census,2021,2021,available,Historical reported rent; not current advertised rent.,,census-g02-direct-v2
211051276,population_growth,-1.5277293337983955,,,30 June 2020 to 30 June 2025,2020,2025,available,"2025 ERP is preliminary; historical estimated change, not a forecast.",,erp-growth-2020-2025-v1
211051276,transport_access,0.05013045367713815,,,Morning access index; live snapshot retrieved 2026-09-08,,,available,Land-area-weighted average of the morning (8–9am) public transport access index over the part of this area the data covers. Not a commute time or access from a property.,0.9995659205257073,ptal-area-weighted-mean-v1
211051276,green_space_per_resident,3049.5520702485132,,,Undated unmaintained open-space inventory / 30 June 2025 ERP,,,available,"Public open space that is open and existing (parks and gardens, natural and semi-natural areas, recreation corridors and sports grounds), divided by 2025 population. It can include river and lake frontage recorded as open space, and does not show vegetation, park quality or walking access. The inventory has no publication date, and 2025 population is preliminary.",,open-space-public-filter-v1
211051277,rent_weekly,396,,,2021 Census,2021,2021,available,Historical reported rent; not current advertised rent.,,census-g02-direct-v2
211051277,population_growth,7.327845814093555,,,30 June 2020 to 30 June 2025,2020,2025,available,"2025 ERP is preliminary; historical estimated change, not a forecast.",,erp-growth-2020-2025-v1
211051277,transport_access,2.3972773807807397,,,Morning access index; live snapshot retrieved 2026-09-08,,,available,Land-area-weighted average of the morning (8–9am) public transport access index over the part of this area the data covers. Not a commute time or access from a property.,1.0,ptal-area-weighted-mean-v1
211051277,green_space_per_resident,33.52571524677046,,,Undated unmaintained open-space inventory / 30 June 2025 ERP,,,available,"Public open space that is open and existing (parks and gardens, natural and semi-natural areas, recreation corridors and sports grounds), divided by 2025 population. It can include river and lake frontage recorded as open space, and does not show vegetation, park quality or walking access. The inventory has no publication date, and 2025 population is preliminary.",,open-space-public-filter-v1
211051278,rent_weekly,369,,,2021 Census,2021,2021,available,Historical reported rent; not current advertised rent.,,census-g02-direct-v2
211051278,population_growth,4.776463512429832,,,30 June 2020 to 30 June 2025,2020,2025,available,"2025 ERP is preliminary; historical estimated change, not a forecast.",,erp-growth-2020-2025-v1
211051278,transport_access,0.4202573651106657,,,Morning access index; live snapshot retrieved 2026-09-08,,,available,Land-area-weighted average of the morning (8–9am) public transport access index over the part of this area the data covers. Not a commute time or access from a property.,0.9999999999999974,ptal-area-weighted-mean-v1
211051278,green_space_per_resident,142.09295393116702,,,Undated unmaintained open-space inventory / 30 June 2025 ERP,,,available,"Public open space that is open and existing (parks and gardens, natural and semi-natural areas, recreation corridors and sports grounds), divided by 2025 population. It can include river and lake frontage recorded as open space, and does not show vegetation, park quality or walking access. The inventory has no publication date, and 2025 population is preliminary.",,open-space-public-filter-v1
211051279,rent_weekly,360,,,2021 Census,2021,2021,available,Historical reported rent; not current advertised rent.,,census-g02-direct-v2
211051279,population_growth,-0.6464783940115686,,,30 June 2020 to 30 June 2025,2020,2025,available,"2025 ERP is preliminary; historical estimated change, not a forecast.",,erp-growth-2020-2025-v1
211051279,transport_access,0.13143617745559466,,,Morning access index; live snapshot retrieved 2026-09-08,,,available,Land-area-weighted average of the morning (8–9am) public transport access index over the part of this area the data covers. Not a commute time or access from a property.,1.0,ptal-area-weighted-mean-v1
211051279,green_space_per_resident,247.07730997388393,,,Undated unmaintained open-space inventory / 30 June 2025 ERP,,,available,"Public open space that is open and existing (parks and gardens, natural and semi-natural areas, recreation corridors and sports grounds), divided by 2025 population. It can include river and lake frontage recorded as open space, and does not show vegetation, park quality or walking access. The inventory has no publication date, and 2025 population is preliminary.",,open-space-public-filter-v1
211051280,rent_weekly,365,,,2021 Census,2021,2021,available,Historical reported rent; not current advertised rent.,,census-g02-direct-v2
211051280,population_growth,-2.0848106651538787,,,30 June 2020 to 30 June 2025,2020,2025,available,"2025 ERP is preliminary; historical estimated change, not a forecast.",,erp-growth-2020-2025-v1
211051280,transport_access,1.6109382767601748,,,Morning access index; live snapshot retrieved 2026-09-08,,,available,Land-area-weighted average of the morning (8–9am) public transport access index over the part of this area the data covers. Not a commute time or access from a property.,0.9999999999999848,ptal-area-weighted-mean-v1
211051280,green_space_per_resident,122.12613037005708,,,Undated unmaintained open-space inventory / 30 June 2025 ERP,,,available,"Public open space that is open and existing (parks and gardens, natural and semi-natural areas, recreation corridors and sports grounds), divided by 2025 population. It can include river and lake frontage recorded as open space, and does not show vegetation, park quality or walking access. The inventory has no publication date, and 2025 population is preliminary.",,open-space-public-filter-v1
211051281,rent_weekly,400,,,2021 Census,2021,2021,available,Historical reported rent; not current advertised rent.,,census-g02-direct-v2
211051281,population_growth,1.9985784170255467,,,30 June 2020 to 30 June 2025,2020,2025,available,"2025 ERP is preliminary; historical estimated change, not a forecast.",,erp-growth-2020-2025-v1
211051281,transport_access,1.8900551848944394,,,Morning access index; live snapshot retrieved 2026-09-08,,,available,Land-area-weighted average of the morning (8–9am) public transport access index over the part of this area the data covers. Not a commute time or access from a property.,1.0,ptal-area-weighted-mean-v1
211051281,green_space_per_resident,38.50345709396884,,,Undated unmaintained open-space inventory / 30 June 2025 ERP,,,available,"Public open space that is open and existing (parks and gardens, natural and semi-natural areas, recreation corridors and sports grounds), divided by 2025 population. It can include river and lake frontage recorded as open space, and does not show vegetation, park quality or walking access. The inventory has no publication date, and 2025 population is preliminary.",,open-space-public-filter-v1
211051282,rent_weekly,400,,,2021 Census,2021,2021,available,Historical reported rent; not current advertised rent.,,census-g02-direct-v2
211051282,population_growth,-3.677283231186577,,,30 June 2020 to 30 June 2025,2020,2025,available,"2025 ERP is preliminary; historical estimated change, not a forecast.",,erp-growth-2020-2025-v1
211051282,transport_access,0.44902941215136505,,,Morning access index; live snapshot retrieved 2026-09-08,,,available,Land-area-weighted average of the morning (8–9am) public transport access index over the part of this area the data covers. Not a commute time or access from a property.,0.9999999999999972,ptal-area-weighted-mean-v1
211051282,green_space_per_resident,889.5257439528007,,,Undated unmaintained open-space inventory / 30 June 2025 ERP,,,available,"Public open space that is open and existing (parks and gardens, natural and semi-natural areas, recreation corridors and sports grounds), divided by 2025 population. It can include river and lake frontage recorded as open space, and does not show vegetation, park quality or walking access. The inventory has no publication date, and 2025 population is preliminary.",,open-space-public-filter-v1
211051283,rent_weekly,365,,,2021 Census,2021,2021,available,Historical reported rent; not current advertised rent.,,census-g02-direct-v2
211051283,population_growth,0.9448185747311287,,,30 June 2020 to 30 June 2025,2020,2025,available,"2025 ERP is preliminary; historical estimated change, not a forecast.",,erp-growth-2020-2025-v1
211051283,transport_access,1.355893171888952,,,Morning access index; live snapshot retrieved 2026-09-08,,,available,Land-area-weighted average of the morning (8–9am) public transport access index over the part of this area the data covers. Not a commute time or access from a property.,1.0,ptal-area-weighted-mean-v1
211051283,green_space_per_resident,155.92370489082626,,,Undated unmaintained open-space inventory / 30 June 2025 ERP,,,available,"Public open space that is open and existing (parks and gardens, natural and semi-natural areas, recreation corridors and sports grounds), divided by 2025 population. It can include river and lake frontage recorded as open space, and does not show vegetation, park quality or walking access. The inventory has no publication date, and 2025 population is preliminary.",,open-space-public-filter-v1
211051284,rent_weekly,375,,,2021 Census,2021,2021,available,Historical reported rent; not current advertised rent.,,census-g02-direct-v2
211051284,population_growth,-0.8540996784565916,,,30 June 2020 to 30 June 2025,2020,2025,available,"2025 ERP is preliminary; historical estimated change, not a forecast.",,erp-growth-2020-2025-v1
211051284,transport_access,2.5962365751516012,,,Morning access index; live snapshot retrieved 2026-09-08,,,available,Land-area-weighted average of the morning (8–9am) public transport access index over the part of this area the data covers. Not a commute time or access from a property.,0.9999999999999986,ptal-area-weighted-mean-v1
211051284,green_space_per_resident,23.64722200242183,,,Undated unmaintained open-space inventory / 30 June 2025 ERP,,,available,"Public open space that is open and existing (parks and gardens, natural and semi-natural areas, recreation corridors and sports grounds), divided by 2025 population. It can include river and lake frontage recorded as open space, and does not show vegetation, park quality or walking access. The inventory has no publication date, and 2025 population is preliminary.",,open-space-public-filter-v1
211051285,rent_weekly,360,,,2021 Census,2021,2021,available,Historical reported rent; not current advertised rent.,,census-g02-direct-v2
211051285,population_growth,0.0,,,30 June 2020 to 30 June 2025,2020,2025,available,"2025 ERP is preliminary; historical estimated change, not a forecast.",,erp-growth-2020-2025-v1
211051285,transport_access,0.09796524170073487,,,Morning access index; live snapshot retrieved 2026-09-08,,,available,Land-area-weighted average of the morning (8–9am) public transport access index over the part of this area the data covers. Not a commute time or access from a property.,1.0,ptal-area-weighted-mean-v1
211051285,green_space_per_resident,144.14908231079264,,,Undated unmaintained open-space inventory / 30 June 2025 ERP,,,available,"Public open space that is open and existing (parks and gardens, natural and semi-natural areas, recreation corridors and sports grounds), divided by 2025 population. It can include river and lake frontage recorded as open space, and does not show vegetation, park quality or walking access. The inventory has no publication date, and 2025 population is preliminary.",,open-space-public-filter-v1
211051286,rent_weekly,315,,,2021 Census,2021,2021,available,Historical reported rent; not current advertised rent.,,census-g02-direct-v2
211051286,population_growth,0.4763024814771257,,,30 June 2020 to 30 June 2025,2020,2025,available,"2025 ERP is preliminary; historical estimated change, not a forecast.",,erp-growth-2020-2025-v1
211051286,transport_access,0.039040618878783385,,,Morning access index; live snapshot retrieved 2026-09-08,,,available,Land-area-weighted average of the morning (8–9am) public transport access index over the part of this area the data covers. Not a commute time or access from a property.,0.9999999751184461,ptal-area-weighted-mean-v1
211051286,green_space_per_resident,16627.09547306512,,,Undated unmaintained open-space inventory / 30 June 2025 ERP,,,available,"Public open space that is open and existing (parks and gardens, natural and semi-natural areas, recreation corridors and sports grounds), divided by 2025 population. It can include river and lake frontage recorded as open space, and does not show vegetation, park quality or walking access. The inventory has no publication date, and 2025 population is preliminary.",,open-space-public-filter-v1
212011289,rent_weekly,370,,,2021 Census,2021,2021,available,Historical reported rent; not current advertised rent.,,census-g02-direct-v2
212011289,population_growth,1.088225926319142,,,30 June 2020 to 30 June 2025,2020,2025,available,"2025 ERP is preliminary; historical estimated change, not a forecast.",,erp-growth-2020-2025-v1
212011289,transport_access,0.06159061619486829,,,Morning access index; live snapshot retrieved 2026-09-08,,,available,Land-area-weighted average of the morning (8–9am) public transport access index over the part of this area the data covers. Not a commute time or access from a property.,0.9999999999999971,ptal-area-weighted-mean-v1
212011289,green_space_per_resident,2181.779121273342,,,Undated unmaintained open-space inventory / 30 June 2025 ERP,,,available,"Public open space that is open and existing (parks and gardens, natural and semi-natural areas, recreation corridors and sports grounds), divided by 2025 population. It can include river and lake frontage recorded as open space, and does not show vegetation, park quality or walking access. The inventory has no publication date, and 2025 population is preliminary.",,open-space-public-filter-v1
212011546,rent_weekly,391,,,2021 Census,2021,2021,available,Historical reported rent; not current advertised rent.,,census-g02-direct-v2
212011546,population_growth,31.915464009651043,,,30 June 2020 to 30 June 2025,2020,2025,available,"2025 ERP is preliminary; historical estimated change, not a forecast.",,erp-growth-2020-2025-v1
212011546,transport_access,0.4732403379897069,,,Morning access index; live snapshot retrieved 2026-09-08,,,available,Land-area-weighted average of the morning (8–9am) public transport access index over the part of this area the data covers. Not a commute time or access from a property.,0.9999999999999951,ptal-area-weighted-mean-v1
212011546,green_space_per_resident,56.287424893143395,,,Undated unmaintained open-space inventory / 30 June 2025 ERP,,,available,"Public open space that is open and existing (parks and gardens, natural and semi-natural areas, recreation corridors and sports grounds), divided by 2025 population. It can include river and lake frontage recorded as open space, and does not show vegetation, park quality or walking access. The inventory has no publication date, and 2025 population is preliminary.",,open-space-public-filter-v1
212011547,rent_weekly,311,,,2021 Census,2021,2021,available,Historical reported rent; not current advertised rent.,,census-g02-direct-v2
212011547,population_growth,6.85496340583445,,,30 June 2020 to 30 June 2025,2020,2025,available,"2025 ERP is preliminary; historical estimated change, not a forecast.",,erp-growth-2020-2025-v1
212011547,transport_access,0.029928377868261156,,,Morning access index; live snapshot retrieved 2026-09-08,,,available,Land-area-weighted average of the morning (8–9am) public transport access index over the part of this area the data covers. Not a commute time or access from a property.,0.9999955576501487,ptal-area-weighted-mean-v1
212011547,green_space_per_resident,700.1099669595109,,,Undated unmaintained open-space inventory / 30 June 2025 ERP,,,available,"Public open space that is open and existing (parks and gardens, natural and semi-natural areas, recreation corridors and sports grounds), divided by 2025 population. It can include river and lake frontage recorded as open space, and does not show vegetation, park quality or walking access. The inventory has no publication date, and 2025 population is preliminary.",,open-space-public-filter-v1
212011548,rent_weekly,320,,,2021 Census,2021,2021,available,Historical reported rent; not current advertised rent.,,census-g02-direct-v2
212011548,population_growth,34.20688185788857,,,30 June 2020 to 30 June 2025,2020,2025,available,"2025 ERP is preliminary; historical estimated change, not a forecast.",,erp-growth-2020-2025-v1
212011548,transport_access,0.0036523461207124577,,,Morning access index; live snapshot retrieved 2026-09-08,,,available,Land-area-weighted average of the morning (8–9am) public transport access index over the part of this area the data covers. Not a commute time or access from a property.,0.9994035597867185,ptal-area-weighted-mean-v1
212011548,green_space_per_resident,742.3928925701747,,,Undated unmaintained open-space inventory / 30 June 2025 ERP,,,available,"Public open space that is open and existing (parks and gardens, natural and semi-natural areas, recreation corridors and sports grounds), divided by 2025 population. It can include river and lake frontage recorded as open space, and does not show vegetation, park quality or walking access. The inventory has no publication date, and 2025 population is preliminary.",,open-space-public-filter-v1
212011549,rent_weekly,346,,,2021 Census,2021,2021,available,Historical reported rent; not current advertised rent.,,census-g02-direct-v2
212011549,population_growth,6.1952,,,30 June 2020 to 30 June 2025,2020,2025,available,"2025 ERP is preliminary; historical estimated change, not a forecast.",,erp-growth-2020-2025-v1
212011549,transport_access,0.3314488759262796,,,Morning access index; live snapshot retrieved 2026-09-08,,,available,Land-area-weighted average of the morning (8–9am) public transport access index over the part of this area the data covers. Not a commute time or access from a property.,0.9999999999999931,ptal-area-weighted-mean-v1
212011549,green_space_per_resident,45.27463120695399,,,Undated unmaintained open-space inventory / 30 June 2025 ERP,,,available,"Public open space that is open and existing (parks and gardens, natural and semi-natural areas, recreation corridors and sports grounds), divided by 2025 population. It can include river and lake frontage recorded as open space, and does not show vegetation, park quality or walking access. The inventory has no publication date, and 2025 population is preliminary.",,open-space-public-filter-v1
212011550,rent_weekly,366,,,2021 Census,2021,2021,available,Historical reported rent; not current advertised rent.,,census-g02-direct-v2
212011550,population_growth,47.334455667789,,,30 June 2020 to 30 June 2025,2020,2025,available,"2025 ERP is preliminary; historical estimated change, not a forecast.",,erp-growth-2020-2025-v1
212011550,transport_access,0.08307693854917893,,,Morning access index; live snapshot retrieved 2026-09-08,,,available,Land-area-weighted average of the morning (8–9am) public transport access index over the part of this area the data covers. Not a commute time or access from a property.,0.9999999999999902,ptal-area-weighted-mean-v1
212011550,green_space_per_resident,123.06794387062746,,,Undated unmaintained open-space inventory / 30 June 2025 ERP,,,available,"Public open space that is open and existing (parks and gardens, natural and semi-natural areas, recreation corridors and sports grounds), divided by 2025 population. It can include river and lake frontage recorded as open space, and does not show vegetation, park quality or walking access. The inventory has no publication date, and 2025 population is preliminary.",,open-space-public-filter-v1
212011551,rent_weekly,335,,,2021 Census,2021,2021,available,Historical reported rent; not current advertised rent.,,census-g02-direct-v2
212011551,population_growth,9.058728881737732,,,30 June 2020 to 30 June 2025,2020,2025,available,"2025 ERP is preliminary; historical estimated change, not a forecast.",,erp-growth-2020-2025-v1
212011551,transport_access,0.3729856202102369,,,Morning access index; live snapshot retrieved 2026-09-08,,,available,Land-area-weighted average of the morning (8–9am) public transport access index over the part of this area the data covers. Not a commute time or access from a property.,1.0,ptal-area-weighted-mean-v1
212011551,green_space_per_resident,107.71711535522066,,,Undated unmaintained open-space inventory / 30 June 2025 ERP,,,available,"Public open space that is open and existing (parks and gardens, natural and semi-natural areas, recreation corridors and sports grounds), divided by 2025 population. It can include river and lake frontage recorded as open space, and does not show vegetation, park quality or walking access. The inventory has no publication date, and 2025 population is preliminary.",,open-space-public-filter-v1
212011552,rent_weekly,369,,,2021 Census,2021,2021,available,Historical reported rent; not current advertised rent.,,census-g02-direct-v2
212011552,population_growth,2.946653521743893,,,30 June 2020 to 30 June 2025,2020,2025,available,"2025 ERP is preliminary; historical estimated change, not a forecast.",,erp-growth-2020-2025-v1
212011552,transport_access,1.089506612899931,,,Morning access index; live snapshot retrieved 2026-09-08,,,available,Land-area-weighted average of the morning (8–9am) public transport access index over the part of this area the data covers. Not a commute time or access from a property.,1.0,ptal-area-weighted-mean-v1
212011552,green_space_per_resident,53.85353927419361,,,Undated unmaintained open-space inventory / 30 June 2025 ERP,,,available,"Public open space that is open and existing (parks and gardens, natural and semi-natural areas, recreation corridors and sports grounds), divided by 2025 population. It can include river and lake frontage recorded as open space, and does not show vegetation, park quality or walking access. The inventory has no publication date, and 2025 population is preliminary.",,open-space-public-filter-v1
212021293,rent_weekly,380,,,2021 Census,2021,2021,available,Historical reported rent; not current advertised rent.,,census-g02-direct-v2
212021293,population_growth,-0.3078869675242514,,,30 June 2020 to 30 June 2025,2020,2025,available,"2025 ERP is preliminary; historical estimated change, not a forecast.",,erp-growth-2020-2025-v1
212021293,transport_access,2.314470060727751,,,Morning access index; live snapshot retrieved 2026-09-08,,,available,Land-area-weighted average of the morning (8–9am) public transport access index over the part of this area the data covers. Not a commute time or access from a property.,0.9999999999999803,ptal-area-weighted-mean-v1
212021293,green_space_per_resident,162.8124327450879,,,Undated unmaintained open-space inventory / 30 June 2025 ERP,,,available,"Public open space that is open and existing (parks and gardens, natural and semi-natural areas, recreation corridors and sports grounds), divided by 2025 population. It can include river and lake frontage recorded as open space, and does not show vegetation, park quality or walking access. The inventory has no publication date, and 2025 population is preliminary.",,open-space-public-filter-v1
212021295,rent_weekly,320,,,2021 Census,2021,2021,available,Historical reported rent; not current advertised rent.,,census-g02-direct-v2
212021295,population_growth,3.036841684647966,,,30 June 2020 to 30 June 2025,2020,2025,available,"2025 ERP is preliminary; historical estimated change, not a forecast.",,erp-growth-2020-2025-v1
212021295,transport_access,3.908096091543144,,,Morning access index; live snapshot retrieved 2026-09-08,,,available,Land-area-weighted average of the morning (8–9am) public transport access index over the part of this area the data covers. Not a commute time or access from a property.,0.9999999999999912,ptal-area-weighted-mean-v1
212021295,green_space_per_resident,72.57261172591085,,,Undated unmaintained open-space inventory / 30 June 2025 ERP,,,available,"Public open space that is open and existing (parks and gardens, natural and semi-natural areas, recreation corridors and sports grounds), divided by 2025 population. It can include river and lake frontage recorded as open space, and does not show vegetation, park quality or walking access. The inventory has no publication date, and 2025 population is preliminary.",,open-space-public-filter-v1
212021297,rent_weekly,361,,,2021 Census,2021,2021,available,Historical reported rent; not current advertised rent.,,census-g02-direct-v2
212021297,population_growth,0.3425802139037433,,,30 June 2020 to 30 June 2025,2020,2025,available,"2025 ERP is preliminary; historical estimated change, not a forecast.",,erp-growth-2020-2025-v1
212021297,transport_access,2.7833619726378047,,,Morning access index; live snapshot retrieved 2026-09-08,,,available,Land-area-weighted average of the morning (8–9am) public transport access index over the part of this area the data covers. Not a commute time or access from a property.,0.9999999999999889,ptal-area-weighted-mean-v1
212021297,green_space_per_resident,47.91946755764748,,,Undated unmaintained open-space inventory / 30 June 2025 ERP,,,available,"Public open space that is open and existing (parks and gardens, natural and semi-natural areas, recreation corridors and sports grounds), divided by 2025 population. It can include river and lake frontage recorded as open space, and does not show vegetation, park quality or walking access. The inventory has no publication date, and 2025 population is preliminary.",,open-space-public-filter-v1
212021299,rent_weekly,400,,,2021 Census,2021,2021,available,Historical reported rent; not current advertised rent.,,census-g02-direct-v2
212021299,population_growth,-1.5301852958756725,,,30 June 2020 to 30 June 2025,2020,2025,available,"2025 ERP is preliminary; historical estimated change, not a forecast.",,erp-growth-2020-2025-v1
212021299,transport_access,0.13620204946665776,,,Morning access index; live snapshot retrieved 2026-09-08,,,available,Land-area-weighted average of the morning (8–9am) public transport access index over the part of this area the data covers. Not a commute time or access from a property.,1.0,ptal-area-weighted-mean-v1
212021299,green_space_per_resident,330.92947087313263,,,Undated unmaintained open-space inventory / 30 June 2025 ERP,,,available,"Public open space that is open and existing (parks and gardens, natural and semi-natural areas, recreation corridors and sports grounds), divided by 2025 population. It can include river and lake frontage recorded as open space, and does not show vegetation, park quality or walking access. The inventory has no publication date, and 2025 population is preliminary.",,open-space-public-filter-v1
212021453,rent_weekly,369,,,2021 Census,2021,2021,available,Historical reported rent; not current advertised rent.,,census-g02-direct-v2
212021453,population_growth,-2.27163268582437,,,30 June 2020 to 30 June 2025,2020,2025,available,"2025 ERP is preliminary; historical estimated change, not a forecast.",,erp-growth-2020-2025-v1
212021453,transport_access,1.0812450112612089,,,Morning access index; live snapshot retrieved 2026-09-08,,,available,Land-area-weighted average of the morning (8–9am) public transport access index over the part of this area the data covers. Not a commute time or access from a property.,1.0,ptal-area-weighted-mean-v1
212021453,green_space_per_resident,420.01171630064914,,,Undated unmaintained open-space inventory / 30 June 2025 ERP,,,available,"Public open space that is open and existing (parks and gardens, natural and semi-natural areas, recreation corridors and sports grounds), divided by 2025 population. It can include river and lake frontage recorded as open space, and does not show vegetation, park quality or walking access. The inventory has no publication date, and 2025 population is preliminary.",,open-space-public-filter-v1
212021454,rent_weekly,383,,,2021 Census,2021,2021,available,Historical reported rent; not current advertised rent.,,census-g02-direct-v2
212021454,population_growth,-2.2101841820151678,,,30 June 2020 to 30 June 2025,2020,2025,available,"2025 ERP is preliminary; historical estimated change, not a forecast.",,erp-growth-2020-2025-v1
212021454,transport_access,3.9791936480719423,,,Morning access index; live snapshot retrieved 2026-09-08,,,available,Land-area-weighted average of the morning (8–9am) public transport access index over the part of this area the data covers. Not a commute time or access from a property.,0.9999999999999865,ptal-area-weighted-mean-v1
212021454,green_space_per_resident,33.84514628706076,,,Undated unmaintained open-space inventory / 30 June 2025 ERP,,,available,"Public open space that is open and existing (parks and gardens, natural and semi-natural areas, recreation corridors and sports grounds), divided by 2025 population. It can include river and lake frontage recorded as open space, and does not show vegetation, park quality or walking access. The inventory has no publication date, and 2025 population is preliminary.",,open-space-public-filter-v1
212021455,rent_weekly,370,,,2021 Census,2021,2021,available,Historical reported rent; not current advertised rent.,,census-g02-direct-v2
212021455,population_growth,-1.9441244239631337,,,30 June 2020 to 30 June 2025,2020,2025,available,"2025 ERP is preliminary; historical estimated change, not a forecast.",,erp-growth-2020-2025-v1
212021455,transport_access,2.080781492390333,,,Morning access index; live snapshot retrieved 2026-09-08,,,available,Land-area-weighted average of the morning (8–9am) public transport access index over the part of this area the data covers. Not a commute time or access from a property.,0.9999999999999954,ptal-area-weighted-mean-v1
212021455,green_space_per_resident,46.355837495287425,,,Undated unmaintained open-space inventory / 30 June 2025 ERP,,,available,"Public open space that is open and existing (parks and gardens, natural and semi-natural areas, recreation corridors and sports grounds), divided by 2025 population. It can include river and lake frontage recorded as open space, and does not show vegetation, park quality or walking access. The inventory has no publication date, and 2025 population is preliminary.",,open-space-public-filter-v1
212021456,rent_weekly,360,,,2021 Census,2021,2021,available,Historical reported rent; not current advertised rent.,,census-g02-direct-v2
212021456,population_growth,2.069874752801582,,,30 June 2020 to 30 June 2025,2020,2025,available,"2025 ERP is preliminary; historical estimated change, not a forecast.",,erp-growth-2020-2025-v1
212021456,transport_access,3.649603694673221,,,Morning access index; live snapshot retrieved 2026-09-08,,,available,Land-area-weighted average of the morning (8–9am) public transport access index over the part of this area the data covers. Not a commute time or access from a property.,1.0,ptal-area-weighted-mean-v1
212021456,green_space_per_resident,93.85429972579416,,,Undated unmaintained open-space inventory / 30 June 2025 ERP,,,available,"Public open space that is open and existing (parks and gardens, natural and semi-natural areas, recreation corridors and sports grounds), divided by 2025 population. It can include river and lake frontage recorded as open space, and does not show vegetation, park quality or walking access. The inventory has no publication date, and 2025 population is preliminary.",,open-space-public-filter-v1
212021553,rent_weekly,430,,,2021 Census,2021,2021,available,Historical reported rent; not current advertised rent.,,census-g02-direct-v2
212021553,population_growth,15.856720415109077,,,30 June 2020 to 30 June 2025,2020,2025,available,"2025 ERP is preliminary; historical estimated change, not a forecast.",,erp-growth-2020-2025-v1
212021553,transport_access,2.023375943193799,,,Morning access index; live snapshot retrieved 2026-09-08,,,available,Land-area-weighted average of the morning (8–9am) public transport access index over the part of this area the data covers. Not a commute time or access from a property.,0.9999999999999836,ptal-area-weighted-mean-v1
212021553,green_space_per_resident,41.815437489817675,,,Undated unmaintained open-space inventory / 30 June 2025 ERP,,,available,"Public open space that is open and existing (parks and gardens, natural and semi-natural areas, recreation corridors and sports grounds), divided by 2025 population. It can include river and lake frontage recorded as open space, and does not show vegetation, park quality or walking access. The inventory has no publication date, and 2025 population is preliminary.",,open-space-public-filter-v1
212021554,rent_weekly,400,,,2021 Census,2021,2021,available,Historical reported rent; not current advertised rent.,,census-g02-direct-v2
212021554,population_growth,18.283315469810645,,,30 June 2020 to 30 June 2025,2020,2025,available,"2025 ERP is preliminary; historical estimated change, not a forecast.",,erp-growth-2020-2025-v1
212021554,transport_access,1.7797629944237694,,,Morning access index; live snapshot retrieved 2026-09-08,,,available,Land-area-weighted average of the morning (8–9am) public transport access index over the part of this area the data covers. Not a commute time or access from a property.,1.0,ptal-area-weighted-mean-v1
212021554,green_space_per_resident,65.9977720052646,,,Undated unmaintained open-space inventory / 30 June 2025 ERP,,,available,"Public open space that is open and existing (parks and gardens, natural and semi-natural areas, recreation corridors and sports grounds), divided by 2025 population. It can include river and lake frontage recorded as open space, and does not show vegetation, park quality or walking access. The inventory has no publication date, and 2025 population is preliminary.",,open-space-public-filter-v1
212031300,rent_weekly,342,,,2021 Census,2021,2021,available,Historical reported rent; not current advertised rent.,,census-g02-direct-v2
212031300,population_growth,4.775527153601255,,,30 June 2020 to 30 June 2025,2020,2025,available,"2025 ERP is preliminary; historical estimated change, not a forecast.",,erp-growth-2020-2025-v1
212031300,transport_access,3.3112442798754436,,,Morning access index; live snapshot retrieved 2026-09-08,,,available,Land-area-weighted average of the morning (8–9am) public transport access index over the part of this area the data covers. Not a commute time or access from a property.,0.9999999999999738,ptal-area-weighted-mean-v1
212031300,green_space_per_resident,71.82320175144719,,,Undated unmaintained open-space inventory / 30 June 2025 ERP,,,available,"Public open space that is open and existing (parks and gardens, natural and semi-natural areas, recreation corridors and sports grounds), divided by 2025 population. It can include river and lake frontage recorded as open space, and does not show vegetation, park quality or walking access. The inventory has no publication date, and 2025 population is preliminary.",,open-space-public-filter-v1
212031303,rent_weekly,408,,,2021 Census,2021,2021,available,Historical reported rent; not current advertised rent.,,census-g02-direct-v2
212031303,population_growth,77.85287236807902,,,30 June 2020 to 30 June 2025,2020,2025,available,"2025 ERP is preliminary; historical estimated change, not a forecast.",,erp-growth-2020-2025-v1
212031303,transport_access,0.11891807778572264,,,Morning access index; live snapshot retrieved 2026-09-08,,,available,Land-area-weighted average of the morning (8–9am) public transport access index over the part of this area the data covers. Not a commute time or access from a property.,0.9999999999999932,ptal-area-weighted-mean-v1
212031303,green_space_per_resident,16.178194907155834,,,Undated unmaintained open-space inventory / 30 June 2025 ERP,,,available,"Public open space that is open and existing (parks and gardens, natural and semi-natural areas, recreation corridors and sports grounds), divided by 2025 population. It can include river and lake frontage recorded as open space, and does not show vegetation, park quality or walking access. The inventory has no publication date, and 2025 population is preliminary.",,open-space-public-filter-v1
212031304,rent_weekly,380,,,2021 Census,2021,2021,available,Historical reported rent; not current advertised rent.,,census-g02-direct-v2
212031304,population_growth,22.154598169358316,,,30 June 2020 to 30 June 2025,2020,2025,available,"2025 ERP is preliminary; historical estimated change, not a forecast.",,erp-growth-2020-2025-v1
212031304,transport_access,1.3086532520536558,,,Morning access index; live snapshot retrieved 2026-09-08,,,available,Land-area-weighted average of the morning (8–9am) public transport access index over the part of this area the data covers. Not a commute time or access from a property.,0.9999999999999895,ptal-area-weighted-mean-v1
212031304,green_space_per_resident,26.04511232368024,,,Undated unmaintained open-space inventory / 30 June 2025 ERP,,,available,"Public open space that is open and existing (parks and gardens, natural and semi-natural areas, recreation corridors and sports grounds), divided by 2025 population. It can include river and lake frontage recorded as open space, and does not show vegetation, park quality or walking access. The inventory has no publication date, and 2025 population is preliminary.",,open-space-public-filter-v1
212031306,rent_weekly,416,,,2021 Census,2021,2021,available,Historical reported rent; not current advertised rent.,,census-g02-direct-v2
212031306,population_growth,7.876145269897339,,,30 June 2020 to 30 June 2025,2020,2025,available,"2025 ERP is preliminary; historical estimated change, not a forecast.",,erp-growth-2020-2025-v1
212031306,transport_access,3.1196558546108037,,,Morning access index; live snapshot retrieved 2026-09-08,,,available,Land-area-weighted average of the morning (8–9am) public transport access index over the part of this area the data covers. Not a commute time or access from a property.,0.9999999999999925,ptal-area-weighted-mean-v1
212031306,green_space_per_resident,32.59075842736156,,,Undated unmaintained open-space inventory / 30 June 2025 ERP,,,available,"Public open space that is open and existing (parks and gardens, natural and semi-natural areas, recreation corridors and sports grounds), divided by 2025 population. It can include river and lake frontage recorded as open space, and does not show vegetation, park quality or walking access. The inventory has no publication date, and 2025 population is preliminary.",,open-space-public-filter-v1
212031308,rent_weekly,370,,,2021 Census,2021,2021,available,Historical reported rent; not current advertised rent.,,census-g02-direct-v2
212031308,population_growth,1.6216216216216217,,,30 June 2020 to 30 June 2025,2020,2025,available,"2025 ERP is preliminary; historical estimated change, not a forecast.",,erp-growth-2020-2025-v1
212031308,transport_access,0.04993803745490104,,,Morning access index; live snapshot retrieved 2026-09-08,,,available,Land-area-weighted average of the morning (8–9am) public transport access index over the part of this area the data covers. Not a commute time or access from a property.,0.8892172560723409,ptal-area-weighted-mean-v1
212031308,green_space_per_resident,299.52873914128,,,Undated unmaintained open-space inventory / 30 June 2025 ERP,,,available,"Public open space that is open and existing (parks and gardens, natural and semi-natural areas, recreation corridors and sports grounds), divided by 2025 population. It can include river and lake frontage recorded as open space, and does not show vegetation, park quality or walking access. The inventory has no publication date, and 2025 population is preliminary.",,open-space-public-filter-v1
212031457,rent_weekly,430,,,2021 Census,2021,2021,available,Historical reported rent; not current advertised rent.,,census-g02-direct-v2
212031457,population_growth,-2.9440262353730344,,,30 June 2020 to 30 June 2025,2020,2025,available,"2025 ERP is preliminary; historical estimated change, not a forecast.",,erp-growth-2020-2025-v1
212031457,transport_access,2.6365480689645646,,,Morning access index; live snapshot retrieved 2026-09-08,,,available,Land-area-weighted average of the morning (8–9am) public transport access index over the part of this area the data covers. Not a commute time or access from a property.,0.9999999999999833,ptal-area-weighted-mean-v1
212031457,green_space_per_resident,83.11117486370782,,,Undated unmaintained open-space inventory / 30 June 2025 ERP,,,available,"Public open space that is open and existing (parks and gardens, natural and semi-natural areas, recreation corridors and sports grounds), divided by 2025 population. It can include river and lake frontage recorded as open space, and does not show vegetation, park quality or walking access. The inventory has no publication date, and 2025 population is preliminary.",,open-space-public-filter-v1
212031458,rent_weekly,392,,,2021 Census,2021,2021,available,Historical reported rent; not current advertised rent.,,census-g02-direct-v2
212031458,population_growth,-1.5729430744411155,,,30 June 2020 to 30 June 2025,2020,2025,available,"2025 ERP is preliminary; historical estimated change, not a forecast.",,erp-growth-2020-2025-v1
212031458,transport_access,3.0251972298946095,,,Morning access index; live snapshot retrieved 2026-09-08,,,available,Land-area-weighted average of the morning (8–9am) public transport access index over the part of this area the data covers. Not a commute time or access from a property.,1.0,ptal-area-weighted-mean-v1
212031458,green_space_per_resident,42.4694583749537,,,Undated unmaintained open-space inventory / 30 June 2025 ERP,,,available,"Public open space that is open and existing (parks and gardens, natural and semi-natural areas, recreation corridors and sports grounds), divided by 2025 population. It can include river and lake frontage recorded as open space, and does not show vegetation, park quality or walking access. The inventory has no publication date, and 2025 population is preliminary.",,open-space-public-filter-v1
212031555,rent_weekly,421,,,2021 Census,2021,2021,available,Historical reported rent; not current advertised rent.,,census-g02-direct-v2
212031555,population_growth,48.280351524357165,,,30 June 2020 to 30 June 2025,2020,2025,available,"2025 ERP is preliminary; historical estimated change, not a forecast.",,erp-growth-2020-2025-v1
212031555,transport_access,0.5129465897633715,,,Morning access index; live snapshot retrieved 2026-09-08,,,available,Land-area-weighted average of the morning (8–9am) public transport access index over the part of this area the data covers. Not a commute time or access from a property.,0.999999999999981,ptal-area-weighted-mean-v1
212031555,green_space_per_resident,7.797473442663008,,,Undated unmaintained open-space inventory / 30 June 2025 ERP,,,available,"Public open space that is open and existing (parks and gardens, natural and semi-natural areas, recreation corridors and sports grounds), divided by 2025 population. It can include river and lake frontage recorded as open space, and does not show vegetation, park quality or walking access. The inventory has no publication date, and 2025 population is preliminary.",,open-space-public-filter-v1
212031556,rent_weekly,410,,,2021 Census,2021,2021,available,Historical reported rent; not current advertised rent.,,census-g02-direct-v2
212031556,population_growth,137.97043010752688,,,30 June 2020 to 30 June 2025,2020,2025,available,"2025 ERP is preliminary; historical estimated change, not a forecast.",,erp-growth-2020-2025-v1
212031556,transport_access,0.5963726065491153,,,Morning access index; live snapshot retrieved 2026-09-08,,,available,Land-area-weighted average of the morning (8–9am) public transport access index over the part of this area the data covers. Not a commute time or access from a property.,1.0,ptal-area-weighted-mean-v1
212031556,green_space_per_resident,1.4476566750337445,,,Undated unmaintained open-space inventory / 30 June 2025 ERP,,,available,"Public open space that is open and existing (parks and gardens, natural and semi-natural areas, recreation corridors and sports grounds), divided by 2025 population. It can include river and lake frontage recorded as open space, and does not show vegetation, park quality or walking access. The inventory has no publication date, and 2025 population is preliminary.",,open-space-public-filter-v1
212031557,rent_weekly,400,,,2021 Census,2021,2021,available,Historical reported rent; not current advertised rent.,,census-g02-direct-v2
212031557,population_growth,7.385391720834758,,,30 June 2020 to 30 June 2025,2020,2025,available,"2025 ERP is preliminary; historical estimated change, not a forecast.",,erp-growth-2020-2025-v1
212031557,transport_access,1.9492476767133167,,,Morning access index; live snapshot retrieved 2026-09-08,,,available,Land-area-weighted average of the morning (8–9am) public transport access index over the part of this area the data covers. Not a commute time or access from a property.,1.0,ptal-area-weighted-mean-v1
212031557,green_space_per_resident,21.772731141684783,,,Undated unmaintained open-space inventory / 30 June 2025 ERP,,,available,"Public open space that is open and existing (parks and gardens, natural and semi-natural areas, recreation corridors and sports grounds), divided by 2025 population. It can include river and lake frontage recorded as open space, and does not show vegetation, park quality or walking access. The inventory has no publication date, and 2025 population is preliminary.",,open-space-public-filter-v1
212031558,rent_weekly,401,,,2021 Census,2021,2021,available,Historical reported rent; not current advertised rent.,,census-g02-direct-v2
212031558,population_growth,40.197841726618705,,,30 June 2020 to 30 June 2025,2020,2025,available,"2025 ERP is preliminary; historical estimated change, not a forecast.",,erp-growth-2020-2025-v1
212031558,transport_access,0.7056776912410545,,,Morning access index; live snapshot retrieved 2026-09-08,,,available,Land-area-weighted average of the morning (8–9am) public transport access index over the part of this area the data covers. Not a commute time or access from a property.,0.9999999999999882,ptal-area-weighted-mean-v1
212031558,green_space_per_resident,59.50711622874816,,,Undated unmaintained open-space inventory / 30 June 2025 ERP,,,available,"Public open space that is open and existing (parks and gardens, natural and semi-natural areas, recreation corridors and sports grounds), divided by 2025 population. It can include river and lake frontage recorded as open space, and does not show vegetation, park quality or walking access. The inventory has no publication date, and 2025 population is preliminary.",,open-space-public-filter-v1
212031559,rent_weekly,401,,,2021 Census,2021,2021,available,Historical reported rent; not current advertised rent.,,census-g02-direct-v2
212031559,population_growth,8.160846895244115,,,30 June 2020 to 30 June 2025,2020,2025,available,"2025 ERP is preliminary; historical estimated change, not a forecast.",,erp-growth-2020-2025-v1
212031559,transport_access,1.4308750160093682,,,Morning access index; live snapshot retrieved 2026-09-08,,,available,Land-area-weighted average of the morning (8–9am) public transport access index over the part of this area the data covers. Not a commute time or access from a property.,1.0,ptal-area-weighted-mean-v1
212031559,green_space_per_resident,14.778987534074782,,,Undated unmaintained open-space inventory / 30 June 2025 ERP,,,available,"Public open space that is open and existing (parks and gardens, natural and semi-natural areas, recreation corridors and sports grounds), divided by 2025 population. It can include river and lake frontage recorded as open space, and does not show vegetation, park quality or walking access. The inventory has no publication date, and 2025 population is preliminary.",,open-space-public-filter-v1
212031560,rent_weekly,355,,,2021 Census,2021,2021,available,Historical reported rent; not current advertised rent.,,census-g02-direct-v2
212031560,population_growth,-0.1135718341851221,,,30 June 2020 to 30 June 2025,2020,2025,available,"2025 ERP is preliminary; historical estimated change, not a forecast.",,erp-growth-2020-2025-v1
212031560,transport_access,2.8805248855418184,,,Morning access index; live snapshot retrieved 2026-09-08,,,available,Land-area-weighted average of the morning (8–9am) public transport access index over the part of this area the data covers. Not a commute time or access from a property.,1.0,ptal-area-weighted-mean-v1
212031560,green_space_per_resident,22.643402294138415,,,Undated unmaintained open-space inventory / 30 June 2025 ERP,,,available,"Public open space that is open and existing (parks and gardens, natural and semi-natural areas, recreation corridors and sports grounds), divided by 2025 population. It can include river and lake frontage recorded as open space, and does not show vegetation, park quality or walking access. The inventory has no publication date, and 2025 population is preliminary.",,open-space-public-filter-v1
212031561,rent_weekly,355,,,2021 Census,2021,2021,available,Historical reported rent; not current advertised rent.,,census-g02-direct-v2
212031561,population_growth,0.05229344090841177,,,30 June 2020 to 30 June 2025,2020,2025,available,"2025 ERP is preliminary; historical estimated change, not a forecast.",,erp-growth-2020-2025-v1
212031561,transport_access,2.1143358899117795,,,Morning access index; live snapshot retrieved 2026-09-08,,,available,Land-area-weighted average of the morning (8–9am) public transport access index over the part of this area the data covers. Not a commute time or access from a property.,0.9999999999999926,ptal-area-weighted-mean-v1
212031561,green_space_per_resident,112.60854674174061,,,Undated unmaintained open-space inventory / 30 June 2025 ERP,,,available,"Public open space that is open and existing (parks and gardens, natural and semi-natural areas, recreation corridors and sports grounds), divided by 2025 population. It can include river and lake frontage recorded as open space, and does not show vegetation, park quality or walking access. The inventory has no publication date, and 2025 population is preliminary.",,open-space-public-filter-v1
212031562,rent_weekly,350,,,2021 Census,2021,2021,available,Historical reported rent; not current advertised rent.,,census-g02-direct-v2
212031562,population_growth,-1.6524787180771157,,,30 June 2020 to 30 June 2025,2020,2025,available,"2025 ERP is preliminary; historical estimated change, not a forecast.",,erp-growth-2020-2025-v1
212031562,transport_access,3.1143191756837614,,,Morning access index; live snapshot retrieved 2026-09-08,,,available,Land-area-weighted average of the morning (8–9am) public transport access index over the part of this area the data covers. Not a commute time or access from a property.,0.9999999999999986,ptal-area-weighted-mean-v1
212031562,green_space_per_resident,65.83251716280627,,,Undated unmaintained open-space inventory / 30 June 2025 ERP,,,available,"Public open space that is open and existing (parks and gardens, natural and semi-natural areas, recreation corridors and sports grounds), divided by 2025 population. It can include river and lake frontage recorded as open space, and does not show vegetation, park quality or walking access. The inventory has no publication date, and 2025 population is preliminary.",,open-space-public-filter-v1
212041309,rent_weekly,400,,,2021 Census,2021,2021,available,Historical reported rent; not current advertised rent.,,census-g02-direct-v2
212041309,population_growth,-3.2388330311521343,,,30 June 2020 to 30 June 2025,2020,2025,available,"2025 ERP is preliminary; historical estimated change, not a forecast.",,erp-growth-2020-2025-v1
212041309,transport_access,4.356821066629867,,,Morning access index; live snapshot retrieved 2026-09-08,,,available,Land-area-weighted average of the morning (8–9am) public transport access index over the part of this area the data covers. Not a commute time or access from a property.,1.0,ptal-area-weighted-mean-v1
212041309,green_space_per_resident,30.723220635501107,,,Undated unmaintained open-space inventory / 30 June 2025 ERP,,,available,"Public open space that is open and existing (parks and gardens, natural and semi-natural areas, recreation corridors and sports grounds), divided by 2025 population. It can include river and lake frontage recorded as open space, and does not show vegetation, park quality or walking access. The inventory has no publication date, and 2025 population is preliminary.",,open-space-public-filter-v1
212041310,rent_weekly,381,,,2021 Census,2021,2021,available,Historical reported rent; not current advertised rent.,,census-g02-direct-v2
212041310,population_growth,8.45816845675523,,,30 June 2020 to 30 June 2025,2020,2025,available,"2025 ERP is preliminary; historical estimated change, not a forecast.",,erp-growth-2020-2025-v1
212041310,transport_access,4.714718759572069,,,Morning access index; live snapshot retrieved 2026-09-08,,,available,Land-area-weighted average of the morning (8–9am) public transport access index over the part of this area the data covers. Not a commute time or access from a property.,1.0,ptal-area-weighted-mean-v1
212041310,green_space_per_resident,38.32152227675152,,,Undated unmaintained open-space inventory / 30 June 2025 ERP,,,available,"Public open space that is open and existing (parks and gardens, natural and semi-natural areas, recreation corridors and sports grounds), divided by 2025 population. It can include river and lake frontage recorded as open space, and does not show vegetation, park quality or walking access. The inventory has no publication date, and 2025 population is preliminary.",,open-space-public-filter-v1
212041312,rent_weekly,341,,,2021 Census,2021,2021,available,Historical reported rent; not current advertised rent.,,census-g02-direct-v2
212041312,population_growth,-1.1160431198478122,,,30 June 2020 to 30 June 2025,2020,2025,available,"2025 ERP is preliminary; historical estimated change, not a forecast.",,erp-growth-2020-2025-v1
212041312,transport_access,3.398191363101108,,,Morning access index; live snapshot retrieved 2026-09-08,,,available,Land-area-weighted average of the morning (8–9am) public transport access index over the part of this area the data covers. Not a commute time or access from a property.,1.0,ptal-area-weighted-mean-v1
212041312,green_space_per_resident,74.92229263281756,,,Undated unmaintained open-space inventory / 30 June 2025 ERP,,,available,"Public open space that is open and existing (parks and gardens, natural and semi-natural areas, recreation corridors and sports grounds), divided by 2025 population. It can include river and lake frontage recorded as open space, and does not show vegetation, park quality or walking access. The inventory has no publication date, and 2025 population is preliminary.",,open-space-public-filter-v1
212041313,rent_weekly,450,,,2021 Census,2021,2021,available,Historical reported rent; not current advertised rent.,,census-g02-direct-v2
212041313,population_growth,0.3166915052160954,,,30 June 2020 to 30 June 2025,2020,2025,available,"2025 ERP is preliminary; historical estimated change, not a forecast.",,erp-growth-2020-2025-v1
212041313,transport_access,2.0271985501890635,,,Morning access index; live snapshot retrieved 2026-09-08,,,available,Land-area-weighted average of the morning (8–9am) public transport access index over the part of this area the data covers. Not a commute time or access from a property.,0.9999999999999964,ptal-area-weighted-mean-v1
212041313,green_space_per_resident,33.42770065282571,,,Undated unmaintained open-space inventory / 30 June 2025 ERP,,,available,"Public open space that is open and existing (parks and gardens, natural and semi-natural areas, recreation corridors and sports grounds), divided by 2025 population. It can include river and lake frontage recorded as open space, and does not show vegetation, park quality or walking access. The inventory has no publication date, and 2025 population is preliminary.",,open-space-public-filter-v1
212041316,rent_weekly,351,,,2021 Census,2021,2021,available,Historical reported rent; not current advertised rent.,,census-g02-direct-v2
212041316,population_growth,-2.1772738984797733,,,30 June 2020 to 30 June 2025,2020,2025,available,"2025 ERP is preliminary; historical estimated change, not a forecast.",,erp-growth-2020-2025-v1
212041316,transport_access,2.664524229643544,,,Morning access index; live snapshot retrieved 2026-09-08,,,available,Land-area-weighted average of the morning (8–9am) public transport access index over the part of this area the data covers. Not a commute time or access from a property.,1.0,ptal-area-weighted-mean-v1
212041316,green_space_per_resident,29.741390498407156,,,Undated unmaintained open-space inventory / 30 June 2025 ERP,,,available,"Public open space that is open and existing (parks and gardens, natural and semi-natural areas, recreation corridors and sports grounds), divided by 2025 population. It can include river and lake frontage recorded as open space, and does not show vegetation, park quality or walking access. The inventory has no publication date, and 2025 population is preliminary.",,open-space-public-filter-v1
212041317,rent_weekly,356,,,2021 Census,2021,2021,available,Historical reported rent; not current advertised rent.,,census-g02-direct-v2
212041317,population_growth,3.45877378435518,,,30 June 2020 to 30 June 2025,2020,2025,available,"2025 ERP is preliminary; historical estimated change, not a forecast.",,erp-growth-2020-2025-v1
212041317,transport_access,5.1253265206367296,,,Morning access index; live snapshot retrieved 2026-09-08,,,available,Land-area-weighted average of the morning (8–9am) public transport access index over the part of this area the data covers. Not a commute time or access from a property.,1.0,ptal-area-weighted-mean-v1
212041317,green_space_per_resident,10.954037320245764,,,Undated unmaintained open-space inventory / 30 June 2025 ERP,,,available,"Public open space that is open and existing (parks and gardens, natural and semi-natural areas, recreation corridors and sports grounds), divided by 2025 population. It can include river and lake frontage recorded as open space, and does not show vegetation, park quality or walking access. The inventory has no publication date, and 2025 population is preliminary.",,open-space-public-filter-v1
212041318,rent_weekly,355,,,2021 Census,2021,2021,available,Historical reported rent; not current advertised rent.,,census-g02-direct-v2
212041318,population_growth,-0.15795411808950732,,,30 June 2020 to 30 June 2025,2020,2025,available,"2025 ERP is preliminary; historical estimated change, not a forecast.",,erp-growth-2020-2025-v1
212041318,transport_access,3.5573849738435834,,,Morning access index; live snapshot retrieved 2026-09-08,,,available,Land-area-weighted average of the morning (8–9am) public transport access index over the part of this area the data covers. Not a commute time or access from a property.,0.9999999999999691,ptal-area-weighted-mean-v1
212041318,green_space_per_resident,45.19895505792304,,,Undated unmaintained open-space inventory / 30 June 2025 ERP,,,available,"Public open space that is open and existing (parks and gardens, natural and semi-natural areas, recreation corridors and sports grounds), divided by 2025 population. It can include river and lake frontage recorded as open space, and does not show vegetation, park quality or walking access. The inventory has no publication date, and 2025 population is preliminary.",,open-space-public-filter-v1
212041459,rent_weekly,331,,,2021 Census,2021,2021,available,Historical reported rent; not current advertised rent.,,census-g02-direct-v2
212041459,population_growth,2.4255788313120177,,,30 June 2020 to 30 June 2025,2020,2025,available,"2025 ERP is preliminary; historical estimated change, not a forecast.",,erp-growth-2020-2025-v1
212041459,transport_access,4.541028861423511,,,Morning access index; live snapshot retrieved 2026-09-08,,,available,Land-area-weighted average of the morning (8–9am) public transport access index over the part of this area the data covers. Not a commute time or access from a property.,1.0,ptal-area-weighted-mean-v1
212041459,green_space_per_resident,20.16875895637213,,,Undated unmaintained open-space inventory / 30 June 2025 ERP,,,available,"Public open space that is open and existing (parks and gardens, natural and semi-natural areas, recreation corridors and sports grounds), divided by 2025 population. It can include river and lake frontage recorded as open space, and does not show vegetation, park quality or walking access. The inventory has no publication date, and 2025 population is preliminary.",,open-space-public-filter-v1
212041460,rent_weekly,346,,,2021 Census,2021,2021,available,Historical reported rent; not current advertised rent.,,census-g02-direct-v2
212041460,population_growth,1.1661807580174928,,,30 June 2020 to 30 June 2025,2020,2025,available,"2025 ERP is preliminary; historical estimated change, not a forecast.",,erp-growth-2020-2025-v1
212041460,transport_access,5.137392883619895,,,Morning access index; live snapshot retrieved 2026-09-08,,,available,Land-area-weighted average of the morning (8–9am) public transport access index over the part of this area the data covers. Not a commute time or access from a property.,0.999999999999958,ptal-area-weighted-mean-v1
212041460,green_space_per_resident,6.381541206882406,,,Undated unmaintained open-space inventory / 30 June 2025 ERP,,,available,"Public open space that is open and existing (parks and gardens, natural and semi-natural areas, recreation corridors and sports grounds), divided by 2025 population. It can include river and lake frontage recorded as open space, and does not show vegetation, park quality or walking access. The inventory has no publication date, and 2025 population is preliminary.",,open-space-public-filter-v1
212041563,rent_weekly,310,,,2021 Census,2021,2021,available,Historical reported rent; not current advertised rent.,,census-g02-direct-v2
212041563,population_growth,1.3688510342430036,,,30 June 2020 to 30 June 2025,2020,2025,available,"2025 ERP is preliminary; historical estimated change, not a forecast.",,erp-growth-2020-2025-v1
212041563,transport_access,8.822577776065225,,,Morning access index; live snapshot retrieved 2026-09-08,,,available,Land-area-weighted average of the morning (8–9am) public transport access index over the part of this area the data covers. Not a commute time or access from a property.,0.99999999999996,ptal-area-weighted-mean-v1
212041563,green_space_per_resident,54.51118059505309,,,Undated unmaintained open-space inventory / 30 June 2025 ERP,,,available,"Public open space that is open and existing (parks and gardens, natural and semi-natural areas, recreation corridors and sports grounds), divided by 2025 population. It can include river and lake frontage recorded as open space, and does not show vegetation, park quality or walking access. The inventory has no publication date, and 2025 population is preliminary.",,open-space-public-filter-v1
212041564,rent_weekly,341,,,2021 Census,2021,2021,available,Historical reported rent; not current advertised rent.,,census-g02-direct-v2
212041564,population_growth,1.424530208122853,,,30 June 2020 to 30 June 2025,2020,2025,available,"2025 ERP is preliminary; historical estimated change, not a forecast.",,erp-growth-2020-2025-v1
212041564,transport_access,1.2454401866978537,,,Morning access index; live snapshot retrieved 2026-09-08,,,available,Land-area-weighted average of the morning (8–9am) public transport access index over the part of this area the data covers. Not a commute time or access from a property.,1.0,ptal-area-weighted-mean-v1
212041564,green_space_per_resident,332.45733782557926,,,Undated unmaintained open-space inventory / 30 June 2025 ERP,,,available,"Public open space that is open and existing (parks and gardens, natural and semi-natural areas, recreation corridors and sports grounds), divided by 2025 population. It can include river and lake frontage recorded as open space, and does not show vegetation, park quality or walking access. The inventory has no publication date, and 2025 population is preliminary.",,open-space-public-filter-v1
212041565,rent_weekly,381,,,2021 Census,2021,2021,available,Historical reported rent; not current advertised rent.,,census-g02-direct-v2
212041565,population_growth,-3.534157116332672,,,30 June 2020 to 30 June 2025,2020,2025,available,"2025 ERP is preliminary; historical estimated change, not a forecast.",,erp-growth-2020-2025-v1
212041565,transport_access,3.710320393584292,,,Morning access index; live snapshot retrieved 2026-09-08,,,available,Land-area-weighted average of the morning (8–9am) public transport access index over the part of this area the data covers. Not a commute time or access from a property.,0.999999999999992,ptal-area-weighted-mean-v1
212041565,green_space_per_resident,31.70989378280665,,,Undated unmaintained open-space inventory / 30 June 2025 ERP,,,available,"Public open space that is open and existing (parks and gardens, natural and semi-natural areas, recreation corridors and sports grounds), divided by 2025 population. It can include river and lake frontage recorded as open space, and does not show vegetation, park quality or walking access. The inventory has no publication date, and 2025 population is preliminary.",,open-space-public-filter-v1
212041566,rent_weekly,520,,,2021 Census,2021,2021,available,Historical reported rent; not current advertised rent.,,census-g02-direct-v2
212041566,population_growth,14.763660744217232,,,30 June 2020 to 30 June 2025,2020,2025,available,"2025 ERP is preliminary; historical estimated change, not a forecast.",,erp-growth-2020-2025-v1
212041566,transport_access,0.7418219245353435,,,Morning access index; live snapshot retrieved 2026-09-08,,,available,Land-area-weighted average of the morning (8–9am) public transport access index over the part of this area the data covers. Not a commute time or access from a property.,1.0,ptal-area-weighted-mean-v1
212041566,green_space_per_resident,91.34961030523337,,,Undated unmaintained open-space inventory / 30 June 2025 ERP,,,available,"Public open space that is open and existing (parks and gardens, natural and semi-natural areas, recreation corridors and sports grounds), divided by 2025 population. It can include river and lake frontage recorded as open space, and does not show vegetation, park quality or walking access. The inventory has no publication date, and 2025 population is preliminary.",,open-space-public-filter-v1
212051319,rent_weekly,415,,,2021 Census,2021,2021,available,Historical reported rent; not current advertised rent.,,census-g02-direct-v2
212051319,population_growth,4.010037394213738,,,30 June 2020 to 30 June 2025,2020,2025,available,"2025 ERP is preliminary; historical estimated change, not a forecast.",,erp-growth-2020-2025-v1
212051319,transport_access,8.47857946237058,,,Morning access index; live snapshot retrieved 2026-09-08,,,available,Land-area-weighted average of the morning (8–9am) public transport access index over the part of this area the data covers. Not a commute time or access from a property.,0.9999999999999672,ptal-area-weighted-mean-v1
212051319,green_space_per_resident,28.10102868454166,,,Undated unmaintained open-space inventory / 30 June 2025 ERP,,,available,"Public open space that is open and existing (parks and gardens, natural and semi-natural areas, recreation corridors and sports grounds), divided by 2025 population. It can include river and lake frontage recorded as open space, and does not show vegetation, park quality or walking access. The inventory has no publication date, and 2025 population is preliminary.",,open-space-public-filter-v1
212051321,rent_weekly,500,,,2021 Census,2021,2021,available,Historical reported rent; not current advertised rent.,,census-g02-direct-v2
212051321,population_growth,0.5995415270675366,,,30 June 2020 to 30 June 2025,2020,2025,available,"2025 ERP is preliminary; historical estimated change, not a forecast.",,erp-growth-2020-2025-v1
212051321,transport_access,6.557375503822463,,,Morning access index; live snapshot retrieved 2026-09-08,,,available,Land-area-weighted average of the morning (8–9am) public transport access index over the part of this area the data covers. Not a commute time or access from a property.,1.0,ptal-area-weighted-mean-v1
212051321,green_space_per_resident,50.46217786470877,,,Undated unmaintained open-space inventory / 30 June 2025 ERP,,,available,"Public open space that is open and existing (parks and gardens, natural and semi-natural areas, recreation corridors and sports grounds), divided by 2025 population. It can include river and lake frontage recorded as open space, and does not show vegetation, park quality or walking access. The inventory has no publication date, and 2025 population is preliminary.",,open-space-public-filter-v1
212051322,rent_weekly,462,,,2021 Census,2021,2021,available,Historical reported rent; not current advertised rent.,,census-g02-direct-v2
212051322,population_growth,7.609944395937687,,,30 June 2020 to 30 June 2025,2020,2025,available,"2025 ERP is preliminary; historical estimated change, not a forecast.",,erp-growth-2020-2025-v1
212051322,transport_access,8.996311287214436,,,Morning access index; live snapshot retrieved 2026-09-08,,,available,Land-area-weighted average of the morning (8–9am) public transport access index over the part of this area the data covers. Not a commute time or access from a property.,0.9999999999999888,ptal-area-weighted-mean-v1
212051322,green_space_per_resident,22.944097582369267,,,Undated unmaintained open-space inventory / 30 June 2025 ERP,,,available,"Public open space that is open and existing (parks and gardens, natural and semi-natural areas, recreation corridors and sports grounds), divided by 2025 population. It can include river and lake frontage recorded as open space, and does not show vegetation, park quality or walking access. The inventory has no publication date, and 2025 population is preliminary.",,open-space-public-filter-v1
212051323,rent_weekly,485,,,2021 Census,2021,2021,available,Historical reported rent; not current advertised rent.,,census-g02-direct-v2
212051323,population_growth,5.063367169199351,,,30 June 2020 to 30 June 2025,2020,2025,available,"2025 ERP is preliminary; historical estimated change, not a forecast.",,erp-growth-2020-2025-v1
212051323,transport_access,6.142862229129363,,,Morning access index; live snapshot retrieved 2026-09-08,,,available,Land-area-weighted average of the morning (8–9am) public transport access index over the part of this area the data covers. Not a commute time or access from a property.,1.0,ptal-area-weighted-mean-v1
212051323,green_space_per_resident,23.68881942335498,,,Undated unmaintained open-space inventory / 30 June 2025 ERP,,,available,"Public open space that is open and existing (parks and gardens, natural and semi-natural areas, recreation corridors and sports grounds), divided by 2025 population. It can include river and lake frontage recorded as open space, and does not show vegetation, park quality or walking access. The inventory has no publication date, and 2025 population is preliminary.",,open-space-public-filter-v1
212051324,rent_weekly,470,,,2021 Census,2021,2021,available,Historical reported rent; not current advertised rent.,,census-g02-direct-v2
212051324,population_growth,2.9757750971986843,,,30 June 2020 to 30 June 2025,2020,2025,available,"2025 ERP is preliminary; historical estimated change, not a forecast.",,erp-growth-2020-2025-v1
212051324,transport_access,7.156839830684479,,,Morning access index; live snapshot retrieved 2026-09-08,,,available,Land-area-weighted average of the morning (8–9am) public transport access index over the part of this area the data covers. Not a commute time or access from a property.,0.999999999999997,ptal-area-weighted-mean-v1
212051324,green_space_per_resident,39.21089258669153,,,Undated unmaintained open-space inventory / 30 June 2025 ERP,,,available,"Public open space that is open and existing (parks and gardens, natural and semi-natural areas, recreation corridors and sports grounds), divided by 2025 population. It can include river and lake frontage recorded as open space, and does not show vegetation, park quality or walking access. The inventory has no publication date, and 2025 population is preliminary.",,open-space-public-filter-v1
212051325,rent_weekly,430,,,2021 Census,2021,2021,available,Historical reported rent; not current advertised rent.,,census-g02-direct-v2
212051325,population_growth,1.8069378683930815,,,30 June 2020 to 30 June 2025,2020,2025,available,"2025 ERP is preliminary; historical estimated change, not a forecast.",,erp-growth-2020-2025-v1
212051325,transport_access,4.689509696091906,,,Morning access index; live snapshot retrieved 2026-09-08,,,available,Land-area-weighted average of the morning (8–9am) public transport access index over the part of this area the data covers. Not a commute time or access from a property.,0.9999999999999906,ptal-area-weighted-mean-v1
212051325,green_space_per_resident,33.63260672939348,,,Undated unmaintained open-space inventory / 30 June 2025 ERP,,,available,"Public open space that is open and existing (parks and gardens, natural and semi-natural areas, recreation corridors and sports grounds), divided by 2025 population. It can include river and lake frontage recorded as open space, and does not show vegetation, park quality or walking access. The inventory has no publication date, and 2025 population is preliminary.",,open-space-public-filter-v1
212051326,rent_weekly,415,,,2021 Census,2021,2021,available,Historical reported rent; not current advertised rent.,,census-g02-direct-v2
212051326,population_growth,7.191939631550103,,,30 June 2020 to 30 June 2025,2020,2025,available,"2025 ERP is preliminary; historical estimated change, not a forecast.",,erp-growth-2020-2025-v1
212051326,transport_access,10.884592780480075,,,Morning access index; live snapshot retrieved 2026-09-08,,,available,Land-area-weighted average of the morning (8–9am) public transport access index over the part of this area the data covers. Not a commute time or access from a property.,0.9999999999999971,ptal-area-weighted-mean-v1
212051326,green_space_per_resident,20.592941010606115,,,Undated unmaintained open-space inventory / 30 June 2025 ERP,,,available,"Public open space that is open and existing (parks and gardens, natural and semi-natural areas, recreation corridors and sports grounds), divided by 2025 population. It can include river and lake frontage recorded as open space, and does not show vegetation, park quality or walking access. The inventory has no publication date, and 2025 population is preliminary.",,open-space-public-filter-v1
212051327,rent_weekly,481,,,2021 Census,2021,2021,available,Historical reported rent; not current advertised rent.,,census-g02-direct-v2
212051327,population_growth,0.41523144434483084,,,30 June 2020 to 30 June 2025,2020,2025,available,"2025 ERP is preliminary; historical estimated change, not a forecast.",,erp-growth-2020-2025-v1
212051327,transport_access,4.564557743022676,,,Morning access index; live snapshot retrieved 2026-09-08,,,available,Land-area-weighted average of the morning (8–9am) public transport access index over the part of this area the data covers. Not a commute time or access from a property.,1.0,ptal-area-weighted-mean-v1
212051327,green_space_per_resident,104.75876239274231,,,Undated unmaintained open-space inventory / 30 June 2025 ERP,,,available,"Public open space that is open and existing (parks and gardens, natural and semi-natural areas, recreation corridors and sports grounds), divided by 2025 population. It can include river and lake frontage recorded as open space, and does not show vegetation, park quality or walking access. The inventory has no publication date, and 2025 population is preliminary.",,open-space-public-filter-v1
212051567,rent_weekly,380,,,2021 Census,2021,2021,available,Historical reported rent; not current advertised rent.,,census-g02-direct-v2
212051567,population_growth,27.281263337601366,,,30 June 2020 to 30 June 2025,2020,2025,available,"2025 ERP is preliminary; historical estimated change, not a forecast.",,erp-growth-2020-2025-v1
212051567,transport_access,7.481761061565448,,,Morning access index; live snapshot retrieved 2026-09-08,,,available,Land-area-weighted average of the morning (8–9am) public transport access index over the part of this area the data covers. Not a commute time or access from a property.,1.0,ptal-area-weighted-mean-v1
212051567,green_space_per_resident,3.6100588560557325,,,Undated unmaintained open-space inventory / 30 June 2025 ERP,,,available,"Public open space that is open and existing (parks and gardens, natural and semi-natural areas, recreation corridors and sports grounds), divided by 2025 population. It can include river and lake frontage recorded as open space, and does not show vegetation, park quality or walking access. The inventory has no publication date, and 2025 population is preliminary.",,open-space-public-filter-v1
212051568,rent_weekly,401,,,2021 Census,2021,2021,available,Historical reported rent; not current advertised rent.,,census-g02-direct-v2
212051568,population_growth,10.379981464318814,,,30 June 2020 to 30 June 2025,2020,2025,available,"2025 ERP is preliminary; historical estimated change, not a forecast.",,erp-growth-2020-2025-v1
212051568,transport_access,8.772124256912841,,,Morning access index; live snapshot retrieved 2026-09-08,,,available,Land-area-weighted average of the morning (8–9am) public transport access index over the part of this area the data covers. Not a commute time or access from a property.,1.0,ptal-area-weighted-mean-v1
212051568,green_space_per_resident,5.051917917677799,,,Undated unmaintained open-space inventory / 30 June 2025 ERP,,,available,"Public open space that is open and existing (parks and gardens, natural and semi-natural areas, recreation corridors and sports grounds), divided by 2025 population. It can include river and lake frontage recorded as open space, and does not show vegetation, park quality or walking access. The inventory has no publication date, and 2025 population is preliminary.",,open-space-public-filter-v1
213011328,rent_weekly,320,,,2021 Census,2021,2021,available,Historical reported rent; not current advertised rent.,,census-g02-direct-v2
213011328,population_growth,-1.5713932195001237,,,30 June 2020 to 30 June 2025,2020,2025,available,"2025 ERP is preliminary; historical estimated change, not a forecast.",,erp-growth-2020-2025-v1
213011328,transport_access,6.889692953131173,,,Morning access index; live snapshot retrieved 2026-09-08,,,available,Land-area-weighted average of the morning (8–9am) public transport access index over the part of this area the data covers. Not a commute time or access from a property.,1.0,ptal-area-weighted-mean-v1
213011328,green_space_per_resident,136.33168818131557,,,Undated unmaintained open-space inventory / 30 June 2025 ERP,,,available,"Public open space that is open and existing (parks and gardens, natural and semi-natural areas, recreation corridors and sports grounds), divided by 2025 population. It can include river and lake frontage recorded as open space, and does not show vegetation, park quality or walking access. The inventory has no publication date, and 2025 population is preliminary.",,open-space-public-filter-v1
213011329,rent_weekly,400,,,2021 Census,2021,2021,available,Historical reported rent; not current advertised rent.,,census-g02-direct-v2
213011329,population_growth,-4.519505233111323,,,30 June 2020 to 30 June 2025,2020,2025,available,"2025 ERP is preliminary; historical estimated change, not a forecast.",,erp-growth-2020-2025-v1
213011329,transport_access,2.5908129395370816,,,Morning access index; live snapshot retrieved 2026-09-08,,,available,Land-area-weighted average of the morning (8–9am) public transport access index over the part of this area the data covers. Not a commute time or access from a property.,0.9999999999999822,ptal-area-weighted-mean-v1
213011329,green_space_per_resident,72.80149172895673,,,Undated unmaintained open-space inventory / 30 June 2025 ERP,,,available,"Public open space that is open and existing (parks and gardens, natural and semi-natural areas, recreation corridors and sports grounds), divided by 2025 population. It can include river and lake frontage recorded as open space, and does not show vegetation, park quality or walking access. The inventory has no publication date, and 2025 population is preliminary.",,open-space-public-filter-v1
213011331,rent_weekly,350,,,2021 Census,2021,2021,available,Historical reported rent; not current advertised rent.,,census-g02-direct-v2
213011331,population_growth,-7.898746044767374,,,30 June 2020 to 30 June 2025,2020,2025,available,"2025 ERP is preliminary; historical estimated change, not a forecast.",,erp-growth-2020-2025-v1
213011331,transport_access,3.771711672055604,,,Morning access index; live snapshot retrieved 2026-09-08,,,available,Land-area-weighted average of the morning (8–9am) public transport access index over the part of this area the data covers. Not a commute time or access from a property.,1.0,ptal-area-weighted-mean-v1
213011331,green_space_per_resident,23.460517590815805,,,Undated unmaintained open-space inventory / 30 June 2025 ERP,,,available,"Public open space that is open and existing (parks and gardens, natural and semi-natural areas, recreation corridors and sports grounds), divided by 2025 population. It can include river and lake frontage recorded as open space, and does not show vegetation, park quality or walking access. The inventory has no publication date, and 2025 population is preliminary.",,open-space-public-filter-v1
213011332,rent_weekly,360,,,2021 Census,2021,2021,available,Historical reported rent; not current advertised rent.,,census-g02-direct-v2
213011332,population_growth,-3.58959239330729,,,30 June 2020 to 30 June 2025,2020,2025,available,"2025 ERP is preliminary; historical estimated change, not a forecast.",,erp-growth-2020-2025-v1
213011332,transport_access,3.7304477471920348,,,Morning access index; live snapshot retrieved 2026-09-08,,,available,Land-area-weighted average of the morning (8–9am) public transport access index over the part of this area the data covers. Not a commute time or access from a property.,1.0,ptal-area-weighted-mean-v1
213011332,green_space_per_resident,142.95021400701594,,,Undated unmaintained open-space inventory / 30 June 2025 ERP,,,available,"Public open space that is open and existing (parks and gardens, natural and semi-natural areas, recreation corridors and sports grounds), divided by 2025 population. It can include river and lake frontage recorded as open space, and does not show vegetation, park quality or walking access. The inventory has no publication date, and 2025 population is preliminary.",,open-space-public-filter-v1
213011333,rent_weekly,323,,,2021 Census,2021,2021,available,Historical reported rent; not current advertised rent.,,census-g02-direct-v2
213011333,population_growth,-3.598811908544588,,,30 June 2020 to 30 June 2025,2020,2025,available,"2025 ERP is preliminary; historical estimated change, not a forecast.",,erp-growth-2020-2025-v1
213011333,transport_access,5.845180011927289,,,Morning access index; live snapshot retrieved 2026-09-08,,,available,Land-area-weighted average of the morning (8–9am) public transport access index over the part of this area the data covers. Not a commute time or access from a property.,1.0,ptal-area-weighted-mean-v1
213011333,green_space_per_resident,35.90795225364544,,,Undated unmaintained open-space inventory / 30 June 2025 ERP,,,available,"Public open space that is open and existing (parks and gardens, natural and semi-natural areas, recreation corridors and sports grounds), divided by 2025 population. It can include river and lake frontage recorded as open space, and does not show vegetation, park quality or walking access. The inventory has no publication date, and 2025 population is preliminary.",,open-space-public-filter-v1
213011334,rent_weekly,330,,,2021 Census,2021,2021,available,Historical reported rent; not current advertised rent.,,census-g02-direct-v2
213011334,population_growth,-2.9681946175506626,,,30 June 2020 to 30 June 2025,2020,2025,available,"2025 ERP is preliminary; historical estimated change, not a forecast.",,erp-growth-2020-2025-v1
213011334,transport_access,8.334528662545464,,,Morning access index; live snapshot retrieved 2026-09-08,,,available,Land-area-weighted average of the morning (8–9am) public transport access index over the part of this area the data covers. Not a commute time or access from a property.,0.9999999999999603,ptal-area-weighted-mean-v1
213011334,green_space_per_resident,9.542442775649828,,,Undated unmaintained open-space inventory / 30 June 2025 ERP,,,available,"Public open space that is open and existing (parks and gardens, natural and semi-natural areas, recreation corridors and sports grounds), divided by 2025 population. It can include river and lake frontage recorded as open space, and does not show vegetation, park quality or walking access. The inventory has no publication date, and 2025 population is preliminary.",,open-space-public-filter-v1
213011335,rent_weekly,323,,,2021 Census,2021,2021,available,Historical reported rent; not current advertised rent.,,census-g02-direct-v2
213011335,population_growth,-3.698667391895567,,,30 June 2020 to 30 June 2025,2020,2025,available,"2025 ERP is preliminary; historical estimated change, not a forecast.",,erp-growth-2020-2025-v1
213011335,transport_access,7.232156878257625,,,Morning access index; live snapshot retrieved 2026-09-08,,,available,Land-area-weighted average of the morning (8–9am) public transport access index over the part of this area the data covers. Not a commute time or access from a property.,1.0,ptal-area-weighted-mean-v1
213011335,green_space_per_resident,37.87747665706351,,,Undated unmaintained open-space inventory / 30 June 2025 ERP,,,available,"Public open space that is open and existing (parks and gardens, natural and semi-natural areas, recreation corridors and sports grounds), divided by 2025 population. It can include river and lake frontage recorded as open space, and does not show vegetation, park quality or walking access. The inventory has no publication date, and 2025 population is preliminary.",,open-space-public-filter-v1
213011336,rent_weekly,340,,,2021 Census,2021,2021,available,Historical reported rent; not current advertised rent.,,census-g02-direct-v2
213011336,population_growth,0.504950495049505,,,30 June 2020 to 30 June 2025,2020,2025,available,"2025 ERP is preliminary; historical estimated change, not a forecast.",,erp-growth-2020-2025-v1
213011336,transport_access,18.516589803003814,,,Morning access index; live snapshot retrieved 2026-09-08,,,available,Land-area-weighted average of the morning (8–9am) public transport access index over the part of this area the data covers. Not a commute time or access from a property.,1.0,ptal-area-weighted-mean-v1
213011336,green_space_per_resident,45.175170506607586,,,Undated unmaintained open-space inventory / 30 June 2025 ERP,,,available,"Public open space that is open and existing (parks and gardens, natural and semi-natural areas, recreation corridors and sports grounds), divided by 2025 population. It can include river and lake frontage recorded as open space, and does not show vegetation, park quality or walking access. The inventory has no publication date, and 2025 population is preliminary.",,open-space-public-filter-v1
213011337,rent_weekly,341,,,2021 Census,2021,2021,available,Historical reported rent; not current advertised rent.,,census-g02-direct-v2
213011337,population_growth,2.4094450244960246,,,30 June 2020 to 30 June 2025,2020,2025,available,"2025 ERP is preliminary; historical estimated change, not a forecast.",,erp-growth-2020-2025-v1
213011337,transport_access,4.679292435230423,,,Morning access index; live snapshot retrieved 2026-09-08,,,available,Land-area-weighted average of the morning (8–9am) public transport access index over the part of this area the data covers. Not a commute time or access from a property.,0.9999999999999819,ptal-area-weighted-mean-v1
213011337,green_space_per_resident,64.2298672204695,,,Undated unmaintained open-space inventory / 30 June 2025 ERP,,,available,"Public open space that is open and existing (parks and gardens, natural and semi-natural areas, recreation corridors and sports grounds), divided by 2025 population. It can include river and lake frontage recorded as open space, and does not show vegetation, park quality or walking access. The inventory has no publication date, and 2025 population is preliminary.",,open-space-public-filter-v1
213011338,rent_weekly,346,,,2021 Census,2021,2021,available,Historical reported rent; not current advertised rent.,,census-g02-direct-v2
213011338,population_growth,-4.787857179239037,,,30 June 2020 to 30 June 2025,2020,2025,available,"2025 ERP is preliminary; historical estimated change, not a forecast.",,erp-growth-2020-2025-v1
213011338,transport_access,4.527290176331313,,,Morning access index; live snapshot retrieved 2026-09-08,,,available,Land-area-weighted average of the morning (8–9am) public transport access index over the part of this area the data covers. Not a commute time or access from a property.,0.9999999999999862,ptal-area-weighted-mean-v1
213011338,green_space_per_resident,48.40065167547522,,,Undated unmaintained open-space inventory / 30 June 2025 ERP,,,available,"Public open space that is open and existing (parks and gardens, natural and semi-natural areas, recreation corridors and sports grounds), divided by 2025 population. It can include river and lake frontage recorded as open space, and does not show vegetation, park quality or walking access. The inventory has no publication date, and 2025 population is preliminary.",,open-space-public-filter-v1
213011339,rent_weekly,366,,,2021 Census,2021,2021,available,Historical reported rent; not current advertised rent.,,census-g02-direct-v2
213011339,population_growth,-3.2738095238095237,,,30 June 2020 to 30 June 2025,2020,2025,available,"2025 ERP is preliminary; historical estimated change, not a forecast.",,erp-growth-2020-2025-v1
213011339,transport_access,6.1450674705044355,,,Morning access index; live snapshot retrieved 2026-09-08,,,available,Land-area-weighted average of the morning (8–9am) public transport access index over the part of this area the data covers. Not a commute time or access from a property.,1.0,ptal-area-weighted-mean-v1
213011339,green_space_per_resident,25.135113740085654,,,Undated unmaintained open-space inventory / 30 June 2025 ERP,,,available,"Public open space that is open and existing (parks and gardens, natural and semi-natural areas, recreation corridors and sports grounds), divided by 2025 population. It can include river and lake frontage recorded as open space, and does not show vegetation, park quality or walking access. The inventory has no publication date, and 2025 population is preliminary.",,open-space-public-filter-v1
213011340,rent_weekly,412,,,2021 Census,2021,2021,available,Historical reported rent; not current advertised rent.,,census-g02-direct-v2
213011340,population_growth,-4.0763029408425115,,,30 June 2020 to 30 June 2025,2020,2025,available,"2025 ERP is preliminary; historical estimated change, not a forecast.",,erp-growth-2020-2025-v1
213011340,transport_access,2.2945324684001873,,,Morning access index; live snapshot retrieved 2026-09-08,,,available,Land-area-weighted average of the morning (8–9am) public transport access index over the part of this area the data covers. Not a commute time or access from a property.,0.9999999999999968,ptal-area-weighted-mean-v1
213011340,green_space_per_resident,57.00663694530603,,,Undated unmaintained open-space inventory / 30 June 2025 ERP,,,available,"Public open space that is open and existing (parks and gardens, natural and semi-natural areas, recreation corridors and sports grounds), divided by 2025 population. It can include river and lake frontage recorded as open space, and does not show vegetation, park quality or walking access. The inventory has no publication date, and 2025 population is preliminary.",,open-space-public-filter-v1
213011569,rent_weekly,350,,,2021 Census,2021,2021,available,Historical reported rent; not current advertised rent.,,census-g02-direct-v2
213011569,population_growth,-3.204047217537943,,,30 June 2020 to 30 June 2025,2020,2025,available,"2025 ERP is preliminary; historical estimated change, not a forecast.",,erp-growth-2020-2025-v1
213011569,transport_access,5.23098110842005,,,Morning access index; live snapshot retrieved 2026-09-08,,,available,Land-area-weighted average of the morning (8–9am) public transport access index over the part of this area the data covers. Not a commute time or access from a property.,0.9999999999999898,ptal-area-weighted-mean-v1
213011569,green_space_per_resident,42.563284758670854,,,Undated unmaintained open-space inventory / 30 June 2025 ERP,,,available,"Public open space that is open and existing (parks and gardens, natural and semi-natural areas, recreation corridors and sports grounds), divided by 2025 population. It can include river and lake frontage recorded as open space, and does not show vegetation, park quality or walking access. The inventory has no publication date, and 2025 population is preliminary.",,open-space-public-filter-v1
213011570,rent_weekly,400,,,2021 Census,2021,2021,available,Historical reported rent; not current advertised rent.,,census-g02-direct-v2
213011570,population_growth,-0.632279534109817,,,30 June 2020 to 30 June 2025,2020,2025,available,"2025 ERP is preliminary; historical estimated change, not a forecast.",,erp-growth-2020-2025-v1
213011570,transport_access,0.9910950047647524,,,Morning access index; live snapshot retrieved 2026-09-08,,,available,Land-area-weighted average of the morning (8–9am) public transport access index over the part of this area the data covers. Not a commute time or access from a property.,1.0,ptal-area-weighted-mean-v1
213011570,green_space_per_resident,89.34005469271207,,,Undated unmaintained open-space inventory / 30 June 2025 ERP,,,available,"Public open space that is open and existing (parks and gardens, natural and semi-natural areas, recreation corridors and sports grounds), divided by 2025 population. It can include river and lake frontage recorded as open space, and does not show vegetation, park quality or walking access. The inventory has no publication date, and 2025 population is preliminary.",,open-space-public-filter-v1
213021341,rent_weekly,390,,,2021 Census,2021,2021,available,Historical reported rent; not current advertised rent.,,census-g02-direct-v2
213021341,population_growth,3.963107075947543,,,30 June 2020 to 30 June 2025,2020,2025,available,"2025 ERP is preliminary; historical estimated change, not a forecast.",,erp-growth-2020-2025-v1
213021341,transport_access,3.717788182468047,,,Morning access index; live snapshot retrieved 2026-09-08,,,available,Land-area-weighted average of the morning (8–9am) public transport access index over the part of this area the data covers. Not a commute time or access from a property.,0.9994886459084465,ptal-area-weighted-mean-v1
213021341,green_space_per_resident,353.23792421116485,,,Undated unmaintained open-space inventory / 30 June 2025 ERP,,,available,"Public open space that is open and existing (parks and gardens, natural and semi-natural areas, recreation corridors and sports grounds), divided by 2025 population. It can include river and lake frontage recorded as open space, and does not show vegetation, park quality or walking access. The inventory has no publication date, and 2025 population is preliminary.",,open-space-public-filter-v1
213021342,rent_weekly,341,,,2021 Census,2021,2021,available,Historical reported rent; not current advertised rent.,,census-g02-direct-v2
213021342,population_growth,-3.6769230769230767,,,30 June 2020 to 30 June 2025,2020,2025,available,"2025 ERP is preliminary; historical estimated change, not a forecast.",,erp-growth-2020-2025-v1
213021342,transport_access,3.404324772025513,,,Morning access index; live snapshot retrieved 2026-09-08,,,available,Land-area-weighted average of the morning (8–9am) public transport access index over the part of this area the data covers. Not a commute time or access from a property.,0.9988932200114299,ptal-area-weighted-mean-v1
213021342,green_space_per_resident,242.6837642786025,,,Undated unmaintained open-space inventory / 30 June 2025 ERP,,,available,"Public open space that is open and existing (parks and gardens, natural and semi-natural areas, recreation corridors and sports grounds), divided by 2025 population. It can include river and lake frontage recorded as open space, and does not show vegetation, park quality or walking access. The inventory has no publication date, and 2025 population is preliminary.",,open-space-public-filter-v1
213021343,rent_weekly,400,,,2021 Census,2021,2021,available,Historical reported rent; not current advertised rent.,,census-g02-direct-v2
213021343,population_growth,7.125227331774487,,,30 June 2020 to 30 June 2025,2020,2025,available,"2025 ERP is preliminary; historical estimated change, not a forecast.",,erp-growth-2020-2025-v1
213021343,transport_access,4.9192401985571905,,,Morning access index; live snapshot retrieved 2026-09-08,,,available,Land-area-weighted average of the morning (8–9am) public transport access index over the part of this area the data covers. Not a commute time or access from a property.,0.9999999999999747,ptal-area-weighted-mean-v1
213021343,green_space_per_resident,71.06830133730662,,,Undated unmaintained open-space inventory / 30 June 2025 ERP,,,available,"Public open space that is open and existing (parks and gardens, natural and semi-natural areas, recreation corridors and sports grounds), divided by 2025 population. It can include river and lake frontage recorded as open space, and does not show vegetation, park quality or walking access. The inventory has no publication date, and 2025 population is preliminary.",,open-space-public-filter-v1
213021344,rent_weekly,460,,,2021 Census,2021,2021,available,Historical reported rent; not current advertised rent.,,census-g02-direct-v2
213021344,population_growth,4.707942721747193,,,30 June 2020 to 30 June 2025,2020,2025,available,"2025 ERP is preliminary; historical estimated change, not a forecast.",,erp-growth-2020-2025-v1
213021344,transport_access,9.007671068992169,,,Morning access index; live snapshot retrieved 2026-09-08,,,available,Land-area-weighted average of the morning (8–9am) public transport access index over the part of this area the data covers. Not a commute time or access from a property.,0.999558042594324,ptal-area-weighted-mean-v1
213021344,green_space_per_resident,78.08485087768769,,,Undated unmaintained open-space inventory / 30 June 2025 ERP,,,available,"Public open space that is open and existing (parks and gardens, natural and semi-natural areas, recreation corridors and sports grounds), divided by 2025 population. It can include river and lake frontage recorded as open space, and does not show vegetation, park quality or walking access. The inventory has no publication date, and 2025 population is preliminary.",,open-space-public-filter-v1
213021345,rent_weekly,361,,,2021 Census,2021,2021,available,Historical reported rent; not current advertised rent.,,census-g02-direct-v2
213021345,population_growth,-6.057142857142857,,,30 June 2020 to 30 June 2025,2020,2025,available,"2025 ERP is preliminary; historical estimated change, not a forecast.",,erp-growth-2020-2025-v1
213021345,transport_access,3.4848855004490202,,,Morning access index; live snapshot retrieved 2026-09-08,,,available,Land-area-weighted average of the morning (8–9am) public transport access index over the part of this area the data covers. Not a commute time or access from a property.,1.0,ptal-area-weighted-mean-v1
213021345,green_space_per_resident,44.264305213408235,,,Undated unmaintained open-space inventory / 30 June 2025 ERP,,,available,"Public open space that is open and existing (parks and gardens, natural and semi-natural areas, recreation corridors and sports grounds), divided by 2025 population. It can include river and lake frontage recorded as open space, and does not show vegetation, park quality or walking access. The inventory has no publication date, and 2025 population is preliminary.",,open-space-public-filter-v1
213021346,rent_weekly,450,,,2021 Census,2021,2021,available,Historical reported rent; not current advertised rent.,,census-g02-direct-v2
213021346,population_growth,2.6592232426916382,,,30 June 2020 to 30 June 2025,2020,2025,available,"2025 ERP is preliminary; historical estimated change, not a forecast.",,erp-growth-2020-2025-v1
213021346,transport_access,8.413604881166501,,,Morning access index; live snapshot retrieved 2026-09-08,,,available,Land-area-weighted average of the morning (8–9am) public transport access index over the part of this area the data covers. Not a commute time or access from a property.,0.9998963127464142,ptal-area-weighted-mean-v1
213021346,green_space_per_resident,66.63805113001058,,,Undated unmaintained open-space inventory / 30 June 2025 ERP,,,available,"Public open space that is open and existing (parks and gardens, natural and semi-natural areas, recreation corridors and sports grounds), divided by 2025 population. It can include river and lake frontage recorded as open space, and does not show vegetation, park quality or walking access. The inventory has no publication date, and 2025 population is preliminary.",,open-space-public-filter-v1
213031347,rent_weekly,350,,,2021 Census,2021,2021,available,Historical reported rent; not current advertised rent.,,census-g02-direct-v2
213031347,population_growth,5.100246218782976,,,30 June 2020 to 30 June 2025,2020,2025,available,"2025 ERP is preliminary; historical estimated change, not a forecast.",,erp-growth-2020-2025-v1
213031347,transport_access,10.169148300705926,,,Morning access index; live snapshot retrieved 2026-09-08,,,available,Land-area-weighted average of the morning (8–9am) public transport access index over the part of this area the data covers. Not a commute time or access from a property.,0.9999999999999669,ptal-area-weighted-mean-v1
213031347,green_space_per_resident,26.846932691990403,,,Undated unmaintained open-space inventory / 30 June 2025 ERP,,,available,"Public open space that is open and existing (parks and gardens, natural and semi-natural areas, recreation corridors and sports grounds), divided by 2025 population. It can include river and lake frontage recorded as open space, and does not show vegetation, park quality or walking access. The inventory has no publication date, and 2025 population is preliminary.",,open-space-public-filter-v1
213031348,rent_weekly,355,,,2021 Census,2021,2021,available,Historical reported rent; not current advertised rent.,,census-g02-direct-v2
213031348,population_growth,15.42118063232368,,,30 June 2020 to 30 June 2025,2020,2025,available,"2025 ERP is preliminary; historical estimated change, not a forecast.",,erp-growth-2020-2025-v1
213031348,transport_access,24.846641445307913,,,Morning access index; live snapshot retrieved 2026-09-08,,,available,Land-area-weighted average of the morning (8–9am) public transport access index over the part of this area the data covers. Not a commute time or access from a property.,0.9999999999999968,ptal-area-weighted-mean-v1
213031348,green_space_per_resident,38.75411043103668,,,Undated unmaintained open-space inventory / 30 June 2025 ERP,,,available,"Public open space that is open and existing (parks and gardens, natural and semi-natural areas, recreation corridors and sports grounds), divided by 2025 population. It can include river and lake frontage recorded as open space, and does not show vegetation, park quality or walking access. The inventory has no publication date, and 2025 population is preliminary.",,open-space-public-filter-v1
213031349,rent_weekly,396,,,2021 Census,2021,2021,available,Historical reported rent; not current advertised rent.,,census-g02-direct-v2
213031349,population_growth,5.255221292316972,,,30 June 2020 to 30 June 2025,2020,2025,available,"2025 ERP is preliminary; historical estimated change, not a forecast.",,erp-growth-2020-2025-v1
213031349,transport_access,10.664026129719616,,,Morning access index; live snapshot retrieved 2026-09-08,,,available,Land-area-weighted average of the morning (8–9am) public transport access index over the part of this area the data covers. Not a commute time or access from a property.,1.0,ptal-area-weighted-mean-v1
213031349,green_space_per_resident,78.75540930141318,,,Undated unmaintained open-space inventory / 30 June 2025 ERP,,,available,"Public open space that is open and existing (parks and gardens, natural and semi-natural areas, recreation corridors and sports grounds), divided by 2025 population. It can include river and lake frontage recorded as open space, and does not show vegetation, park quality or walking access. The inventory has no publication date, and 2025 population is preliminary.",,open-space-public-filter-v1
213031350,rent_weekly,414,,,2021 Census,2021,2021,available,Historical reported rent; not current advertised rent.,,census-g02-direct-v2
213031350,population_growth,0.24681201151789386,,,30 June 2020 to 30 June 2025,2020,2025,available,"2025 ERP is preliminary; historical estimated change, not a forecast.",,erp-growth-2020-2025-v1
213031350,transport_access,20.096054032284318,,,Morning access index; live snapshot retrieved 2026-09-08,,,available,Land-area-weighted average of the morning (8–9am) public transport access index over the part of this area the data covers. Not a commute time or access from a property.,0.9999999999999767,ptal-area-weighted-mean-v1
213031350,green_space_per_resident,2.180594579672329,,,Undated unmaintained open-space inventory / 30 June 2025 ERP,,,available,"Public open space that is open and existing (parks and gardens, natural and semi-natural areas, recreation corridors and sports grounds), divided by 2025 population. It can include river and lake frontage recorded as open space, and does not show vegetation, park quality or walking access. The inventory has no publication date, and 2025 population is preliminary.",,open-space-public-filter-v1
213031351,rent_weekly,351,,,2021 Census,2021,2021,available,Historical reported rent; not current advertised rent.,,census-g02-direct-v2
213031351,population_growth,5.1495553759094586,,,30 June 2020 to 30 June 2025,2020,2025,available,"2025 ERP is preliminary; historical estimated change, not a forecast.",,erp-growth-2020-2025-v1
213031351,transport_access,8.002835671036063,,,Morning access index; live snapshot retrieved 2026-09-08,,,available,Land-area-weighted average of the morning (8–9am) public transport access index over the part of this area the data covers. Not a commute time or access from a property.,1.0,ptal-area-weighted-mean-v1
213031351,green_space_per_resident,19.46017777013063,,,Undated unmaintained open-space inventory / 30 June 2025 ERP,,,available,"Public open space that is open and existing (parks and gardens, natural and semi-natural areas, recreation corridors and sports grounds), divided by 2025 population. It can include river and lake frontage recorded as open space, and does not show vegetation, park quality or walking access. The inventory has no publication date, and 2025 population is preliminary.",,open-space-public-filter-v1
213031352,rent_weekly,462,,,2021 Census,2021,2021,available,Historical reported rent; not current advertised rent.,,census-g02-direct-v2
213031352,population_growth,0.5663430420711975,,,30 June 2020 to 30 June 2025,2020,2025,available,"2025 ERP is preliminary; historical estimated change, not a forecast.",,erp-growth-2020-2025-v1
213031352,transport_access,11.28691642340285,,,Morning access index; live snapshot retrieved 2026-09-08,,,available,Land-area-weighted average of the morning (8–9am) public transport access index over the part of this area the data covers. Not a commute time or access from a property.,0.9999999999999811,ptal-area-weighted-mean-v1
213031352,green_space_per_resident,46.32634816371368,,,Undated unmaintained open-space inventory / 30 June 2025 ERP,,,available,"Public open space that is open and existing (parks and gardens, natural and semi-natural areas, recreation corridors and sports grounds), divided by 2025 population. It can include river and lake frontage recorded as open space, and does not show vegetation, park quality or walking access. The inventory has no publication date, and 2025 population is preliminary.",,open-space-public-filter-v1
213041353,rent_weekly,340,,,2021 Census,2021,2021,available,Historical reported rent; not current advertised rent.,,census-g02-direct-v2
213041353,population_growth,12.030663973952109,,,30 June 2020 to 30 June 2025,2020,2025,available,"2025 ERP is preliminary; historical estimated change, not a forecast.",,erp-growth-2020-2025-v1
213041353,transport_access,0.0,,,Morning access index; live snapshot retrieved 2026-09-08,,,limited,"The transport data covers less than half of this area, so treat this figure with care. It is a land-area-weighted average of the morning (8–9am) access index over the covered part only.",0.013172697960595609,ptal-area-weighted-mean-v1
213041353,green_space_per_resident,0.05001840075899807,,,Undated unmaintained open-space inventory / 30 June 2025 ERP,,,available,"Public open space that is open and existing (parks and gardens, natural and semi-natural areas, recreation corridors and sports grounds), divided by 2025 population. It can include river and lake frontage recorded as open space, and does not show vegetation, park quality or walking access. The inventory has no publication date, and 2025 population is preliminary.",,open-space-public-filter-v1
213041358,rent_weekly,340,,,2021 Census,2021,2021,available,Historical reported rent; not current advertised rent.,,census-g02-direct-v2
213041358,population_growth,5.963045912653976,,,30 June 2020 to 30 June 2025,2020,2025,available,"2025 ERP is preliminary; historical estimated change, not a forecast.",,erp-growth-2020-2025-v1
213041358,transport_access,1.357216558589749,,,Morning access index; live snapshot retrieved 2026-09-08,,,available,Land-area-weighted average of the morning (8–9am) public transport access index over the part of this area the data covers. Not a commute time or access from a property.,0.9999999999999981,ptal-area-weighted-mean-v1
213041358,green_space_per_resident,42.91799769458972,,,Undated unmaintained open-space inventory / 30 June 2025 ERP,,,available,"Public open space that is open and existing (parks and gardens, natural and semi-natural areas, recreation corridors and sports grounds), divided by 2025 population. It can include river and lake frontage recorded as open space, and does not show vegetation, park quality or walking access. The inventory has no publication date, and 2025 population is preliminary.",,open-space-public-filter-v1
213041359,rent_weekly,400,,,2021 Census,2021,2021,available,Historical reported rent; not current advertised rent.,,census-g02-direct-v2
213041359,population_growth,168.76545986058017,,,30 June 2020 to 30 June 2025,2020,2025,available,"2025 ERP is preliminary; historical estimated change, not a forecast.",,erp-growth-2020-2025-v1
213041359,transport_access,0.21353981363236,,,Morning access index; live snapshot retrieved 2026-09-08,,,available,Land-area-weighted average of the morning (8–9am) public transport access index over the part of this area the data covers. Not a commute time or access from a property.,0.9999999999999971,ptal-area-weighted-mean-v1
213041359,green_space_per_resident,53.53023786019422,,,Undated unmaintained open-space inventory / 30 June 2025 ERP,,,available,"Public open space that is open and existing (parks and gardens, natural and semi-natural areas, recreation corridors and sports grounds), divided by 2025 population. It can include river and lake frontage recorded as open space, and does not show vegetation, park quality or walking access. The inventory has no publication date, and 2025 population is preliminary.",,open-space-public-filter-v1
213041360,rent_weekly,400,,,2021 Census,2021,2021,available,Historical reported rent; not current advertised rent.,,census-g02-direct-v2
213041360,population_growth,-2.040615141955836,,,30 June 2020 to 30 June 2025,2020,2025,available,"2025 ERP is preliminary; historical estimated change, not a forecast.",,erp-growth-2020-2025-v1
213041360,transport_access,4.237307718655923,,,Morning access index; live snapshot retrieved 2026-09-08,,,available,Land-area-weighted average of the morning (8–9am) public transport access index over the part of this area the data covers. Not a commute time or access from a property.,0.9999999999999797,ptal-area-weighted-mean-v1
213041360,green_space_per_resident,27.942687906316305,,,Undated unmaintained open-space inventory / 30 June 2025 ERP,,,available,"Public open space that is open and existing (parks and gardens, natural and semi-natural areas, recreation corridors and sports grounds), divided by 2025 population. It can include river and lake frontage recorded as open space, and does not show vegetation, park quality or walking access. The inventory has no publication date, and 2025 population is preliminary.",,open-space-public-filter-v1
213041461,rent_weekly,400,,,2021 Census,2021,2021,available,Historical reported rent; not current advertised rent.,,census-g02-direct-v2
213041461,population_growth,15.531951941493993,,,30 June 2020 to 30 June 2025,2020,2025,available,"2025 ERP is preliminary; historical estimated change, not a forecast.",,erp-growth-2020-2025-v1
213041461,transport_access,4.789419722605578,,,Morning access index; live snapshot retrieved 2026-09-08,,,available,Land-area-weighted average of the morning (8–9am) public transport access index over the part of this area the data covers. Not a commute time or access from a property.,0.9999999999999938,ptal-area-weighted-mean-v1
213041461,green_space_per_resident,29.02459018559188,,,Undated unmaintained open-space inventory / 30 June 2025 ERP,,,available,"Public open space that is open and existing (parks and gardens, natural and semi-natural areas, recreation corridors and sports grounds), divided by 2025 population. It can include river and lake frontage recorded as open space, and does not show vegetation, park quality or walking access. The inventory has no publication date, and 2025 population is preliminary.",,open-space-public-filter-v1
213041462,rent_weekly,411,,,2021 Census,2021,2021,available,Historical reported rent; not current advertised rent.,,census-g02-direct-v2
213041462,population_growth,-2.791188895594448,,,30 June 2020 to 30 June 2025,2020,2025,available,"2025 ERP is preliminary; historical estimated change, not a forecast.",,erp-growth-2020-2025-v1
213041462,transport_access,3.7727855858560364,,,Morning access index; live snapshot retrieved 2026-09-08,,,available,Land-area-weighted average of the morning (8–9am) public transport access index over the part of this area the data covers. Not a commute time or access from a property.,1.0,ptal-area-weighted-mean-v1
213041462,green_space_per_resident,73.92279929865597,,,Undated unmaintained open-space inventory / 30 June 2025 ERP,,,available,"Public open space that is open and existing (parks and gardens, natural and semi-natural areas, recreation corridors and sports grounds), divided by 2025 population. It can include river and lake frontage recorded as open space, and does not show vegetation, park quality or walking access. The inventory has no publication date, and 2025 population is preliminary.",,open-space-public-filter-v1
213041463,rent_weekly,401,,,2021 Census,2021,2021,available,Historical reported rent; not current advertised rent.,,census-g02-direct-v2
213041463,population_growth,-1.4313965533477728,,,30 June 2020 to 30 June 2025,2020,2025,available,"2025 ERP is preliminary; historical estimated change, not a forecast.",,erp-growth-2020-2025-v1
213041463,transport_access,6.225824668499368,,,Morning access index; live snapshot retrieved 2026-09-08,,,available,Land-area-weighted average of the morning (8–9am) public transport access index over the part of this area the data covers. Not a commute time or access from a property.,1.0,ptal-area-weighted-mean-v1
213041463,green_space_per_resident,62.394589259241,,,Undated unmaintained open-space inventory / 30 June 2025 ERP,,,available,"Public open space that is open and existing (parks and gardens, natural and semi-natural areas, recreation corridors and sports grounds), divided by 2025 population. It can include river and lake frontage recorded as open space, and does not show vegetation, park quality or walking access. The inventory has no publication date, and 2025 population is preliminary.",,open-space-public-filter-v1
213041571,rent_weekly,350,,,2021 Census,2021,2021,available,Historical reported rent; not current advertised rent.,,census-g02-direct-v2
213041571,population_growth,7.716392283607717,,,30 June 2020 to 30 June 2025,2020,2025,available,"2025 ERP is preliminary; historical estimated change, not a forecast.",,erp-growth-2020-2025-v1
213041571,transport_access,0.6454721093558409,,,Morning access index; live snapshot retrieved 2026-09-08,,,available,Land-area-weighted average of the morning (8–9am) public transport access index over the part of this area the data covers. Not a commute time or access from a property.,1.0,ptal-area-weighted-mean-v1
213041571,green_space_per_resident,109.12147572258236,,,Undated unmaintained open-space inventory / 30 June 2025 ERP,,,available,"Public open space that is open and existing (parks and gardens, natural and semi-natural areas, recreation corridors and sports grounds), divided by 2025 population. It can include river and lake frontage recorded as open space, and does not show vegetation, park quality or walking access. The inventory has no publication date, and 2025 population is preliminary.",,open-space-public-filter-v1
213041572,rent_weekly,371,,,2021 Census,2021,2021,available,Historical reported rent; not current advertised rent.,,census-g02-direct-v2
213041572,population_growth,109.24001299123091,,,30 June 2020 to 30 June 2025,2020,2025,available,"2025 ERP is preliminary; historical estimated change, not a forecast.",,erp-growth-2020-2025-v1
213041572,transport_access,0.37716590214331974,,,Morning access index; live snapshot retrieved 2026-09-08,,,available,Land-area-weighted average of the morning (8–9am) public transport access index over the part of this area the data covers. Not a commute time or access from a property.,0.9999999999999976,ptal-area-weighted-mean-v1
213041572,green_space_per_resident,136.52541879116,,,Undated unmaintained open-space inventory / 30 June 2025 ERP,,,available,"Public open space that is open and existing (parks and gardens, natural and semi-natural areas, recreation corridors and sports grounds), divided by 2025 population. It can include river and lake frontage recorded as open space, and does not show vegetation, park quality or walking access. The inventory has no publication date, and 2025 population is preliminary.",,open-space-public-filter-v1
213041573,rent_weekly,380,,,2021 Census,2021,2021,available,Historical reported rent; not current advertised rent.,,census-g02-direct-v2
213041573,population_growth,42.682119205298015,,,30 June 2020 to 30 June 2025,2020,2025,available,"2025 ERP is preliminary; historical estimated change, not a forecast.",,erp-growth-2020-2025-v1
213041573,transport_access,0.0,,,Morning access index; live snapshot retrieved 2026-09-08,,,available,Land-area-weighted average of the morning (8–9am) public transport access index over the part of this area the data covers. Not a commute time or access from a property.,0.9999999999999957,ptal-area-weighted-mean-v1
213041573,green_space_per_resident,732.150064162641,,,Undated unmaintained open-space inventory / 30 June 2025 ERP,,,available,"Public open space that is open and existing (parks and gardens, natural and semi-natural areas, recreation corridors and sports grounds), divided by 2025 population. It can include river and lake frontage recorded as open space, and does not show vegetation, park quality or walking access. The inventory has no publication date, and 2025 population is preliminary.",,open-space-public-filter-v1
213041574,rent_weekly,429,,,2021 Census,2021,2021,available,Historical reported rent; not current advertised rent.,,census-g02-direct-v2
213041574,population_growth,182.1831869510665,,,30 June 2020 to 30 June 2025,2020,2025,available,"2025 ERP is preliminary; historical estimated change, not a forecast.",,erp-growth-2020-2025-v1
213041574,transport_access,0.07978866594839307,,,Morning access index; live snapshot retrieved 2026-09-08,,,available,Land-area-weighted average of the morning (8–9am) public transport access index over the part of this area the data covers. Not a commute time or access from a property.,1.0,ptal-area-weighted-mean-v1
213041574,green_space_per_resident,14.095060427106263,,,Undated unmaintained open-space inventory / 30 June 2025 ERP,,,available,"Public open space that is open and existing (parks and gardens, natural and semi-natural areas, recreation corridors and sports grounds), divided by 2025 population. It can include river and lake frontage recorded as open space, and does not show vegetation, park quality or walking access. The inventory has no publication date, and 2025 population is preliminary.",,open-space-public-filter-v1
213041575,rent_weekly,380,,,2021 Census,2021,2021,available,Historical reported rent; not current advertised rent.,,census-g02-direct-v2
213041575,population_growth,-1.952106698999697,,,30 June 2020 to 30 June 2025,2020,2025,available,"2025 ERP is preliminary; historical estimated change, not a forecast.",,erp-growth-2020-2025-v1
213041575,transport_access,3.672668360929882,,,Morning access index; live snapshot retrieved 2026-09-08,,,available,Land-area-weighted average of the morning (8–9am) public transport access index over the part of this area the data covers. Not a commute time or access from a property.,1.0,ptal-area-weighted-mean-v1
213041575,green_space_per_resident,29.449846199021028,,,Undated unmaintained open-space inventory / 30 June 2025 ERP,,,available,"Public open space that is open and existing (parks and gardens, natural and semi-natural areas, recreation corridors and sports grounds), divided by 2025 population. It can include river and lake frontage recorded as open space, and does not show vegetation, park quality or walking access. The inventory has no publication date, and 2025 population is preliminary.",,open-space-public-filter-v1
213041576,rent_weekly,321,,,2021 Census,2021,2021,available,Historical reported rent; not current advertised rent.,,census-g02-direct-v2
213041576,population_growth,0.8598380499206946,,,30 June 2020 to 30 June 2025,2020,2025,available,"2025 ERP is preliminary; historical estimated change, not a forecast.",,erp-growth-2020-2025-v1
213041576,transport_access,0.14122390415610309,,,Morning access index; live snapshot retrieved 2026-09-08,,,available,Land-area-weighted average of the morning (8–9am) public transport access index over the part of this area the data covers. Not a commute time or access from a property.,0.999999999999999,ptal-area-weighted-mean-v1
213041576,green_space_per_resident,196.64399136741665,,,Undated unmaintained open-space inventory / 30 June 2025 ERP,,,available,"Public open space that is open and existing (parks and gardens, natural and semi-natural areas, recreation corridors and sports grounds), divided by 2025 population. It can include river and lake frontage recorded as open space, and does not show vegetation, park quality or walking access. The inventory has no publication date, and 2025 population is preliminary.",,open-space-public-filter-v1
213041577,rent_weekly,300,,,2021 Census,2021,2021,available,Historical reported rent; not current advertised rent.,,census-g02-direct-v2
213041577,population_growth,-3.0746882943953517,,,30 June 2020 to 30 June 2025,2020,2025,available,"2025 ERP is preliminary; historical estimated change, not a forecast.",,erp-growth-2020-2025-v1
213041577,transport_access,2.656268191769436,,,Morning access index; live snapshot retrieved 2026-09-08,,,available,Land-area-weighted average of the morning (8–9am) public transport access index over the part of this area the data covers. Not a commute time or access from a property.,1.0,ptal-area-weighted-mean-v1
213041577,green_space_per_resident,116.53225011652957,,,Undated unmaintained open-space inventory / 30 June 2025 ERP,,,available,"Public open space that is open and existing (parks and gardens, natural and semi-natural areas, recreation corridors and sports grounds), divided by 2025 population. It can include river and lake frontage recorded as open space, and does not show vegetation, park quality or walking access. The inventory has no publication date, and 2025 population is preliminary.",,open-space-public-filter-v1
213041578,rent_weekly,321,,,2021 Census,2021,2021,available,Historical reported rent; not current advertised rent.,,census-g02-direct-v2
213041578,population_growth,45.690755873340144,,,30 June 2020 to 30 June 2025,2020,2025,available,"2025 ERP is preliminary; historical estimated change, not a forecast.",,erp-growth-2020-2025-v1
213041578,transport_access,2.3596224178096037,,,Morning access index; live snapshot retrieved 2026-09-08,,,available,Land-area-weighted average of the morning (8–9am) public transport access index over the part of this area the data covers. Not a commute time or access from a property.,1.0,ptal-area-weighted-mean-v1
213041578,green_space_per_resident,18.64566851327931,,,Undated unmaintained open-space inventory / 30 June 2025 ERP,,,available,"Public open space that is open and existing (parks and gardens, natural and semi-natural areas, recreation corridors and sports grounds), divided by 2025 population. It can include river and lake frontage recorded as open space, and does not show vegetation, park quality or walking access. The inventory has no publication date, and 2025 population is preliminary.",,open-space-public-filter-v1
213051361,rent_weekly,341,,,2021 Census,2021,2021,available,Historical reported rent; not current advertised rent.,,census-g02-direct-v2
213051361,population_growth,-5.3903633084256635,,,30 June 2020 to 30 June 2025,2020,2025,available,"2025 ERP is preliminary; historical estimated change, not a forecast.",,erp-growth-2020-2025-v1
213051361,transport_access,3.697848803164577,,,Morning access index; live snapshot retrieved 2026-09-08,,,available,Land-area-weighted average of the morning (8–9am) public transport access index over the part of this area the data covers. Not a commute time or access from a property.,1.0,ptal-area-weighted-mean-v1
213051361,green_space_per_resident,43.413745206467055,,,Undated unmaintained open-space inventory / 30 June 2025 ERP,,,available,"Public open space that is open and existing (parks and gardens, natural and semi-natural areas, recreation corridors and sports grounds), divided by 2025 population. It can include river and lake frontage recorded as open space, and does not show vegetation, park quality or walking access. The inventory has no publication date, and 2025 population is preliminary.",,open-space-public-filter-v1
213051362,rent_weekly,340,,,2021 Census,2021,2021,available,Historical reported rent; not current advertised rent.,,census-g02-direct-v2
213051362,population_growth,-5.15226007123865,,,30 June 2020 to 30 June 2025,2020,2025,available,"2025 ERP is preliminary; historical estimated change, not a forecast.",,erp-growth-2020-2025-v1
213051362,transport_access,6.817087495741625,,,Morning access index; live snapshot retrieved 2026-09-08,,,available,Land-area-weighted average of the morning (8–9am) public transport access index over the part of this area the data covers. Not a commute time or access from a property.,0.9999999999999843,ptal-area-weighted-mean-v1
213051362,green_space_per_resident,31.307803109618618,,,Undated unmaintained open-space inventory / 30 June 2025 ERP,,,available,"Public open space that is open and existing (parks and gardens, natural and semi-natural areas, recreation corridors and sports grounds), divided by 2025 population. It can include river and lake frontage recorded as open space, and does not show vegetation, park quality or walking access. The inventory has no publication date, and 2025 population is preliminary.",,open-space-public-filter-v1
213051363,rent_weekly,380,,,2021 Census,2021,2021,available,Historical reported rent; not current advertised rent.,,census-g02-direct-v2
213051363,population_growth,7.049782826595389,,,30 June 2020 to 30 June 2025,2020,2025,available,"2025 ERP is preliminary; historical estimated change, not a forecast.",,erp-growth-2020-2025-v1
213051363,transport_access,2.7744130924893846,,,Morning access index; live snapshot retrieved 2026-09-08,,,available,Land-area-weighted average of the morning (8–9am) public transport access index over the part of this area the data covers. Not a commute time or access from a property.,0.999999999999995,ptal-area-weighted-mean-v1
213051363,green_space_per_resident,196.5579635632481,,,Undated unmaintained open-space inventory / 30 June 2025 ERP,,,available,"Public open space that is open and existing (parks and gardens, natural and semi-natural areas, recreation corridors and sports grounds), divided by 2025 population. It can include river and lake frontage recorded as open space, and does not show vegetation, park quality or walking access. The inventory has no publication date, and 2025 population is preliminary.",,open-space-public-filter-v1
213051368,rent_weekly,351,,,2021 Census,2021,2021,available,Historical reported rent; not current advertised rent.,,census-g02-direct-v2
213051368,population_growth,9.700305810397554,,,30 June 2020 to 30 June 2025,2020,2025,available,"2025 ERP is preliminary; historical estimated change, not a forecast.",,erp-growth-2020-2025-v1
213051368,transport_access,0.30588134628318225,,,Morning access index; live snapshot retrieved 2026-09-08,,,available,Land-area-weighted average of the morning (8–9am) public transport access index over the part of this area the data covers. Not a commute time or access from a property.,0.9998790451287859,ptal-area-weighted-mean-v1
213051368,green_space_per_resident,283.76860263406553,,,Undated unmaintained open-space inventory / 30 June 2025 ERP,,,available,"Public open space that is open and existing (parks and gardens, natural and semi-natural areas, recreation corridors and sports grounds), divided by 2025 population. It can include river and lake frontage recorded as open space, and does not show vegetation, park quality or walking access. The inventory has no publication date, and 2025 population is preliminary.",,open-space-public-filter-v1
213051464,rent_weekly,401,,,2021 Census,2021,2021,available,Historical reported rent; not current advertised rent.,,census-g02-direct-v2
213051464,population_growth,13.91168016723282,,,30 June 2020 to 30 June 2025,2020,2025,available,"2025 ERP is preliminary; historical estimated change, not a forecast.",,erp-growth-2020-2025-v1
213051464,transport_access,0.94788919480999,,,Morning access index; live snapshot retrieved 2026-09-08,,,available,Land-area-weighted average of the morning (8–9am) public transport access index over the part of this area the data covers. Not a commute time or access from a property.,0.999885635331327,ptal-area-weighted-mean-v1
213051464,green_space_per_resident,385.15613940296737,,,Undated unmaintained open-space inventory / 30 June 2025 ERP,,,available,"Public open space that is open and existing (parks and gardens, natural and semi-natural areas, recreation corridors and sports grounds), divided by 2025 population. It can include river and lake frontage recorded as open space, and does not show vegetation, park quality or walking access. The inventory has no publication date, and 2025 population is preliminary.",,open-space-public-filter-v1
213051466,rent_weekly,410,,,2021 Census,2021,2021,available,Historical reported rent; not current advertised rent.,,census-g02-direct-v2
213051466,population_growth,7.552137105100145,,,30 June 2020 to 30 June 2025,2020,2025,available,"2025 ERP is preliminary; historical estimated change, not a forecast.",,erp-growth-2020-2025-v1
213051466,transport_access,1.7951263622048474,,,Morning access index; live snapshot retrieved 2026-09-08,,,available,Land-area-weighted average of the morning (8–9am) public transport access index over the part of this area the data covers. Not a commute time or access from a property.,1.0,ptal-area-weighted-mean-v1
213051466,green_space_per_resident,28.722668583266756,,,Undated unmaintained open-space inventory / 30 June 2025 ERP,,,available,"Public open space that is open and existing (parks and gardens, natural and semi-natural areas, recreation corridors and sports grounds), divided by 2025 population. It can include river and lake frontage recorded as open space, and does not show vegetation, park quality or walking access. The inventory has no publication date, and 2025 population is preliminary.",,open-space-public-filter-v1
213051467,rent_weekly,315,,,2021 Census,2021,2021,available,Historical reported rent; not current advertised rent.,,census-g02-direct-v2
213051467,population_growth,-4.859803824432775,,,30 June 2020 to 30 June 2025,2020,2025,available,"2025 ERP is preliminary; historical estimated change, not a forecast.",,erp-growth-2020-2025-v1
213051467,transport_access,6.863503423056603,,,Morning access index; live snapshot retrieved 2026-09-08,,,available,Land-area-weighted average of the morning (8–9am) public transport access index over the part of this area the data covers. Not a commute time or access from a property.,0.9999999999999853,ptal-area-weighted-mean-v1
213051467,green_space_per_resident,61.85535774471417,,,Undated unmaintained open-space inventory / 30 June 2025 ERP,,,available,"Public open space that is open and existing (parks and gardens, natural and semi-natural areas, recreation corridors and sports grounds), divided by 2025 population. It can include river and lake frontage recorded as open space, and does not show vegetation, park quality or walking access. The inventory has no publication date, and 2025 population is preliminary.",,open-space-public-filter-v1
213051468,rent_weekly,360,,,2021 Census,2021,2021,available,Historical reported rent; not current advertised rent.,,census-g02-direct-v2
213051468,population_growth,62.80207561156412,,,30 June 2020 to 30 June 2025,2020,2025,available,"2025 ERP is preliminary; historical estimated change, not a forecast.",,erp-growth-2020-2025-v1
213051468,transport_access,0.29521712840133696,,,Morning access index; live snapshot retrieved 2026-09-08,,,available,Land-area-weighted average of the morning (8–9am) public transport access index over the part of this area the data covers. Not a commute time or access from a property.,0.9999999472470974,ptal-area-weighted-mean-v1
213051468,green_space_per_resident,47.999839775001654,,,Undated unmaintained open-space inventory / 30 June 2025 ERP,,,available,"Public open space that is open and existing (parks and gardens, natural and semi-natural areas, recreation corridors and sports grounds), divided by 2025 population. It can include river and lake frontage recorded as open space, and does not show vegetation, park quality or walking access. The inventory has no publication date, and 2025 population is preliminary.",,open-space-public-filter-v1
213051579,rent_weekly,361,,,2021 Census,2021,2021,available,Historical reported rent; not current advertised rent.,,census-g02-direct-v2
213051579,population_growth,36.35638032525192,,,30 June 2020 to 30 June 2025,2020,2025,available,"2025 ERP is preliminary; historical estimated change, not a forecast.",,erp-growth-2020-2025-v1
213051579,transport_access,0.1277942817509838,,,Morning access index; live snapshot retrieved 2026-09-08,,,available,Land-area-weighted average of the morning (8–9am) public transport access index over the part of this area the data covers. Not a commute time or access from a property.,0.9999892722320552,ptal-area-weighted-mean-v1
213051579,green_space_per_resident,29.993545975168413,,,Undated unmaintained open-space inventory / 30 June 2025 ERP,,,available,"Public open space that is open and existing (parks and gardens, natural and semi-natural areas, recreation corridors and sports grounds), divided by 2025 population. It can include river and lake frontage recorded as open space, and does not show vegetation, park quality or walking access. The inventory has no publication date, and 2025 population is preliminary.",,open-space-public-filter-v1
213051580,rent_weekly,390,,,2021 Census,2021,2021,available,Historical reported rent; not current advertised rent.,,census-g02-direct-v2
213051580,population_growth,-1.5160622453750083,,,30 June 2020 to 30 June 2025,2020,2025,available,"2025 ERP is preliminary; historical estimated change, not a forecast.",,erp-growth-2020-2025-v1
213051580,transport_access,4.729141621036125,,,Morning access index; live snapshot retrieved 2026-09-08,,,available,Land-area-weighted average of the morning (8–9am) public transport access index over the part of this area the data covers. Not a commute time or access from a property.,1.0,ptal-area-weighted-mean-v1
213051580,green_space_per_resident,40.41114402108736,,,Undated unmaintained open-space inventory / 30 June 2025 ERP,,,available,"Public open space that is open and existing (parks and gardens, natural and semi-natural areas, recreation corridors and sports grounds), divided by 2025 population. It can include river and lake frontage recorded as open space, and does not show vegetation, park quality or walking access. The inventory has no publication date, and 2025 population is preliminary.",,open-space-public-filter-v1
213051581,rent_weekly,400,,,2021 Census,2021,2021,available,Historical reported rent; not current advertised rent.,,census-g02-direct-v2
213051581,population_growth,3.602776076750357,,,30 June 2020 to 30 June 2025,2020,2025,available,"2025 ERP is preliminary; historical estimated change, not a forecast.",,erp-growth-2020-2025-v1
213051581,transport_access,3.0508765429932776,,,Morning access index; live snapshot retrieved 2026-09-08,,,available,Land-area-weighted average of the morning (8–9am) public transport access index over the part of this area the data covers. Not a commute time or access from a property.,0.9999999999999999,ptal-area-weighted-mean-v1
213051581,green_space_per_resident,33.266457294624686,,,Undated unmaintained open-space inventory / 30 June 2025 ERP,,,available,"Public open space that is open and existing (parks and gardens, natural and semi-natural areas, recreation corridors and sports grounds), divided by 2025 population. It can include river and lake frontage recorded as open space, and does not show vegetation, park quality or walking access. The inventory has no publication date, and 2025 population is preliminary.",,open-space-public-filter-v1
213051582,rent_weekly,385,,,2021 Census,2021,2021,available,Historical reported rent; not current advertised rent.,,census-g02-direct-v2
213051582,population_growth,160.30689842476914,,,30 June 2020 to 30 June 2025,2020,2025,available,"2025 ERP is preliminary; historical estimated change, not a forecast.",,erp-growth-2020-2025-v1
213051582,transport_access,0.2823194583091271,,,Morning access index; live snapshot retrieved 2026-09-08,,,available,Land-area-weighted average of the morning (8–9am) public transport access index over the part of this area the data covers. Not a commute time or access from a property.,0.9999999999999992,ptal-area-weighted-mean-v1
213051582,green_space_per_resident,1.2931269593177668,,,Undated unmaintained open-space inventory / 30 June 2025 ERP,,,available,"Public open space that is open and existing (parks and gardens, natural and semi-natural areas, recreation corridors and sports grounds), divided by 2025 population. It can include river and lake frontage recorded as open space, and does not show vegetation, park quality or walking access. The inventory has no publication date, and 2025 population is preliminary.",,open-space-public-filter-v1
213051583,rent_weekly,380,,,2021 Census,2021,2021,available,Historical reported rent; not current advertised rent.,,census-g02-direct-v2
213051583,population_growth,3.3208507030311596,,,30 June 2020 to 30 June 2025,2020,2025,available,"2025 ERP is preliminary; historical estimated change, not a forecast.",,erp-growth-2020-2025-v1
213051583,transport_access,6.07488505482341,,,Morning access index; live snapshot retrieved 2026-09-08,,,available,Land-area-weighted average of the morning (8–9am) public transport access index over the part of this area the data covers. Not a commute time or access from a property.,0.9999999999999963,ptal-area-weighted-mean-v1
213051583,green_space_per_resident,27.461176306164287,,,Undated unmaintained open-space inventory / 30 June 2025 ERP,,,available,"Public open space that is open and existing (parks and gardens, natural and semi-natural areas, recreation corridors and sports grounds), divided by 2025 population. It can include river and lake frontage recorded as open space, and does not show vegetation, park quality or walking access. The inventory has no publication date, and 2025 population is preliminary.",,open-space-public-filter-v1
213051584,rent_weekly,391,,,2021 Census,2021,2021,available,Historical reported rent; not current advertised rent.,,census-g02-direct-v2
213051584,population_growth,180.8134394341291,,,30 June 2020 to 30 June 2025,2020,2025,available,"2025 ERP is preliminary; historical estimated change, not a forecast.",,erp-growth-2020-2025-v1
213051584,transport_access,0.6444472345742565,,,Morning access index; live snapshot retrieved 2026-09-08,,,available,Land-area-weighted average of the morning (8–9am) public transport access index over the part of this area the data covers. Not a commute time or access from a property.,1.0,ptal-area-weighted-mean-v1
213051584,green_space_per_resident,0.2077265423847241,,,Undated unmaintained open-space inventory / 30 June 2025 ERP,,,available,"Public open space that is open and existing (parks and gardens, natural and semi-natural areas, recreation corridors and sports grounds), divided by 2025 population. It can include river and lake frontage recorded as open space, and does not show vegetation, park quality or walking access. The inventory has no publication date, and 2025 population is preliminary.",,open-space-public-filter-v1
213051585,rent_weekly,369,,,2021 Census,2021,2021,available,Historical reported rent; not current advertised rent.,,census-g02-direct-v2
213051585,population_growth,3.0308293530178028,,,30 June 2020 to 30 June 2025,2020,2025,available,"2025 ERP is preliminary; historical estimated change, not a forecast.",,erp-growth-2020-2025-v1
213051585,transport_access,5.956586033956285,,,Morning access index; live snapshot retrieved 2026-09-08,,,available,Land-area-weighted average of the morning (8–9am) public transport access index over the part of this area the data covers. Not a commute time or access from a property.,1.0,ptal-area-weighted-mean-v1
213051585,green_space_per_resident,25.369469224718145,,,Undated unmaintained open-space inventory / 30 June 2025 ERP,,,available,"Public open space that is open and existing (parks and gardens, natural and semi-natural areas, recreation corridors and sports grounds), divided by 2025 population. It can include river and lake frontage recorded as open space, and does not show vegetation, park quality or walking access. The inventory has no publication date, and 2025 population is preliminary.",,open-space-public-filter-v1
213051586,rent_weekly,402,,,2021 Census,2021,2021,available,Historical reported rent; not current advertised rent.,,census-g02-direct-v2
213051586,population_growth,94.63562753036437,,,30 June 2020 to 30 June 2025,2020,2025,available,"2025 ERP is preliminary; historical estimated change, not a forecast.",,erp-growth-2020-2025-v1
213051586,transport_access,0.34498327250209593,,,Morning access index; live snapshot retrieved 2026-09-08,,,available,Land-area-weighted average of the morning (8–9am) public transport access index over the part of this area the data covers. Not a commute time or access from a property.,0.9999999999999963,ptal-area-weighted-mean-v1
213051586,green_space_per_resident,32.83959056182524,,,Undated unmaintained open-space inventory / 30 June 2025 ERP,,,available,"Public open space that is open and existing (parks and gardens, natural and semi-natural areas, recreation corridors and sports grounds), divided by 2025 population. It can include river and lake frontage recorded as open space, and does not show vegetation, park quality or walking access. The inventory has no publication date, and 2025 population is preliminary.",,open-space-public-filter-v1
213051587,rent_weekly,395,,,2021 Census,2021,2021,available,Historical reported rent; not current advertised rent.,,census-g02-direct-v2
213051587,population_growth,19.31793179317932,,,30 June 2020 to 30 June 2025,2020,2025,available,"2025 ERP is preliminary; historical estimated change, not a forecast.",,erp-growth-2020-2025-v1
213051587,transport_access,2.451210280470562,,,Morning access index; live snapshot retrieved 2026-09-08,,,available,Land-area-weighted average of the morning (8–9am) public transport access index over the part of this area the data covers. Not a commute time or access from a property.,0.999999999999943,ptal-area-weighted-mean-v1
213051587,green_space_per_resident,22.33817507331813,,,Undated unmaintained open-space inventory / 30 June 2025 ERP,,,available,"Public open space that is open and existing (parks and gardens, natural and semi-natural areas, recreation corridors and sports grounds), divided by 2025 population. It can include river and lake frontage recorded as open space, and does not show vegetation, park quality or walking access. The inventory has no publication date, and 2025 population is preliminary.",,open-space-public-filter-v1
213051588,rent_weekly,377,,,2021 Census,2021,2021,available,Historical reported rent; not current advertised rent.,,census-g02-direct-v2
213051588,population_growth,5.09094656567218,,,30 June 2020 to 30 June 2025,2020,2025,available,"2025 ERP is preliminary; historical estimated change, not a forecast.",,erp-growth-2020-2025-v1
213051588,transport_access,3.078313081578469,,,Morning access index; live snapshot retrieved 2026-09-08,,,available,Land-area-weighted average of the morning (8–9am) public transport access index over the part of this area the data covers. Not a commute time or access from a property.,0.9999999999999825,ptal-area-weighted-mean-v1
213051588,green_space_per_resident,32.99882883711261,,,Undated unmaintained open-space inventory / 30 June 2025 ERP,,,available,"Public open space that is open and existing (parks and gardens, natural and semi-natural areas, recreation corridors and sports grounds), divided by 2025 population. It can include river and lake frontage recorded as open space, and does not show vegetation, park quality or walking access. The inventory has no publication date, and 2025 population is preliminary.",,open-space-public-filter-v1
213051589,rent_weekly,350,,,2021 Census,2021,2021,available,Historical reported rent; not current advertised rent.,,census-g02-direct-v2
213051589,population_growth,84.85736118186449,,,30 June 2020 to 30 June 2025,2020,2025,available,"2025 ERP is preliminary; historical estimated change, not a forecast.",,erp-growth-2020-2025-v1
213051589,transport_access,0.26524293651629244,,,Morning access index; live snapshot retrieved 2026-09-08,,,available,Land-area-weighted average of the morning (8–9am) public transport access index over the part of this area the data covers. Not a commute time or access from a property.,1.0,ptal-area-weighted-mean-v1
213051589,green_space_per_resident,66.27248394537989,,,Undated unmaintained open-space inventory / 30 June 2025 ERP,,,available,"Public open space that is open and existing (parks and gardens, natural and semi-natural areas, recreation corridors and sports grounds), divided by 2025 population. It can include river and lake frontage recorded as open space, and does not show vegetation, park quality or walking access. The inventory has no publication date, and 2025 population is preliminary.",,open-space-public-filter-v1
213051590,rent_weekly,336,,,2021 Census,2021,2021,available,Historical reported rent; not current advertised rent.,,census-g02-direct-v2
213051590,population_growth,1.5956299863437073,,,30 June 2020 to 30 June 2025,2020,2025,available,"2025 ERP is preliminary; historical estimated change, not a forecast.",,erp-growth-2020-2025-v1
213051590,transport_access,5.11513825864388,,,Morning access index; live snapshot retrieved 2026-09-08,,,available,Land-area-weighted average of the morning (8–9am) public transport access index over the part of this area the data covers. Not a commute time or access from a property.,0.9999999999999788,ptal-area-weighted-mean-v1
213051590,green_space_per_resident,42.631945866935176,,,Undated unmaintained open-space inventory / 30 June 2025 ERP,,,available,"Public open space that is open and existing (parks and gardens, natural and semi-natural areas, recreation corridors and sports grounds), divided by 2025 population. It can include river and lake frontage recorded as open space, and does not show vegetation, park quality or walking access. The inventory has no publication date, and 2025 population is preliminary.",,open-space-public-filter-v1
214011370,rent_weekly,370,,,2021 Census,2021,2021,available,Historical reported rent; not current advertised rent.,,census-g02-direct-v2
214011370,population_growth,4.792103970345228,,,30 June 2020 to 30 June 2025,2020,2025,available,"2025 ERP is preliminary; historical estimated change, not a forecast.",,erp-growth-2020-2025-v1
214011370,transport_access,1.999212046587305,,,Morning access index; live snapshot retrieved 2026-09-08,,,available,Land-area-weighted average of the morning (8–9am) public transport access index over the part of this area the data covers. Not a commute time or access from a property.,1.0,ptal-area-weighted-mean-v1
214011370,green_space_per_resident,30.690822407439224,,,Undated unmaintained open-space inventory / 30 June 2025 ERP,,,available,"Public open space that is open and existing (parks and gardens, natural and semi-natural areas, recreation corridors and sports grounds), divided by 2025 population. It can include river and lake frontage recorded as open space, and does not show vegetation, park quality or walking access. The inventory has no publication date, and 2025 population is preliminary.",,open-space-public-filter-v1
214011371,rent_weekly,335,,,2021 Census,2021,2021,available,Historical reported rent; not current advertised rent.,,census-g02-direct-v2
214011371,population_growth,3.210517639301022,,,30 June 2020 to 30 June 2025,2020,2025,available,"2025 ERP is preliminary; historical estimated change, not a forecast.",,erp-growth-2020-2025-v1
214011371,transport_access,4.837637969574329,,,Morning access index; live snapshot retrieved 2026-09-08,,,available,Land-area-weighted average of the morning (8–9am) public transport access index over the part of this area the data covers. Not a commute time or access from a property.,1.0,ptal-area-weighted-mean-v1
214011371,green_space_per_resident,56.89144750324337,,,Undated unmaintained open-space inventory / 30 June 2025 ERP,,,available,"Public open space that is open and existing (parks and gardens, natural and semi-natural areas, recreation corridors and sports grounds), divided by 2025 population. It can include river and lake frontage recorded as open space, and does not show vegetation, park quality or walking access. The inventory has no publication date, and 2025 population is preliminary.",,open-space-public-filter-v1
214011372,rent_weekly,341,,,2021 Census,2021,2021,available,Historical reported rent; not current advertised rent.,,census-g02-direct-v2
214011372,population_growth,-0.8962098833425124,,,30 June 2020 to 30 June 2025,2020,2025,available,"2025 ERP is preliminary; historical estimated change, not a forecast.",,erp-growth-2020-2025-v1
214011372,transport_access,2.5054654621287673,,,Morning access index; live snapshot retrieved 2026-09-08,,,available,Land-area-weighted average of the morning (8–9am) public transport access index over the part of this area the data covers. Not a commute time or access from a property.,1.0,ptal-area-weighted-mean-v1
214011372,green_space_per_resident,44.220687783517626,,,Undated unmaintained open-space inventory / 30 June 2025 ERP,,,available,"Public open space that is open and existing (parks and gardens, natural and semi-natural areas, recreation corridors and sports grounds), divided by 2025 population. It can include river and lake frontage recorded as open space, and does not show vegetation, park quality or walking access. The inventory has no publication date, and 2025 population is preliminary.",,open-space-public-filter-v1
214011373,rent_weekly,420,,,2021 Census,2021,2021,available,Historical reported rent; not current advertised rent.,,census-g02-direct-v2
214011373,population_growth,1.0009383797309979,,,30 June 2020 to 30 June 2025,2020,2025,available,"2025 ERP is preliminary; historical estimated change, not a forecast.",,erp-growth-2020-2025-v1
214011373,transport_access,1.2516569171068952,,,Morning access index; live snapshot retrieved 2026-09-08,,,available,Land-area-weighted average of the morning (8–9am) public transport access index over the part of this area the data covers. Not a commute time or access from a property.,0.9999999999999966,ptal-area-weighted-mean-v1
214011373,green_space_per_resident,69.00289868630577,,,Undated unmaintained open-space inventory / 30 June 2025 ERP,,,available,"Public open space that is open and existing (parks and gardens, natural and semi-natural areas, recreation corridors and sports grounds), divided by 2025 population. It can include river and lake frontage recorded as open space, and does not show vegetation, park quality or walking access. The inventory has no publication date, and 2025 population is preliminary.",,open-space-public-filter-v1
214011374,rent_weekly,365,,,2021 Census,2021,2021,available,Historical reported rent; not current advertised rent.,,census-g02-direct-v2
214011374,population_growth,2.094303020705491,,,30 June 2020 to 30 June 2025,2020,2025,available,"2025 ERP is preliminary; historical estimated change, not a forecast.",,erp-growth-2020-2025-v1
214011374,transport_access,0.6229788191034811,,,Morning access index; live snapshot retrieved 2026-09-08,,,available,Land-area-weighted average of the morning (8–9am) public transport access index over the part of this area the data covers. Not a commute time or access from a property.,0.9999999999999987,ptal-area-weighted-mean-v1
214011374,green_space_per_resident,66.1184152566844,,,Undated unmaintained open-space inventory / 30 June 2025 ERP,,,available,"Public open space that is open and existing (parks and gardens, natural and semi-natural areas, recreation corridors and sports grounds), divided by 2025 population. It can include river and lake frontage recorded as open space, and does not show vegetation, park quality or walking access. The inventory has no publication date, and 2025 population is preliminary.",,open-space-public-filter-v1
214011375,rent_weekly,351,,,2021 Census,2021,2021,available,Historical reported rent; not current advertised rent.,,census-g02-direct-v2
214011375,population_growth,4.941810468382732,,,30 June 2020 to 30 June 2025,2020,2025,available,"2025 ERP is preliminary; historical estimated change, not a forecast.",,erp-growth-2020-2025-v1
214011375,transport_access,3.642465222062007,,,Morning access index; live snapshot retrieved 2026-09-08,,,available,Land-area-weighted average of the morning (8–9am) public transport access index over the part of this area the data covers. Not a commute time or access from a property.,0.9999889638326216,ptal-area-weighted-mean-v1
214011375,green_space_per_resident,188.11647913254905,,,Undated unmaintained open-space inventory / 30 June 2025 ERP,,,available,"Public open space that is open and existing (parks and gardens, natural and semi-natural areas, recreation corridors and sports grounds), divided by 2025 population. It can include river and lake frontage recorded as open space, and does not show vegetation, park quality or walking access. The inventory has no publication date, and 2025 population is preliminary.",,open-space-public-filter-v1
214011376,rent_weekly,450,,,2021 Census,2021,2021,available,Historical reported rent; not current advertised rent.,,census-g02-direct-v2
214011376,population_growth,-0.5702171211345859,,,30 June 2020 to 30 June 2025,2020,2025,available,"2025 ERP is preliminary; historical estimated change, not a forecast.",,erp-growth-2020-2025-v1
214011376,transport_access,0.3032734262540321,,,Morning access index; live snapshot retrieved 2026-09-08,,,available,Land-area-weighted average of the morning (8–9am) public transport access index over the part of this area the data covers. Not a commute time or access from a property.,0.999999999999993,ptal-area-weighted-mean-v1
214011376,green_space_per_resident,14.151523644520598,,,Undated unmaintained open-space inventory / 30 June 2025 ERP,,,available,"Public open space that is open and existing (parks and gardens, natural and semi-natural areas, recreation corridors and sports grounds), divided by 2025 population. It can include river and lake frontage recorded as open space, and does not show vegetation, park quality or walking access. The inventory has no publication date, and 2025 population is preliminary.",,open-space-public-filter-v1
214021377,rent_weekly,405,,,2021 Census,2021,2021,available,Historical reported rent; not current advertised rent.,,census-g02-direct-v2
214021377,population_growth,5.692599620493358,,,30 June 2020 to 30 June 2025,2020,2025,available,"2025 ERP is preliminary; historical estimated change, not a forecast.",,erp-growth-2020-2025-v1
214021377,transport_access,0.27541003192928465,,,Morning access index; live snapshot retrieved 2026-09-08,,,available,Land-area-weighted average of the morning (8–9am) public transport access index over the part of this area the data covers. Not a commute time or access from a property.,0.9999966177064806,ptal-area-weighted-mean-v1
214021377,green_space_per_resident,94.81117463811353,,,Undated unmaintained open-space inventory / 30 June 2025 ERP,,,available,"Public open space that is open and existing (parks and gardens, natural and semi-natural areas, recreation corridors and sports grounds), divided by 2025 population. It can include river and lake frontage recorded as open space, and does not show vegetation, park quality or walking access. The inventory has no publication date, and 2025 population is preliminary.",,open-space-public-filter-v1
214021378,rent_weekly,424,,,2021 Census,2021,2021,available,Historical reported rent; not current advertised rent.,,census-g02-direct-v2
214021378,population_growth,1.796206144032231,,,30 June 2020 to 30 June 2025,2020,2025,available,"2025 ERP is preliminary; historical estimated change, not a forecast.",,erp-growth-2020-2025-v1
214021378,transport_access,0.007727637898640015,,,Morning access index; live snapshot retrieved 2026-09-08,,,available,Land-area-weighted average of the morning (8–9am) public transport access index over the part of this area the data covers. Not a commute time or access from a property.,0.9998874185182183,ptal-area-weighted-mean-v1
214021378,green_space_per_resident,638.9195973032494,,,Undated unmaintained open-space inventory / 30 June 2025 ERP,,,available,"Public open space that is open and existing (parks and gardens, natural and semi-natural areas, recreation corridors and sports grounds), divided by 2025 population. It can include river and lake frontage recorded as open space, and does not show vegetation, park quality or walking access. The inventory has no publication date, and 2025 population is preliminary.",,open-space-public-filter-v1
214021379,rent_weekly,330,,,2021 Census,2021,2021,available,Historical reported rent; not current advertised rent.,,census-g02-direct-v2
214021379,population_growth,-1.6491692155079771,,,30 June 2020 to 30 June 2025,2020,2025,available,"2025 ERP is preliminary; historical estimated change, not a forecast.",,erp-growth-2020-2025-v1
214021379,transport_access,0.15430228480569116,,,Morning access index; live snapshot retrieved 2026-09-08,,,available,Land-area-weighted average of the morning (8–9am) public transport access index over the part of this area the data covers. Not a commute time or access from a property.,0.9956456672046876,ptal-area-weighted-mean-v1
214021379,green_space_per_resident,259.25731901359785,,,Undated unmaintained open-space inventory / 30 June 2025 ERP,,,available,"Public open space that is open and existing (parks and gardens, natural and semi-natural areas, recreation corridors and sports grounds), divided by 2025 population. It can include river and lake frontage recorded as open space, and does not show vegetation, park quality or walking access. The inventory has no publication date, and 2025 population is preliminary.",,open-space-public-filter-v1
214021381,rent_weekly,512,,,2021 Census,2021,2021,available,Historical reported rent; not current advertised rent.,,census-g02-direct-v2
214021381,population_growth,-0.15152306808088198,,,30 June 2020 to 30 June 2025,2020,2025,available,"2025 ERP is preliminary; historical estimated change, not a forecast.",,erp-growth-2020-2025-v1
214021381,transport_access,0.7695005936323671,,,Morning access index; live snapshot retrieved 2026-09-08,,,available,Land-area-weighted average of the morning (8–9am) public transport access index over the part of this area the data covers. Not a commute time or access from a property.,0.9999999999999928,ptal-area-weighted-mean-v1
214021381,green_space_per_resident,107.63963978430041,,,Undated unmaintained open-space inventory / 30 June 2025 ERP,,,available,"Public open space that is open and existing (parks and gardens, natural and semi-natural areas, recreation corridors and sports grounds), divided by 2025 population. It can include river and lake frontage recorded as open space, and does not show vegetation, park quality or walking access. The inventory has no publication date, and 2025 population is preliminary.",,open-space-public-filter-v1
214021382,rent_weekly,496,,,2021 Census,2021,2021,available,Historical reported rent; not current advertised rent.,,census-g02-direct-v2
214021382,population_growth,0.4233911137676828,,,30 June 2020 to 30 June 2025,2020,2025,available,"2025 ERP is preliminary; historical estimated change, not a forecast.",,erp-growth-2020-2025-v1
214021382,transport_access,0.5059670003877994,,,Morning access index; live snapshot retrieved 2026-09-08,,,available,Land-area-weighted average of the morning (8–9am) public transport access index over the part of this area the data covers. Not a commute time or access from a property.,0.9999997268521905,ptal-area-weighted-mean-v1
214021382,green_space_per_resident,106.40112733231535,,,Undated unmaintained open-space inventory / 30 June 2025 ERP,,,available,"Public open space that is open and existing (parks and gardens, natural and semi-natural areas, recreation corridors and sports grounds), divided by 2025 population. It can include river and lake frontage recorded as open space, and does not show vegetation, park quality or walking access. The inventory has no publication date, and 2025 population is preliminary.",,open-space-public-filter-v1
214021383,rent_weekly,376,,,2021 Census,2021,2021,available,Historical reported rent; not current advertised rent.,,census-g02-direct-v2
214021383,population_growth,4.707618708331212,,,30 June 2020 to 30 June 2025,2020,2025,available,"2025 ERP is preliminary; historical estimated change, not a forecast.",,erp-growth-2020-2025-v1
214021383,transport_access,0.5514335486108912,,,Morning access index; live snapshot retrieved 2026-09-08,,,available,Land-area-weighted average of the morning (8–9am) public transport access index over the part of this area the data covers. Not a commute time or access from a property.,0.9995145039187877,ptal-area-weighted-mean-v1
214021383,green_space_per_resident,80.56124150021154,,,Undated unmaintained open-space inventory / 30 June 2025 ERP,,,available,"Public open space that is open and existing (parks and gardens, natural and semi-natural areas, recreation corridors and sports grounds), divided by 2025 population. It can include river and lake frontage recorded as open space, and does not show vegetation, park quality or walking access. The inventory has no publication date, and 2025 population is preliminary.",,open-space-public-filter-v1
214021384,rent_weekly,350,,,2021 Census,2021,2021,available,Historical reported rent; not current advertised rent.,,census-g02-direct-v2
214021384,population_growth,2.4849594559246664,,,30 June 2020 to 30 June 2025,2020,2025,available,"2025 ERP is preliminary; historical estimated change, not a forecast.",,erp-growth-2020-2025-v1
214021384,transport_access,0.8086315864171083,,,Morning access index; live snapshot retrieved 2026-09-08,,,available,Land-area-weighted average of the morning (8–9am) public transport access index over the part of this area the data covers. Not a commute time or access from a property.,0.9998080386363746,ptal-area-weighted-mean-v1
214021384,green_space_per_resident,115.68336010894093,,,Undated unmaintained open-space inventory / 30 June 2025 ERP,,,available,"Public open space that is open and existing (parks and gardens, natural and semi-natural areas, recreation corridors and sports grounds), divided by 2025 population. It can include river and lake frontage recorded as open space, and does not show vegetation, park quality or walking access. The inventory has no publication date, and 2025 population is preliminary.",,open-space-public-filter-v1
214021385,rent_weekly,380,,,2021 Census,2021,2021,available,Historical reported rent; not current advertised rent.,,census-g02-direct-v2
214021385,population_growth,1.6121308858739027,,,30 June 2020 to 30 June 2025,2020,2025,available,"2025 ERP is preliminary; historical estimated change, not a forecast.",,erp-growth-2020-2025-v1
214021385,transport_access,0.10369664226092833,,,Morning access index; live snapshot retrieved 2026-09-08,,,available,Land-area-weighted average of the morning (8–9am) public transport access index over the part of this area the data covers. Not a commute time or access from a property.,0.9999718597078434,ptal-area-weighted-mean-v1
214021385,green_space_per_resident,98.60739053891159,,,Undated unmaintained open-space inventory / 30 June 2025 ERP,,,available,"Public open space that is open and existing (parks and gardens, natural and semi-natural areas, recreation corridors and sports grounds), divided by 2025 population. It can include river and lake frontage recorded as open space, and does not show vegetation, park quality or walking access. The inventory has no publication date, and 2025 population is preliminary.",,open-space-public-filter-v1
214021591,rent_weekly,400,,,2021 Census,2021,2021,available,Historical reported rent; not current advertised rent.,,census-g02-direct-v2
214021591,population_growth,-2.9722079258878025,,,30 June 2020 to 30 June 2025,2020,2025,available,"2025 ERP is preliminary; historical estimated change, not a forecast.",,erp-growth-2020-2025-v1
214021591,transport_access,0.943980045897431,,,Morning access index; live snapshot retrieved 2026-09-08,,,available,Land-area-weighted average of the morning (8–9am) public transport access index over the part of this area the data covers. Not a commute time or access from a property.,1.0,ptal-area-weighted-mean-v1
214021591,green_space_per_resident,76.11496690377416,,,Undated unmaintained open-space inventory / 30 June 2025 ERP,,,available,"Public open space that is open and existing (parks and gardens, natural and semi-natural areas, recreation corridors and sports grounds), divided by 2025 population. It can include river and lake frontage recorded as open space, and does not show vegetation, park quality or walking access. The inventory has no publication date, and 2025 population is preliminary.",,open-space-public-filter-v1
214021592,rent_weekly,410,,,2021 Census,2021,2021,available,Historical reported rent; not current advertised rent.,,census-g02-direct-v2
214021592,population_growth,1.688590353577759,,,30 June 2020 to 30 June 2025,2020,2025,available,"2025 ERP is preliminary; historical estimated change, not a forecast.",,erp-growth-2020-2025-v1
214021592,transport_access,2.788838288682556,,,Morning access index; live snapshot retrieved 2026-09-08,,,available,Land-area-weighted average of the morning (8–9am) public transport access index over the part of this area the data covers. Not a commute time or access from a property.,0.9999447485423044,ptal-area-weighted-mean-v1
214021592,green_space_per_resident,57.46406096988004,,,Undated unmaintained open-space inventory / 30 June 2025 ERP,,,available,"Public open space that is open and existing (parks and gardens, natural and semi-natural areas, recreation corridors and sports grounds), divided by 2025 population. It can include river and lake frontage recorded as open space, and does not show vegetation, park quality or walking access. The inventory has no publication date, and 2025 population is preliminary.",,open-space-public-filter-v1
