sa2_code,indicator_key,source_id,role
206011106,rent_weekly,abs-census-2021-g02,raw_measure
206011106,rent_weekly,abs-sa2-2021,boundary
206011106,population_growth,abs-erp-2024-25,endpoints
206011106,population_growth,abs-sa2-2021,boundary
206011106,transport_access,dtp-ptal-snapshot,raw_measure
206011106,transport_access,abs-sa2-2021,boundary
206011106,green_space_per_resident,vpa-open-space-snapshot,numerator
206011106,green_space_per_resident,abs-erp-2024-25,denominator
206011106,green_space_per_resident,abs-sa2-2021,boundary
206011107,rent_weekly,abs-census-2021-g02,raw_measure
206011107,rent_weekly,abs-sa2-2021,boundary
206011107,population_growth,abs-erp-2024-25,endpoints
206011107,population_growth,abs-sa2-2021,boundary
206011107,transport_access,dtp-ptal-snapshot,raw_measure
206011107,transport_access,abs-sa2-2021,boundary
206011107,green_space_per_resident,vpa-open-space-snapshot,numerator
206011107,green_space_per_resident,abs-erp-2024-25,denominator
206011107,green_space_per_resident,abs-sa2-2021,boundary
206011109,rent_weekly,abs-census-2021-g02,raw_measure
206011109,rent_weekly,abs-sa2-2021,boundary
206011109,population_growth,abs-erp-2024-25,endpoints
206011109,population_growth,abs-sa2-2021,boundary
206011109,transport_access,dtp-ptal-snapshot,raw_measure
206011109,transport_access,abs-sa2-2021,boundary
206011109,green_space_per_resident,vpa-open-space-snapshot,numerator
206011109,green_space_per_resident,abs-erp-2024-25,denominator
206011109,green_space_per_resident,abs-sa2-2021,boundary
206011495,rent_weekly,abs-census-2021-g02,raw_measure
206011495,rent_weekly,abs-sa2-2021,boundary
206011495,population_growth,abs-erp-2024-25,endpoints
206011495,population_growth,abs-sa2-2021,boundary
206011495,transport_access,dtp-ptal-snapshot,raw_measure
206011495,transport_access,abs-sa2-2021,boundary
206011495,green_space_per_resident,vpa-open-space-snapshot,numerator
206011495,green_space_per_resident,abs-erp-2024-25,denominator
206011495,green_space_per_resident,abs-sa2-2021,boundary
206011496,rent_weekly,abs-census-2021-g02,raw_measure
206011496,rent_weekly,abs-sa2-2021,boundary
206011496,population_growth,abs-erp-2024-25,endpoints
206011496,population_growth,abs-sa2-2021,boundary
206011496,transport_access,dtp-ptal-snapshot,raw_measure
206011496,transport_access,abs-sa2-2021,boundary
206011496,green_space_per_resident,vpa-open-space-snapshot,numerator
206011496,green_space_per_resident,abs-erp-2024-25,denominator
206011496,green_space_per_resident,abs-sa2-2021,boundary
206011497,rent_weekly,abs-census-2021-g02,raw_measure
206011497,rent_weekly,abs-sa2-2021,boundary
206011497,population_growth,abs-erp-2024-25,endpoints
206011497,population_growth,abs-sa2-2021,boundary
206011497,transport_access,dtp-ptal-snapshot,raw_measure
206011497,transport_access,abs-sa2-2021,boundary
206011497,green_space_per_resident,vpa-open-space-snapshot,numerator
206011497,green_space_per_resident,abs-erp-2024-25,denominator
206011497,green_space_per_resident,abs-sa2-2021,boundary
206011498,rent_weekly,abs-census-2021-g02,raw_measure
206011498,rent_weekly,abs-sa2-2021,boundary
206011498,population_growth,abs-erp-2024-25,endpoints
206011498,population_growth,abs-sa2-2021,boundary
206011498,transport_access,dtp-ptal-snapshot,raw_measure
206011498,transport_access,abs-sa2-2021,boundary
206011498,green_space_per_resident,vpa-open-space-snapshot,numerator
206011498,green_space_per_resident,abs-erp-2024-25,denominator
206011498,green_space_per_resident,abs-sa2-2021,boundary
206021110,rent_weekly,abs-census-2021-g02,raw_measure
206021110,rent_weekly,abs-sa2-2021,boundary
206021110,population_growth,abs-erp-2024-25,endpoints
206021110,population_growth,abs-sa2-2021,boundary
206021110,transport_access,dtp-ptal-snapshot,raw_measure
206021110,transport_access,abs-sa2-2021,boundary
206021110,green_space_per_resident,vpa-open-space-snapshot,numerator
206021110,green_space_per_resident,abs-erp-2024-25,denominator
206021110,green_space_per_resident,abs-sa2-2021,boundary
206021112,rent_weekly,abs-census-2021-g02,raw_measure
206021112,rent_weekly,abs-sa2-2021,boundary
206021112,population_growth,abs-erp-2024-25,endpoints
206021112,population_growth,abs-sa2-2021,boundary
206021112,transport_access,dtp-ptal-snapshot,raw_measure
206021112,transport_access,abs-sa2-2021,boundary
206021112,green_space_per_resident,vpa-open-space-snapshot,numerator
206021112,green_space_per_resident,abs-erp-2024-25,denominator
206021112,green_space_per_resident,abs-sa2-2021,boundary
206021499,rent_weekly,abs-census-2021-g02,raw_measure
206021499,rent_weekly,abs-sa2-2021,boundary
206021499,population_growth,abs-erp-2024-25,endpoints
206021499,population_growth,abs-sa2-2021,boundary
206021499,transport_access,dtp-ptal-snapshot,raw_measure
206021499,transport_access,abs-sa2-2021,boundary
206021499,green_space_per_resident,vpa-open-space-snapshot,numerator
206021499,green_space_per_resident,abs-erp-2024-25,denominator
206021499,green_space_per_resident,abs-sa2-2021,boundary
206021500,rent_weekly,abs-census-2021-g02,raw_measure
206021500,rent_weekly,abs-sa2-2021,boundary
206021500,population_growth,abs-erp-2024-25,endpoints
206021500,population_growth,abs-sa2-2021,boundary
206021500,transport_access,dtp-ptal-snapshot,raw_measure
206021500,transport_access,abs-sa2-2021,boundary
206021500,green_space_per_resident,vpa-open-space-snapshot,numerator
206021500,green_space_per_resident,abs-erp-2024-25,denominator
206021500,green_space_per_resident,abs-sa2-2021,boundary
206031113,rent_weekly,abs-census-2021-g02,raw_measure
206031113,rent_weekly,abs-sa2-2021,boundary
206031113,population_growth,abs-erp-2024-25,endpoints
206031113,population_growth,abs-sa2-2021,boundary
206031113,transport_access,dtp-ptal-snapshot,raw_measure
206031113,transport_access,abs-sa2-2021,boundary
206031113,green_space_per_resident,vpa-open-space-snapshot,numerator
206031113,green_space_per_resident,abs-erp-2024-25,denominator
206031113,green_space_per_resident,abs-sa2-2021,boundary
206031115,rent_weekly,abs-census-2021-g02,raw_measure
206031115,rent_weekly,abs-sa2-2021,boundary
206031115,population_growth,abs-erp-2024-25,endpoints
206031115,population_growth,abs-sa2-2021,boundary
206031115,transport_access,dtp-ptal-snapshot,raw_measure
206031115,transport_access,abs-sa2-2021,boundary
206031115,green_space_per_resident,vpa-open-space-snapshot,numerator
206031115,green_space_per_resident,abs-erp-2024-25,denominator
206031115,green_space_per_resident,abs-sa2-2021,boundary
206031116,rent_weekly,abs-census-2021-g02,raw_measure
206031116,rent_weekly,abs-sa2-2021,boundary
206031116,population_growth,abs-erp-2024-25,endpoints
206031116,population_growth,abs-sa2-2021,boundary
206031116,transport_access,dtp-ptal-snapshot,raw_measure
206031116,transport_access,abs-sa2-2021,boundary
206031116,green_space_per_resident,vpa-open-space-snapshot,numerator
206031116,green_space_per_resident,abs-erp-2024-25,denominator
206031116,green_space_per_resident,abs-sa2-2021,boundary
206031501,rent_weekly,abs-census-2021-g02,raw_measure
206031501,rent_weekly,abs-sa2-2021,boundary
206031501,population_growth,abs-erp-2024-25,endpoints
206031501,population_growth,abs-sa2-2021,boundary
206031501,transport_access,dtp-ptal-snapshot,raw_measure
206031501,transport_access,abs-sa2-2021,boundary
206031501,green_space_per_resident,vpa-open-space-snapshot,numerator
206031501,green_space_per_resident,abs-erp-2024-25,denominator
206031501,green_space_per_resident,abs-sa2-2021,boundary
206031502,rent_weekly,abs-census-2021-g02,raw_measure
206031502,rent_weekly,abs-sa2-2021,boundary
206031502,population_growth,abs-erp-2024-25,endpoints
206031502,population_growth,abs-sa2-2021,boundary
206031502,transport_access,dtp-ptal-snapshot,raw_measure
206031502,transport_access,abs-sa2-2021,boundary
206031502,green_space_per_resident,vpa-open-space-snapshot,numerator
206031502,green_space_per_resident,abs-erp-2024-25,denominator
206031502,green_space_per_resident,abs-sa2-2021,boundary
206041117,rent_weekly,abs-census-2021-g02,raw_measure
206041117,rent_weekly,abs-sa2-2021,boundary
206041117,population_growth,abs-erp-2024-25,endpoints
206041117,population_growth,abs-sa2-2021,boundary
206041117,transport_access,dtp-ptal-snapshot,raw_measure
206041117,transport_access,abs-sa2-2021,boundary
206041117,green_space_per_resident,vpa-open-space-snapshot,numerator
206041117,green_space_per_resident,abs-erp-2024-25,denominator
206041117,green_space_per_resident,abs-sa2-2021,boundary
206041118,rent_weekly,abs-census-2021-g02,raw_measure
206041118,rent_weekly,abs-sa2-2021,boundary
206041118,population_growth,abs-erp-2024-25,endpoints
206041118,population_growth,abs-sa2-2021,boundary
206041118,transport_access,dtp-ptal-snapshot,raw_measure
206041118,transport_access,abs-sa2-2021,boundary
206041118,green_space_per_resident,vpa-open-space-snapshot,numerator
206041118,green_space_per_resident,abs-erp-2024-25,denominator
206041118,green_space_per_resident,abs-sa2-2021,boundary
206041119,rent_weekly,abs-census-2021-g02,raw_measure
206041119,rent_weekly,abs-sa2-2021,boundary
206041119,population_growth,abs-erp-2024-25,endpoints
206041119,population_growth,abs-sa2-2021,boundary
206041119,transport_access,dtp-ptal-snapshot,raw_measure
206041119,transport_access,abs-sa2-2021,boundary
206041119,green_space_per_resident,vpa-open-space-snapshot,numerator
206041119,green_space_per_resident,abs-erp-2024-25,denominator
206041119,green_space_per_resident,abs-sa2-2021,boundary
206041120,rent_weekly,abs-census-2021-g02,raw_measure
206041120,rent_weekly,abs-sa2-2021,boundary
206041120,population_growth,abs-erp-2024-25,endpoints
206041120,population_growth,abs-sa2-2021,boundary
206041120,transport_access,dtp-ptal-snapshot,raw_measure
206041120,transport_access,abs-sa2-2021,boundary
206041120,green_space_per_resident,vpa-open-space-snapshot,numerator
206041120,green_space_per_resident,abs-erp-2024-25,denominator
206041120,green_space_per_resident,abs-sa2-2021,boundary
206041121,rent_weekly,abs-census-2021-g02,raw_measure
206041121,rent_weekly,abs-sa2-2021,boundary
206041121,population_growth,abs-erp-2024-25,endpoints
206041121,population_growth,abs-sa2-2021,boundary
206041121,transport_access,dtp-ptal-snapshot,raw_measure
206041121,transport_access,abs-sa2-2021,boundary
206041121,green_space_per_resident,vpa-open-space-snapshot,numerator
206041121,green_space_per_resident,abs-erp-2024-25,denominator
206041121,green_space_per_resident,abs-sa2-2021,boundary
206041124,rent_weekly,abs-census-2021-g02,raw_measure
206041124,rent_weekly,abs-sa2-2021,boundary
206041124,population_growth,abs-erp-2024-25,endpoints
206041124,population_growth,abs-sa2-2021,boundary
206041124,transport_access,dtp-ptal-snapshot,raw_measure
206041124,transport_access,abs-sa2-2021,boundary
206041124,green_space_per_resident,vpa-open-space-snapshot,numerator
206041124,green_space_per_resident,abs-erp-2024-25,denominator
206041124,green_space_per_resident,abs-sa2-2021,boundary
206041125,rent_weekly,abs-census-2021-g02,raw_measure
206041125,rent_weekly,abs-sa2-2021,boundary
206041125,population_growth,abs-erp-2024-25,endpoints
206041125,population_growth,abs-sa2-2021,boundary
206041125,transport_access,dtp-ptal-snapshot,raw_measure
206041125,transport_access,abs-sa2-2021,boundary
206041125,green_space_per_resident,vpa-open-space-snapshot,numerator
206041125,green_space_per_resident,abs-erp-2024-25,denominator
206041125,green_space_per_resident,abs-sa2-2021,boundary
206041127,rent_weekly,abs-census-2021-g02,raw_measure
206041127,rent_weekly,abs-sa2-2021,boundary
206041127,population_growth,abs-erp-2024-25,endpoints
206041127,population_growth,abs-sa2-2021,boundary
206041127,transport_access,dtp-ptal-snapshot,raw_measure
206041127,transport_access,abs-sa2-2021,boundary
206041127,green_space_per_resident,vpa-open-space-snapshot,numerator
206041127,green_space_per_resident,abs-erp-2024-25,denominator
206041127,green_space_per_resident,abs-sa2-2021,boundary
206041503,rent_weekly,abs-census-2021-g02,raw_measure
206041503,rent_weekly,abs-sa2-2021,boundary
206041503,population_growth,abs-erp-2024-25,endpoints
206041503,population_growth,abs-sa2-2021,boundary
206041503,transport_access,dtp-ptal-snapshot,raw_measure
206041503,transport_access,abs-sa2-2021,boundary
206041503,green_space_per_resident,vpa-open-space-snapshot,numerator
206041503,green_space_per_resident,abs-erp-2024-25,denominator
206041503,green_space_per_resident,abs-sa2-2021,boundary
206041504,rent_weekly,abs-census-2021-g02,raw_measure
206041504,rent_weekly,abs-sa2-2021,boundary
206041504,population_growth,abs-erp-2024-25,endpoints
206041504,population_growth,abs-sa2-2021,boundary
206041504,transport_access,dtp-ptal-snapshot,raw_measure
206041504,transport_access,abs-sa2-2021,boundary
206041504,green_space_per_resident,vpa-open-space-snapshot,numerator
206041504,green_space_per_resident,abs-erp-2024-25,denominator
206041504,green_space_per_resident,abs-sa2-2021,boundary
206041505,rent_weekly,abs-census-2021-g02,raw_measure
206041505,rent_weekly,abs-sa2-2021,boundary
206041505,population_growth,abs-erp-2024-25,endpoints
206041505,population_growth,abs-sa2-2021,boundary
206041505,transport_access,dtp-ptal-snapshot,raw_measure
206041505,transport_access,abs-sa2-2021,boundary
206041505,green_space_per_resident,vpa-open-space-snapshot,numerator
206041505,green_space_per_resident,abs-erp-2024-25,denominator
206041505,green_space_per_resident,abs-sa2-2021,boundary
206041506,rent_weekly,abs-census-2021-g02,raw_measure
206041506,rent_weekly,abs-sa2-2021,boundary
206041506,population_growth,abs-erp-2024-25,endpoints
206041506,population_growth,abs-sa2-2021,boundary
206041506,transport_access,dtp-ptal-snapshot,raw_measure
206041506,transport_access,abs-sa2-2021,boundary
206041506,green_space_per_resident,vpa-open-space-snapshot,numerator
206041506,green_space_per_resident,abs-erp-2024-25,denominator
206041506,green_space_per_resident,abs-sa2-2021,boundary
206041507,rent_weekly,abs-census-2021-g02,raw_measure
206041507,rent_weekly,abs-sa2-2021,boundary
206041507,population_growth,abs-erp-2024-25,endpoints
206041507,population_growth,abs-sa2-2021,boundary
206041507,transport_access,dtp-ptal-snapshot,raw_measure
206041507,transport_access,abs-sa2-2021,boundary
206041507,green_space_per_resident,vpa-open-space-snapshot,numerator
206041507,green_space_per_resident,abs-erp-2024-25,denominator
206041507,green_space_per_resident,abs-sa2-2021,boundary
206041508,rent_weekly,abs-census-2021-g02,raw_measure
206041508,rent_weekly,abs-sa2-2021,boundary
206041508,population_growth,abs-erp-2024-25,endpoints
206041508,population_growth,abs-sa2-2021,boundary
206041508,transport_access,dtp-ptal-snapshot,raw_measure
206041508,transport_access,abs-sa2-2021,boundary
206041508,green_space_per_resident,vpa-open-space-snapshot,numerator
206041508,green_space_per_resident,abs-erp-2024-25,denominator
206041508,green_space_per_resident,abs-sa2-2021,boundary
206041509,rent_weekly,abs-census-2021-g02,raw_measure
206041509,rent_weekly,abs-sa2-2021,boundary
206041509,population_growth,abs-erp-2024-25,endpoints
206041509,population_growth,abs-sa2-2021,boundary
206041509,transport_access,dtp-ptal-snapshot,raw_measure
206041509,transport_access,abs-sa2-2021,boundary
206041509,green_space_per_resident,vpa-open-space-snapshot,numerator
206041509,green_space_per_resident,abs-erp-2024-25,denominator
206041509,green_space_per_resident,abs-sa2-2021,boundary
206041510,rent_weekly,abs-census-2021-g02,raw_measure
206041510,rent_weekly,abs-sa2-2021,boundary
206041510,population_growth,abs-erp-2024-25,endpoints
206041510,population_growth,abs-sa2-2021,boundary
206041510,transport_access,dtp-ptal-snapshot,raw_measure
206041510,transport_access,abs-sa2-2021,boundary
206041510,green_space_per_resident,vpa-open-space-snapshot,numerator
206041510,green_space_per_resident,abs-erp-2024-25,denominator
206041510,green_space_per_resident,abs-sa2-2021,boundary
206051128,rent_weekly,abs-census-2021-g02,raw_measure
206051128,rent_weekly,abs-sa2-2021,boundary
206051128,population_growth,abs-erp-2024-25,endpoints
206051128,population_growth,abs-sa2-2021,boundary
206051128,transport_access,dtp-ptal-snapshot,raw_measure
206051128,transport_access,abs-sa2-2021,boundary
206051128,green_space_per_resident,vpa-open-space-snapshot,numerator
206051128,green_space_per_resident,abs-erp-2024-25,denominator
206051128,green_space_per_resident,abs-sa2-2021,boundary
206051129,rent_weekly,abs-census-2021-g02,raw_measure
206051129,rent_weekly,abs-sa2-2021,boundary
206051129,population_growth,abs-erp-2024-25,endpoints
206051129,population_growth,abs-sa2-2021,boundary
206051129,transport_access,dtp-ptal-snapshot,raw_measure
206051129,transport_access,abs-sa2-2021,boundary
206051129,green_space_per_resident,vpa-open-space-snapshot,numerator
206051129,green_space_per_resident,abs-erp-2024-25,denominator
206051129,green_space_per_resident,abs-sa2-2021,boundary
206051130,rent_weekly,abs-census-2021-g02,raw_measure
206051130,rent_weekly,abs-sa2-2021,boundary
206051130,population_growth,abs-erp-2024-25,endpoints
206051130,population_growth,abs-sa2-2021,boundary
206051130,transport_access,dtp-ptal-snapshot,raw_measure
206051130,transport_access,abs-sa2-2021,boundary
206051130,green_space_per_resident,vpa-open-space-snapshot,numerator
206051130,green_space_per_resident,abs-erp-2024-25,denominator
206051130,green_space_per_resident,abs-sa2-2021,boundary
206051134,rent_weekly,abs-census-2021-g02,raw_measure
206051134,rent_weekly,abs-sa2-2021,boundary
206051134,population_growth,abs-erp-2024-25,endpoints
206051134,population_growth,abs-sa2-2021,boundary
206051134,transport_access,dtp-ptal-snapshot,raw_measure
206051134,transport_access,abs-sa2-2021,boundary
206051134,green_space_per_resident,vpa-open-space-snapshot,numerator
206051134,green_space_per_resident,abs-erp-2024-25,denominator
206051134,green_space_per_resident,abs-sa2-2021,boundary
206051511,rent_weekly,abs-census-2021-g02,raw_measure
206051511,rent_weekly,abs-sa2-2021,boundary
206051511,population_growth,abs-erp-2024-25,endpoints
206051511,population_growth,abs-sa2-2021,boundary
206051511,transport_access,dtp-ptal-snapshot,raw_measure
206051511,transport_access,abs-sa2-2021,boundary
206051511,green_space_per_resident,vpa-open-space-snapshot,numerator
206051511,green_space_per_resident,abs-erp-2024-25,denominator
206051511,green_space_per_resident,abs-sa2-2021,boundary
206051512,rent_weekly,abs-census-2021-g02,raw_measure
206051512,rent_weekly,abs-sa2-2021,boundary
206051512,population_growth,abs-erp-2024-25,endpoints
206051512,population_growth,abs-sa2-2021,boundary
206051512,transport_access,dtp-ptal-snapshot,raw_measure
206051512,transport_access,abs-sa2-2021,boundary
206051512,green_space_per_resident,vpa-open-space-snapshot,numerator
206051512,green_space_per_resident,abs-erp-2024-25,denominator
206051512,green_space_per_resident,abs-sa2-2021,boundary
206051513,rent_weekly,abs-census-2021-g02,raw_measure
206051513,rent_weekly,abs-sa2-2021,boundary
206051513,population_growth,abs-erp-2024-25,endpoints
206051513,population_growth,abs-sa2-2021,boundary
206051513,transport_access,dtp-ptal-snapshot,raw_measure
206051513,transport_access,abs-sa2-2021,boundary
206051513,green_space_per_resident,vpa-open-space-snapshot,numerator
206051513,green_space_per_resident,abs-erp-2024-25,denominator
206051513,green_space_per_resident,abs-sa2-2021,boundary
206051514,rent_weekly,abs-census-2021-g02,raw_measure
206051514,rent_weekly,abs-sa2-2021,boundary
206051514,population_growth,abs-erp-2024-25,endpoints
206051514,population_growth,abs-sa2-2021,boundary
206051514,transport_access,dtp-ptal-snapshot,raw_measure
206051514,transport_access,abs-sa2-2021,boundary
206051514,green_space_per_resident,vpa-open-space-snapshot,numerator
206051514,green_space_per_resident,abs-erp-2024-25,denominator
206051514,green_space_per_resident,abs-sa2-2021,boundary
206061135,rent_weekly,abs-census-2021-g02,raw_measure
206061135,rent_weekly,abs-sa2-2021,boundary
206061135,population_growth,abs-erp-2024-25,endpoints
206061135,population_growth,abs-sa2-2021,boundary
206061135,transport_access,dtp-ptal-snapshot,raw_measure
206061135,transport_access,abs-sa2-2021,boundary
206061135,green_space_per_resident,vpa-open-space-snapshot,numerator
206061135,green_space_per_resident,abs-erp-2024-25,denominator
206061135,green_space_per_resident,abs-sa2-2021,boundary
206061136,rent_weekly,abs-census-2021-g02,raw_measure
206061136,rent_weekly,abs-sa2-2021,boundary
206061136,population_growth,abs-erp-2024-25,endpoints
206061136,population_growth,abs-sa2-2021,boundary
206061136,transport_access,dtp-ptal-snapshot,raw_measure
206061136,transport_access,abs-sa2-2021,boundary
206061136,green_space_per_resident,vpa-open-space-snapshot,numerator
206061136,green_space_per_resident,abs-erp-2024-25,denominator
206061136,green_space_per_resident,abs-sa2-2021,boundary
206061138,rent_weekly,abs-census-2021-g02,raw_measure
206061138,rent_weekly,abs-sa2-2021,boundary
206061138,population_growth,abs-erp-2024-25,endpoints
206061138,population_growth,abs-sa2-2021,boundary
206061138,transport_access,dtp-ptal-snapshot,raw_measure
206061138,transport_access,abs-sa2-2021,boundary
206061138,green_space_per_resident,vpa-open-space-snapshot,numerator
206061138,green_space_per_resident,abs-erp-2024-25,denominator
206061138,green_space_per_resident,abs-sa2-2021,boundary
206061515,rent_weekly,abs-census-2021-g02,raw_measure
206061515,rent_weekly,abs-sa2-2021,boundary
206061515,population_growth,abs-erp-2024-25,endpoints
206061515,population_growth,abs-sa2-2021,boundary
206061515,transport_access,dtp-ptal-snapshot,raw_measure
206061515,transport_access,abs-sa2-2021,boundary
206061515,green_space_per_resident,vpa-open-space-snapshot,numerator
206061515,green_space_per_resident,abs-erp-2024-25,denominator
206061515,green_space_per_resident,abs-sa2-2021,boundary
206061516,rent_weekly,abs-census-2021-g02,raw_measure
206061516,rent_weekly,abs-sa2-2021,boundary
206061516,population_growth,abs-erp-2024-25,endpoints
206061516,population_growth,abs-sa2-2021,boundary
206061516,transport_access,dtp-ptal-snapshot,raw_measure
206061516,transport_access,abs-sa2-2021,boundary
206061516,green_space_per_resident,vpa-open-space-snapshot,numerator
206061516,green_space_per_resident,abs-erp-2024-25,denominator
206061516,green_space_per_resident,abs-sa2-2021,boundary
206071139,rent_weekly,abs-census-2021-g02,raw_measure
206071139,rent_weekly,abs-sa2-2021,boundary
206071139,population_growth,abs-erp-2024-25,endpoints
206071139,population_growth,abs-sa2-2021,boundary
206071139,transport_access,dtp-ptal-snapshot,raw_measure
206071139,transport_access,abs-sa2-2021,boundary
206071139,green_space_per_resident,vpa-open-space-snapshot,numerator
206071139,green_space_per_resident,abs-erp-2024-25,denominator
206071139,green_space_per_resident,abs-sa2-2021,boundary
206071140,rent_weekly,abs-census-2021-g02,raw_measure
206071140,rent_weekly,abs-sa2-2021,boundary
206071140,population_growth,abs-erp-2024-25,endpoints
206071140,population_growth,abs-sa2-2021,boundary
206071140,transport_access,dtp-ptal-snapshot,raw_measure
206071140,transport_access,abs-sa2-2021,boundary
206071140,green_space_per_resident,vpa-open-space-snapshot,numerator
206071140,green_space_per_resident,abs-erp-2024-25,denominator
206071140,green_space_per_resident,abs-sa2-2021,boundary
206071141,rent_weekly,abs-census-2021-g02,raw_measure
206071141,rent_weekly,abs-sa2-2021,boundary
206071141,population_growth,abs-erp-2024-25,endpoints
206071141,population_growth,abs-sa2-2021,boundary
206071141,transport_access,dtp-ptal-snapshot,raw_measure
206071141,transport_access,abs-sa2-2021,boundary
206071141,green_space_per_resident,vpa-open-space-snapshot,numerator
206071141,green_space_per_resident,abs-erp-2024-25,denominator
206071141,green_space_per_resident,abs-sa2-2021,boundary
206071142,rent_weekly,abs-census-2021-g02,raw_measure
206071142,rent_weekly,abs-sa2-2021,boundary
206071142,population_growth,abs-erp-2024-25,endpoints
206071142,population_growth,abs-sa2-2021,boundary
206071142,transport_access,dtp-ptal-snapshot,raw_measure
206071142,transport_access,abs-sa2-2021,boundary
206071142,green_space_per_resident,vpa-open-space-snapshot,numerator
206071142,green_space_per_resident,abs-erp-2024-25,denominator
206071142,green_space_per_resident,abs-sa2-2021,boundary
206071143,rent_weekly,abs-census-2021-g02,raw_measure
206071143,rent_weekly,abs-sa2-2021,boundary
206071143,population_growth,abs-erp-2024-25,endpoints
206071143,population_growth,abs-sa2-2021,boundary
206071143,transport_access,dtp-ptal-snapshot,raw_measure
206071143,transport_access,abs-sa2-2021,boundary
206071143,green_space_per_resident,vpa-open-space-snapshot,numerator
206071143,green_space_per_resident,abs-erp-2024-25,denominator
206071143,green_space_per_resident,abs-sa2-2021,boundary
206071145,rent_weekly,abs-census-2021-g02,raw_measure
206071145,rent_weekly,abs-sa2-2021,boundary
206071145,population_growth,abs-erp-2024-25,endpoints
206071145,population_growth,abs-sa2-2021,boundary
206071145,transport_access,dtp-ptal-snapshot,raw_measure
206071145,transport_access,abs-sa2-2021,boundary
206071145,green_space_per_resident,vpa-open-space-snapshot,numerator
206071145,green_space_per_resident,abs-erp-2024-25,denominator
206071145,green_space_per_resident,abs-sa2-2021,boundary
206071517,rent_weekly,abs-census-2021-g02,raw_measure
206071517,rent_weekly,abs-sa2-2021,boundary
206071517,population_growth,abs-erp-2024-25,endpoints
206071517,population_growth,abs-sa2-2021,boundary
206071517,transport_access,dtp-ptal-snapshot,raw_measure
206071517,transport_access,abs-sa2-2021,boundary
206071517,green_space_per_resident,vpa-open-space-snapshot,numerator
206071517,green_space_per_resident,abs-erp-2024-25,denominator
206071517,green_space_per_resident,abs-sa2-2021,boundary
206071518,rent_weekly,abs-census-2021-g02,raw_measure
206071518,rent_weekly,abs-sa2-2021,boundary
206071518,population_growth,abs-erp-2024-25,endpoints
206071518,population_growth,abs-sa2-2021,boundary
206071518,transport_access,dtp-ptal-snapshot,raw_measure
206071518,transport_access,abs-sa2-2021,boundary
206071518,green_space_per_resident,vpa-open-space-snapshot,numerator
206071518,green_space_per_resident,abs-erp-2024-25,denominator
206071518,green_space_per_resident,abs-sa2-2021,boundary
207011146,rent_weekly,abs-census-2021-g02,raw_measure
207011146,rent_weekly,abs-sa2-2021,boundary
207011146,population_growth,abs-erp-2024-25,endpoints
207011146,population_growth,abs-sa2-2021,boundary
207011146,transport_access,dtp-ptal-snapshot,raw_measure
207011146,transport_access,abs-sa2-2021,boundary
207011146,green_space_per_resident,vpa-open-space-snapshot,numerator
207011146,green_space_per_resident,abs-erp-2024-25,denominator
207011146,green_space_per_resident,abs-sa2-2021,boundary
207011147,rent_weekly,abs-census-2021-g02,raw_measure
207011147,rent_weekly,abs-sa2-2021,boundary
207011147,population_growth,abs-erp-2024-25,endpoints
207011147,population_growth,abs-sa2-2021,boundary
207011147,transport_access,dtp-ptal-snapshot,raw_measure
207011147,transport_access,abs-sa2-2021,boundary
207011147,green_space_per_resident,vpa-open-space-snapshot,numerator
207011147,green_space_per_resident,abs-erp-2024-25,denominator
207011147,green_space_per_resident,abs-sa2-2021,boundary
207011148,rent_weekly,abs-census-2021-g02,raw_measure
207011148,rent_weekly,abs-sa2-2021,boundary
207011148,population_growth,abs-erp-2024-25,endpoints
207011148,population_growth,abs-sa2-2021,boundary
207011148,transport_access,dtp-ptal-snapshot,raw_measure
207011148,transport_access,abs-sa2-2021,boundary
207011148,green_space_per_resident,vpa-open-space-snapshot,numerator
207011148,green_space_per_resident,abs-erp-2024-25,denominator
207011148,green_space_per_resident,abs-sa2-2021,boundary
207011149,rent_weekly,abs-census-2021-g02,raw_measure
207011149,rent_weekly,abs-sa2-2021,boundary
207011149,population_growth,abs-erp-2024-25,endpoints
207011149,population_growth,abs-sa2-2021,boundary
207011149,transport_access,dtp-ptal-snapshot,raw_measure
207011149,transport_access,abs-sa2-2021,boundary
207011149,green_space_per_resident,vpa-open-space-snapshot,numerator
207011149,green_space_per_resident,abs-erp-2024-25,denominator
207011149,green_space_per_resident,abs-sa2-2021,boundary
207011150,rent_weekly,abs-census-2021-g02,raw_measure
207011150,rent_weekly,abs-sa2-2021,boundary
207011150,population_growth,abs-erp-2024-25,endpoints
207011150,population_growth,abs-sa2-2021,boundary
207011150,transport_access,dtp-ptal-snapshot,raw_measure
207011150,transport_access,abs-sa2-2021,boundary
207011150,green_space_per_resident,vpa-open-space-snapshot,numerator
207011150,green_space_per_resident,abs-erp-2024-25,denominator
207011150,green_space_per_resident,abs-sa2-2021,boundary
207011152,rent_weekly,abs-census-2021-g02,raw_measure
207011152,rent_weekly,abs-sa2-2021,boundary
207011152,population_growth,abs-erp-2024-25,endpoints
207011152,population_growth,abs-sa2-2021,boundary
207011152,transport_access,dtp-ptal-snapshot,raw_measure
207011152,transport_access,abs-sa2-2021,boundary
207011152,green_space_per_resident,vpa-open-space-snapshot,numerator
207011152,green_space_per_resident,abs-erp-2024-25,denominator
207011152,green_space_per_resident,abs-sa2-2021,boundary
207011154,rent_weekly,abs-census-2021-g02,raw_measure
207011154,rent_weekly,abs-sa2-2021,boundary
207011154,population_growth,abs-erp-2024-25,endpoints
207011154,population_growth,abs-sa2-2021,boundary
207011154,transport_access,dtp-ptal-snapshot,raw_measure
207011154,transport_access,abs-sa2-2021,boundary
207011154,green_space_per_resident,vpa-open-space-snapshot,numerator
207011154,green_space_per_resident,abs-erp-2024-25,denominator
207011154,green_space_per_resident,abs-sa2-2021,boundary
207011155,rent_weekly,abs-census-2021-g02,raw_measure
207011155,rent_weekly,abs-sa2-2021,boundary
207011155,population_growth,abs-erp-2024-25,endpoints
207011155,population_growth,abs-sa2-2021,boundary
207011155,transport_access,dtp-ptal-snapshot,raw_measure
207011155,transport_access,abs-sa2-2021,boundary
207011155,green_space_per_resident,vpa-open-space-snapshot,numerator
207011155,green_space_per_resident,abs-erp-2024-25,denominator
207011155,green_space_per_resident,abs-sa2-2021,boundary
207011519,rent_weekly,abs-census-2021-g02,raw_measure
207011519,rent_weekly,abs-sa2-2021,boundary
207011519,population_growth,abs-erp-2024-25,endpoints
207011519,population_growth,abs-sa2-2021,boundary
207011519,transport_access,dtp-ptal-snapshot,raw_measure
207011519,transport_access,abs-sa2-2021,boundary
207011519,green_space_per_resident,vpa-open-space-snapshot,numerator
207011519,green_space_per_resident,abs-erp-2024-25,denominator
207011519,green_space_per_resident,abs-sa2-2021,boundary
207011520,rent_weekly,abs-census-2021-g02,raw_measure
207011520,rent_weekly,abs-sa2-2021,boundary
207011520,population_growth,abs-erp-2024-25,endpoints
207011520,population_growth,abs-sa2-2021,boundary
207011520,transport_access,dtp-ptal-snapshot,raw_measure
207011520,transport_access,abs-sa2-2021,boundary
207011520,green_space_per_resident,vpa-open-space-snapshot,numerator
207011520,green_space_per_resident,abs-erp-2024-25,denominator
207011520,green_space_per_resident,abs-sa2-2021,boundary
207011521,rent_weekly,abs-census-2021-g02,raw_measure
207011521,rent_weekly,abs-sa2-2021,boundary
207011521,population_growth,abs-erp-2024-25,endpoints
207011521,population_growth,abs-sa2-2021,boundary
207011521,transport_access,dtp-ptal-snapshot,raw_measure
207011521,transport_access,abs-sa2-2021,boundary
207011521,green_space_per_resident,vpa-open-space-snapshot,numerator
207011521,green_space_per_resident,abs-erp-2024-25,denominator
207011521,green_space_per_resident,abs-sa2-2021,boundary
207011522,rent_weekly,abs-census-2021-g02,raw_measure
207011522,rent_weekly,abs-sa2-2021,boundary
207011522,population_growth,abs-erp-2024-25,endpoints
207011522,population_growth,abs-sa2-2021,boundary
207011522,transport_access,dtp-ptal-snapshot,raw_measure
207011522,transport_access,abs-sa2-2021,boundary
207011522,green_space_per_resident,vpa-open-space-snapshot,numerator
207011522,green_space_per_resident,abs-erp-2024-25,denominator
207011522,green_space_per_resident,abs-sa2-2021,boundary
207021156,rent_weekly,abs-census-2021-g02,raw_measure
207021156,rent_weekly,abs-sa2-2021,boundary
207021156,population_growth,abs-erp-2024-25,endpoints
207021156,population_growth,abs-sa2-2021,boundary
207021156,transport_access,dtp-ptal-snapshot,raw_measure
207021156,transport_access,abs-sa2-2021,boundary
207021156,green_space_per_resident,vpa-open-space-snapshot,numerator
207021156,green_space_per_resident,abs-erp-2024-25,denominator
207021156,green_space_per_resident,abs-sa2-2021,boundary
207021157,rent_weekly,abs-census-2021-g02,raw_measure
207021157,rent_weekly,abs-sa2-2021,boundary
207021157,population_growth,abs-erp-2024-25,endpoints
207021157,population_growth,abs-sa2-2021,boundary
207021157,transport_access,dtp-ptal-snapshot,raw_measure
207021157,transport_access,abs-sa2-2021,boundary
207021157,green_space_per_resident,vpa-open-space-snapshot,numerator
207021157,green_space_per_resident,abs-erp-2024-25,denominator
207021157,green_space_per_resident,abs-sa2-2021,boundary
207021159,rent_weekly,abs-census-2021-g02,raw_measure
207021159,rent_weekly,abs-sa2-2021,boundary
207021159,population_growth,abs-erp-2024-25,endpoints
207021159,population_growth,abs-sa2-2021,boundary
207021159,transport_access,dtp-ptal-snapshot,raw_measure
207021159,transport_access,abs-sa2-2021,boundary
207021159,green_space_per_resident,vpa-open-space-snapshot,numerator
207021159,green_space_per_resident,abs-erp-2024-25,denominator
207021159,green_space_per_resident,abs-sa2-2021,boundary
207021160,rent_weekly,abs-census-2021-g02,raw_measure
207021160,rent_weekly,abs-sa2-2021,boundary
207021160,population_growth,abs-erp-2024-25,endpoints
207021160,population_growth,abs-sa2-2021,boundary
207021160,transport_access,dtp-ptal-snapshot,raw_measure
207021160,transport_access,abs-sa2-2021,boundary
207021160,green_space_per_resident,vpa-open-space-snapshot,numerator
207021160,green_space_per_resident,abs-erp-2024-25,denominator
207021160,green_space_per_resident,abs-sa2-2021,boundary
207021424,rent_weekly,abs-census-2021-g02,raw_measure
207021424,rent_weekly,abs-sa2-2021,boundary
207021424,population_growth,abs-erp-2024-25,endpoints
207021424,population_growth,abs-sa2-2021,boundary
207021424,transport_access,dtp-ptal-snapshot,raw_measure
207021424,transport_access,abs-sa2-2021,boundary
207021424,green_space_per_resident,vpa-open-space-snapshot,numerator
207021424,green_space_per_resident,abs-erp-2024-25,denominator
207021424,green_space_per_resident,abs-sa2-2021,boundary
207021425,rent_weekly,abs-census-2021-g02,raw_measure
207021425,rent_weekly,abs-sa2-2021,boundary
207021425,population_growth,abs-erp-2024-25,endpoints
207021425,population_growth,abs-sa2-2021,boundary
207021425,transport_access,dtp-ptal-snapshot,raw_measure
207021425,transport_access,abs-sa2-2021,boundary
207021425,green_space_per_resident,vpa-open-space-snapshot,numerator
207021425,green_space_per_resident,abs-erp-2024-25,denominator
207021425,green_space_per_resident,abs-sa2-2021,boundary
207031161,rent_weekly,abs-census-2021-g02,raw_measure
207031161,rent_weekly,abs-sa2-2021,boundary
207031161,population_growth,abs-erp-2024-25,endpoints
207031161,population_growth,abs-sa2-2021,boundary
207031161,transport_access,dtp-ptal-snapshot,raw_measure
207031161,transport_access,abs-sa2-2021,boundary
207031161,green_space_per_resident,vpa-open-space-snapshot,numerator
207031161,green_space_per_resident,abs-erp-2024-25,denominator
207031161,green_space_per_resident,abs-sa2-2021,boundary
207031162,rent_weekly,abs-census-2021-g02,raw_measure
207031162,rent_weekly,abs-sa2-2021,boundary
207031162,population_growth,abs-erp-2024-25,endpoints
207031162,population_growth,abs-sa2-2021,boundary
207031162,transport_access,dtp-ptal-snapshot,raw_measure
207031162,transport_access,abs-sa2-2021,boundary
207031162,green_space_per_resident,vpa-open-space-snapshot,numerator
207031162,green_space_per_resident,abs-erp-2024-25,denominator
207031162,green_space_per_resident,abs-sa2-2021,boundary
207031163,rent_weekly,abs-census-2021-g02,raw_measure
207031163,rent_weekly,abs-sa2-2021,boundary
207031163,population_growth,abs-erp-2024-25,endpoints
207031163,population_growth,abs-sa2-2021,boundary
207031163,transport_access,dtp-ptal-snapshot,raw_measure
207031163,transport_access,abs-sa2-2021,boundary
207031163,green_space_per_resident,vpa-open-space-snapshot,numerator
207031163,green_space_per_resident,abs-erp-2024-25,denominator
207031163,green_space_per_resident,abs-sa2-2021,boundary
207031164,rent_weekly,abs-census-2021-g02,raw_measure
207031164,rent_weekly,abs-sa2-2021,boundary
207031164,population_growth,abs-erp-2024-25,endpoints
207031164,population_growth,abs-sa2-2021,boundary
207031164,transport_access,dtp-ptal-snapshot,raw_measure
207031164,transport_access,abs-sa2-2021,boundary
207031164,green_space_per_resident,vpa-open-space-snapshot,numerator
207031164,green_space_per_resident,abs-erp-2024-25,denominator
207031164,green_space_per_resident,abs-sa2-2021,boundary
207031165,rent_weekly,abs-census-2021-g02,raw_measure
207031165,rent_weekly,abs-sa2-2021,boundary
207031165,population_growth,abs-erp-2024-25,endpoints
207031165,population_growth,abs-sa2-2021,boundary
207031165,transport_access,dtp-ptal-snapshot,raw_measure
207031165,transport_access,abs-sa2-2021,boundary
207031165,green_space_per_resident,vpa-open-space-snapshot,numerator
207031165,green_space_per_resident,abs-erp-2024-25,denominator
207031165,green_space_per_resident,abs-sa2-2021,boundary
207031166,rent_weekly,abs-census-2021-g02,raw_measure
207031166,rent_weekly,abs-sa2-2021,boundary
207031166,population_growth,abs-erp-2024-25,endpoints
207031166,population_growth,abs-sa2-2021,boundary
207031166,transport_access,dtp-ptal-snapshot,raw_measure
207031166,transport_access,abs-sa2-2021,boundary
207031166,green_space_per_resident,vpa-open-space-snapshot,numerator
207031166,green_space_per_resident,abs-erp-2024-25,denominator
207031166,green_space_per_resident,abs-sa2-2021,boundary
207031167,rent_weekly,abs-census-2021-g02,raw_measure
207031167,rent_weekly,abs-sa2-2021,boundary
207031167,population_growth,abs-erp-2024-25,endpoints
207031167,population_growth,abs-sa2-2021,boundary
207031167,transport_access,dtp-ptal-snapshot,raw_measure
207031167,transport_access,abs-sa2-2021,boundary
207031167,green_space_per_resident,vpa-open-space-snapshot,numerator
207031167,green_space_per_resident,abs-erp-2024-25,denominator
207031167,green_space_per_resident,abs-sa2-2021,boundary
208011168,rent_weekly,abs-census-2021-g02,raw_measure
208011168,rent_weekly,abs-sa2-2021,boundary
208011168,population_growth,abs-erp-2024-25,endpoints
208011168,population_growth,abs-sa2-2021,boundary
208011168,transport_access,dtp-ptal-snapshot,raw_measure
208011168,transport_access,abs-sa2-2021,boundary
208011168,green_space_per_resident,vpa-open-space-snapshot,numerator
208011168,green_space_per_resident,abs-erp-2024-25,denominator
208011168,green_space_per_resident,abs-sa2-2021,boundary
208011169,rent_weekly,abs-census-2021-g02,raw_measure
208011169,rent_weekly,abs-sa2-2021,boundary
208011169,population_growth,abs-erp-2024-25,endpoints
208011169,population_growth,abs-sa2-2021,boundary
208011169,transport_access,dtp-ptal-snapshot,raw_measure
208011169,transport_access,abs-sa2-2021,boundary
208011169,green_space_per_resident,vpa-open-space-snapshot,numerator
208011169,green_space_per_resident,abs-erp-2024-25,denominator
208011169,green_space_per_resident,abs-sa2-2021,boundary
208011170,rent_weekly,abs-census-2021-g02,raw_measure
208011170,rent_weekly,abs-sa2-2021,boundary
208011170,population_growth,abs-erp-2024-25,endpoints
208011170,population_growth,abs-sa2-2021,boundary
208011170,transport_access,dtp-ptal-snapshot,raw_measure
208011170,transport_access,abs-sa2-2021,boundary
208011170,green_space_per_resident,vpa-open-space-snapshot,numerator
208011170,green_space_per_resident,abs-erp-2024-25,denominator
208011170,green_space_per_resident,abs-sa2-2021,boundary
208011171,rent_weekly,abs-census-2021-g02,raw_measure
208011171,rent_weekly,abs-sa2-2021,boundary
208011171,population_growth,abs-erp-2024-25,endpoints
208011171,population_growth,abs-sa2-2021,boundary
208011171,transport_access,dtp-ptal-snapshot,raw_measure
208011171,transport_access,abs-sa2-2021,boundary
208011171,green_space_per_resident,vpa-open-space-snapshot,numerator
208011171,green_space_per_resident,abs-erp-2024-25,denominator
208011171,green_space_per_resident,abs-sa2-2021,boundary
208011172,rent_weekly,abs-census-2021-g02,raw_measure
208011172,rent_weekly,abs-sa2-2021,boundary
208011172,population_growth,abs-erp-2024-25,endpoints
208011172,population_growth,abs-sa2-2021,boundary
208011172,transport_access,dtp-ptal-snapshot,raw_measure
208011172,transport_access,abs-sa2-2021,boundary
208011172,green_space_per_resident,vpa-open-space-snapshot,numerator
208011172,green_space_per_resident,abs-erp-2024-25,denominator
208011172,green_space_per_resident,abs-sa2-2021,boundary
208011173,rent_weekly,abs-census-2021-g02,raw_measure
208011173,rent_weekly,abs-sa2-2021,boundary
208011173,population_growth,abs-erp-2024-25,endpoints
208011173,population_growth,abs-sa2-2021,boundary
208011173,transport_access,dtp-ptal-snapshot,raw_measure
208011173,transport_access,abs-sa2-2021,boundary
208011173,green_space_per_resident,vpa-open-space-snapshot,numerator
208011173,green_space_per_resident,abs-erp-2024-25,denominator
208011173,green_space_per_resident,abs-sa2-2021,boundary
208021174,rent_weekly,abs-census-2021-g02,raw_measure
208021174,rent_weekly,abs-sa2-2021,boundary
208021174,population_growth,abs-erp-2024-25,endpoints
208021174,population_growth,abs-sa2-2021,boundary
208021174,transport_access,dtp-ptal-snapshot,raw_measure
208021174,transport_access,abs-sa2-2021,boundary
208021174,green_space_per_resident,vpa-open-space-snapshot,numerator
208021174,green_space_per_resident,abs-erp-2024-25,denominator
208021174,green_space_per_resident,abs-sa2-2021,boundary
208021176,rent_weekly,abs-census-2021-g02,raw_measure
208021176,rent_weekly,abs-sa2-2021,boundary
208021176,population_growth,abs-erp-2024-25,endpoints
208021176,population_growth,abs-sa2-2021,boundary
208021176,transport_access,dtp-ptal-snapshot,raw_measure
208021176,transport_access,abs-sa2-2021,boundary
208021176,green_space_per_resident,vpa-open-space-snapshot,numerator
208021176,green_space_per_resident,abs-erp-2024-25,denominator
208021176,green_space_per_resident,abs-sa2-2021,boundary
208021177,rent_weekly,abs-census-2021-g02,raw_measure
208021177,rent_weekly,abs-sa2-2021,boundary
208021177,population_growth,abs-erp-2024-25,endpoints
208021177,population_growth,abs-sa2-2021,boundary
208021177,transport_access,dtp-ptal-snapshot,raw_measure
208021177,transport_access,abs-sa2-2021,boundary
208021177,green_space_per_resident,vpa-open-space-snapshot,numerator
208021177,green_space_per_resident,abs-erp-2024-25,denominator
208021177,green_space_per_resident,abs-sa2-2021,boundary
208021178,rent_weekly,abs-census-2021-g02,raw_measure
208021178,rent_weekly,abs-sa2-2021,boundary
208021178,population_growth,abs-erp-2024-25,endpoints
208021178,population_growth,abs-sa2-2021,boundary
208021178,transport_access,dtp-ptal-snapshot,raw_measure
208021178,transport_access,abs-sa2-2021,boundary
208021178,green_space_per_resident,vpa-open-space-snapshot,numerator
208021178,green_space_per_resident,abs-erp-2024-25,denominator
208021178,green_space_per_resident,abs-sa2-2021,boundary
208021179,rent_weekly,abs-census-2021-g02,raw_measure
208021179,rent_weekly,abs-sa2-2021,boundary
208021179,population_growth,abs-erp-2024-25,endpoints
208021179,population_growth,abs-sa2-2021,boundary
208021179,transport_access,dtp-ptal-snapshot,raw_measure
208021179,transport_access,abs-sa2-2021,boundary
208021179,green_space_per_resident,vpa-open-space-snapshot,numerator
208021179,green_space_per_resident,abs-erp-2024-25,denominator
208021179,green_space_per_resident,abs-sa2-2021,boundary
208021180,rent_weekly,abs-census-2021-g02,raw_measure
208021180,rent_weekly,abs-sa2-2021,boundary
208021180,population_growth,abs-erp-2024-25,endpoints
208021180,population_growth,abs-sa2-2021,boundary
208021180,transport_access,dtp-ptal-snapshot,raw_measure
208021180,transport_access,abs-sa2-2021,boundary
208021180,green_space_per_resident,vpa-open-space-snapshot,numerator
208021180,green_space_per_resident,abs-erp-2024-25,denominator
208021180,green_space_per_resident,abs-sa2-2021,boundary
208021181,rent_weekly,abs-census-2021-g02,raw_measure
208021181,rent_weekly,abs-sa2-2021,boundary
208021181,population_growth,abs-erp-2024-25,endpoints
208021181,population_growth,abs-sa2-2021,boundary
208021181,transport_access,dtp-ptal-snapshot,raw_measure
208021181,transport_access,abs-sa2-2021,boundary
208021181,green_space_per_resident,vpa-open-space-snapshot,numerator
208021181,green_space_per_resident,abs-erp-2024-25,denominator
208021181,green_space_per_resident,abs-sa2-2021,boundary
208021182,rent_weekly,abs-census-2021-g02,raw_measure
208021182,rent_weekly,abs-sa2-2021,boundary
208021182,population_growth,abs-erp-2024-25,endpoints
208021182,population_growth,abs-sa2-2021,boundary
208021182,transport_access,dtp-ptal-snapshot,raw_measure
208021182,transport_access,abs-sa2-2021,boundary
208021182,green_space_per_resident,vpa-open-space-snapshot,numerator
208021182,green_space_per_resident,abs-erp-2024-25,denominator
208021182,green_space_per_resident,abs-sa2-2021,boundary
208021426,rent_weekly,abs-census-2021-g02,raw_measure
208021426,rent_weekly,abs-sa2-2021,boundary
208021426,population_growth,abs-erp-2024-25,endpoints
208021426,population_growth,abs-sa2-2021,boundary
208021426,transport_access,dtp-ptal-snapshot,raw_measure
208021426,transport_access,abs-sa2-2021,boundary
208021426,green_space_per_resident,vpa-open-space-snapshot,numerator
208021426,green_space_per_resident,abs-erp-2024-25,denominator
208021426,green_space_per_resident,abs-sa2-2021,boundary
208021427,rent_weekly,abs-census-2021-g02,raw_measure
208021427,rent_weekly,abs-sa2-2021,boundary
208021427,population_growth,abs-erp-2024-25,endpoints
208021427,population_growth,abs-sa2-2021,boundary
208021427,transport_access,dtp-ptal-snapshot,raw_measure
208021427,transport_access,abs-sa2-2021,boundary
208021427,green_space_per_resident,vpa-open-space-snapshot,numerator
208021427,green_space_per_resident,abs-erp-2024-25,denominator
208021427,green_space_per_resident,abs-sa2-2021,boundary
208031183,rent_weekly,abs-census-2021-g02,raw_measure
208031183,rent_weekly,abs-sa2-2021,boundary
208031183,population_growth,abs-erp-2024-25,endpoints
208031183,population_growth,abs-sa2-2021,boundary
208031183,transport_access,dtp-ptal-snapshot,raw_measure
208031183,transport_access,abs-sa2-2021,boundary
208031183,green_space_per_resident,vpa-open-space-snapshot,numerator
208031183,green_space_per_resident,abs-erp-2024-25,denominator
208031183,green_space_per_resident,abs-sa2-2021,boundary
208031184,rent_weekly,abs-census-2021-g02,raw_measure
208031184,rent_weekly,abs-sa2-2021,boundary
208031184,population_growth,abs-erp-2024-25,endpoints
208031184,population_growth,abs-sa2-2021,boundary
208031184,transport_access,dtp-ptal-snapshot,raw_measure
208031184,transport_access,abs-sa2-2021,boundary
208031184,green_space_per_resident,vpa-open-space-snapshot,numerator
208031184,green_space_per_resident,abs-erp-2024-25,denominator
208031184,green_space_per_resident,abs-sa2-2021,boundary
208031185,rent_weekly,abs-census-2021-g02,raw_measure
208031185,rent_weekly,abs-sa2-2021,boundary
208031185,population_growth,abs-erp-2024-25,endpoints
208031185,population_growth,abs-sa2-2021,boundary
208031185,transport_access,dtp-ptal-snapshot,raw_measure
208031185,transport_access,abs-sa2-2021,boundary
208031185,green_space_per_resident,vpa-open-space-snapshot,numerator
208031185,green_space_per_resident,abs-erp-2024-25,denominator
208031185,green_space_per_resident,abs-sa2-2021,boundary
208031186,rent_weekly,abs-census-2021-g02,raw_measure
208031186,rent_weekly,abs-sa2-2021,boundary
208031186,population_growth,abs-erp-2024-25,endpoints
208031186,population_growth,abs-sa2-2021,boundary
208031186,transport_access,dtp-ptal-snapshot,raw_measure
208031186,transport_access,abs-sa2-2021,boundary
208031186,green_space_per_resident,vpa-open-space-snapshot,numerator
208031186,green_space_per_resident,abs-erp-2024-25,denominator
208031186,green_space_per_resident,abs-sa2-2021,boundary
208031187,rent_weekly,abs-census-2021-g02,raw_measure
208031187,rent_weekly,abs-sa2-2021,boundary
208031187,population_growth,abs-erp-2024-25,endpoints
208031187,population_growth,abs-sa2-2021,boundary
208031187,transport_access,dtp-ptal-snapshot,raw_measure
208031187,transport_access,abs-sa2-2021,boundary
208031187,green_space_per_resident,vpa-open-space-snapshot,numerator
208031187,green_space_per_resident,abs-erp-2024-25,denominator
208031187,green_space_per_resident,abs-sa2-2021,boundary
208031188,rent_weekly,abs-census-2021-g02,raw_measure
208031188,rent_weekly,abs-sa2-2021,boundary
208031188,population_growth,abs-erp-2024-25,endpoints
208031188,population_growth,abs-sa2-2021,boundary
208031188,transport_access,dtp-ptal-snapshot,raw_measure
208031188,transport_access,abs-sa2-2021,boundary
208031188,green_space_per_resident,vpa-open-space-snapshot,numerator
208031188,green_space_per_resident,abs-erp-2024-25,denominator
208031188,green_space_per_resident,abs-sa2-2021,boundary
208031189,rent_weekly,abs-census-2021-g02,raw_measure
208031189,rent_weekly,abs-sa2-2021,boundary
208031189,population_growth,abs-erp-2024-25,endpoints
208031189,population_growth,abs-sa2-2021,boundary
208031189,transport_access,dtp-ptal-snapshot,raw_measure
208031189,transport_access,abs-sa2-2021,boundary
208031189,green_space_per_resident,vpa-open-space-snapshot,numerator
208031189,green_space_per_resident,abs-erp-2024-25,denominator
208031189,green_space_per_resident,abs-sa2-2021,boundary
208031190,rent_weekly,abs-census-2021-g02,raw_measure
208031190,rent_weekly,abs-sa2-2021,boundary
208031190,population_growth,abs-erp-2024-25,endpoints
208031190,population_growth,abs-sa2-2021,boundary
208031190,transport_access,dtp-ptal-snapshot,raw_measure
208031190,transport_access,abs-sa2-2021,boundary
208031190,green_space_per_resident,vpa-open-space-snapshot,numerator
208031190,green_space_per_resident,abs-erp-2024-25,denominator
208031190,green_space_per_resident,abs-sa2-2021,boundary
208031191,rent_weekly,abs-census-2021-g02,raw_measure
208031191,rent_weekly,abs-sa2-2021,boundary
208031191,population_growth,abs-erp-2024-25,endpoints
208031191,population_growth,abs-sa2-2021,boundary
208031191,transport_access,dtp-ptal-snapshot,raw_measure
208031191,transport_access,abs-sa2-2021,boundary
208031191,green_space_per_resident,vpa-open-space-snapshot,numerator
208031191,green_space_per_resident,abs-erp-2024-25,denominator
208031191,green_space_per_resident,abs-sa2-2021,boundary
208031192,rent_weekly,abs-census-2021-g02,raw_measure
208031192,rent_weekly,abs-sa2-2021,boundary
208031192,population_growth,abs-erp-2024-25,endpoints
208031192,population_growth,abs-sa2-2021,boundary
208031192,transport_access,dtp-ptal-snapshot,raw_measure
208031192,transport_access,abs-sa2-2021,boundary
208031192,green_space_per_resident,vpa-open-space-snapshot,numerator
208031192,green_space_per_resident,abs-erp-2024-25,denominator
208031192,green_space_per_resident,abs-sa2-2021,boundary
208031193,rent_weekly,abs-census-2021-g02,raw_measure
208031193,rent_weekly,abs-sa2-2021,boundary
208031193,population_growth,abs-erp-2024-25,endpoints
208031193,population_growth,abs-sa2-2021,boundary
208031193,transport_access,dtp-ptal-snapshot,raw_measure
208031193,transport_access,abs-sa2-2021,boundary
208031193,green_space_per_resident,vpa-open-space-snapshot,numerator
208031193,green_space_per_resident,abs-erp-2024-25,denominator
208031193,green_space_per_resident,abs-sa2-2021,boundary
208041194,rent_weekly,abs-census-2021-g02,raw_measure
208041194,rent_weekly,abs-sa2-2021,boundary
208041194,population_growth,abs-erp-2024-25,endpoints
208041194,population_growth,abs-sa2-2021,boundary
208041194,transport_access,dtp-ptal-snapshot,raw_measure
208041194,transport_access,abs-sa2-2021,boundary
208041194,green_space_per_resident,vpa-open-space-snapshot,numerator
208041194,green_space_per_resident,abs-erp-2024-25,denominator
208041194,green_space_per_resident,abs-sa2-2021,boundary
208041195,rent_weekly,abs-census-2021-g02,raw_measure
208041195,rent_weekly,abs-sa2-2021,boundary
208041195,population_growth,abs-erp-2024-25,endpoints
208041195,population_growth,abs-sa2-2021,boundary
208041195,transport_access,dtp-ptal-snapshot,raw_measure
208041195,transport_access,abs-sa2-2021,boundary
208041195,green_space_per_resident,vpa-open-space-snapshot,numerator
208041195,green_space_per_resident,abs-erp-2024-25,denominator
208041195,green_space_per_resident,abs-sa2-2021,boundary
209011196,rent_weekly,abs-census-2021-g02,raw_measure
209011196,rent_weekly,abs-sa2-2021,boundary
209011196,population_growth,abs-erp-2024-25,endpoints
209011196,population_growth,abs-sa2-2021,boundary
209011196,transport_access,dtp-ptal-snapshot,raw_measure
209011196,transport_access,abs-sa2-2021,boundary
209011196,green_space_per_resident,vpa-open-space-snapshot,numerator
209011196,green_space_per_resident,abs-erp-2024-25,denominator
209011196,green_space_per_resident,abs-sa2-2021,boundary
209011197,rent_weekly,abs-census-2021-g02,raw_measure
209011197,rent_weekly,abs-sa2-2021,boundary
209011197,population_growth,abs-erp-2024-25,endpoints
209011197,population_growth,abs-sa2-2021,boundary
209011197,transport_access,dtp-ptal-snapshot,raw_measure
209011197,transport_access,abs-sa2-2021,boundary
209011197,green_space_per_resident,vpa-open-space-snapshot,numerator
209011197,green_space_per_resident,abs-erp-2024-25,denominator
209011197,green_space_per_resident,abs-sa2-2021,boundary
209011198,rent_weekly,abs-census-2021-g02,raw_measure
209011198,rent_weekly,abs-sa2-2021,boundary
209011198,population_growth,abs-erp-2024-25,endpoints
209011198,population_growth,abs-sa2-2021,boundary
209011198,transport_access,dtp-ptal-snapshot,raw_measure
209011198,transport_access,abs-sa2-2021,boundary
209011198,green_space_per_resident,vpa-open-space-snapshot,numerator
209011198,green_space_per_resident,abs-erp-2024-25,denominator
209011198,green_space_per_resident,abs-sa2-2021,boundary
209011199,rent_weekly,abs-census-2021-g02,raw_measure
209011199,rent_weekly,abs-sa2-2021,boundary
209011199,population_growth,abs-erp-2024-25,endpoints
209011199,population_growth,abs-sa2-2021,boundary
209011199,transport_access,dtp-ptal-snapshot,raw_measure
209011199,transport_access,abs-sa2-2021,boundary
209011199,green_space_per_resident,vpa-open-space-snapshot,numerator
209011199,green_space_per_resident,abs-erp-2024-25,denominator
209011199,green_space_per_resident,abs-sa2-2021,boundary
209011200,rent_weekly,abs-census-2021-g02,raw_measure
209011200,rent_weekly,abs-sa2-2021,boundary
209011200,population_growth,abs-erp-2024-25,endpoints
209011200,population_growth,abs-sa2-2021,boundary
209011200,transport_access,dtp-ptal-snapshot,raw_measure
209011200,transport_access,abs-sa2-2021,boundary
209011200,green_space_per_resident,vpa-open-space-snapshot,numerator
209011200,green_space_per_resident,abs-erp-2024-25,denominator
209011200,green_space_per_resident,abs-sa2-2021,boundary
209011201,rent_weekly,abs-census-2021-g02,raw_measure
209011201,rent_weekly,abs-sa2-2021,boundary
209011201,population_growth,abs-erp-2024-25,endpoints
209011201,population_growth,abs-sa2-2021,boundary
209011201,transport_access,dtp-ptal-snapshot,raw_measure
209011201,transport_access,abs-sa2-2021,boundary
209011201,green_space_per_resident,vpa-open-space-snapshot,numerator
209011201,green_space_per_resident,abs-erp-2024-25,denominator
209011201,green_space_per_resident,abs-sa2-2021,boundary
209011202,rent_weekly,abs-census-2021-g02,raw_measure
209011202,rent_weekly,abs-sa2-2021,boundary
209011202,population_growth,abs-erp-2024-25,endpoints
209011202,population_growth,abs-sa2-2021,boundary
209011202,transport_access,dtp-ptal-snapshot,raw_measure
209011202,transport_access,abs-sa2-2021,boundary
209011202,green_space_per_resident,vpa-open-space-snapshot,numerator
209011202,green_space_per_resident,abs-erp-2024-25,denominator
209011202,green_space_per_resident,abs-sa2-2021,boundary
209011203,rent_weekly,abs-census-2021-g02,raw_measure
209011203,rent_weekly,abs-sa2-2021,boundary
209011203,population_growth,abs-erp-2024-25,endpoints
209011203,population_growth,abs-sa2-2021,boundary
209011203,transport_access,dtp-ptal-snapshot,raw_measure
209011203,transport_access,abs-sa2-2021,boundary
209011203,green_space_per_resident,vpa-open-space-snapshot,numerator
209011203,green_space_per_resident,abs-erp-2024-25,denominator
209011203,green_space_per_resident,abs-sa2-2021,boundary
209011204,rent_weekly,abs-census-2021-g02,raw_measure
209011204,rent_weekly,abs-sa2-2021,boundary
209011204,population_growth,abs-erp-2024-25,endpoints
209011204,population_growth,abs-sa2-2021,boundary
209011204,transport_access,dtp-ptal-snapshot,raw_measure
209011204,transport_access,abs-sa2-2021,boundary
209011204,green_space_per_resident,vpa-open-space-snapshot,numerator
209011204,green_space_per_resident,abs-erp-2024-25,denominator
209011204,green_space_per_resident,abs-sa2-2021,boundary
209021205,rent_weekly,abs-census-2021-g02,raw_measure
209021205,rent_weekly,abs-sa2-2021,boundary
209021205,population_growth,abs-erp-2024-25,endpoints
209021205,population_growth,abs-sa2-2021,boundary
209021205,transport_access,dtp-ptal-snapshot,raw_measure
209021205,transport_access,abs-sa2-2021,boundary
209021205,green_space_per_resident,vpa-open-space-snapshot,numerator
209021205,green_space_per_resident,abs-erp-2024-25,denominator
209021205,green_space_per_resident,abs-sa2-2021,boundary
209021428,rent_weekly,abs-census-2021-g02,raw_measure
209021428,rent_weekly,abs-sa2-2021,boundary
209021428,population_growth,abs-erp-2024-25,endpoints
209021428,population_growth,abs-sa2-2021,boundary
209021428,transport_access,dtp-ptal-snapshot,raw_measure
209021428,transport_access,abs-sa2-2021,boundary
209021428,green_space_per_resident,vpa-open-space-snapshot,numerator
209021428,green_space_per_resident,abs-erp-2024-25,denominator
209021428,green_space_per_resident,abs-sa2-2021,boundary
209021429,rent_weekly,abs-census-2021-g02,raw_measure
209021429,rent_weekly,abs-sa2-2021,boundary
209021429,population_growth,abs-erp-2024-25,endpoints
209021429,population_growth,abs-sa2-2021,boundary
209021429,transport_access,dtp-ptal-snapshot,raw_measure
209021429,transport_access,abs-sa2-2021,boundary
209021429,green_space_per_resident,vpa-open-space-snapshot,numerator
209021429,green_space_per_resident,abs-erp-2024-25,denominator
209021429,green_space_per_resident,abs-sa2-2021,boundary
209021523,rent_weekly,abs-census-2021-g02,raw_measure
209021523,rent_weekly,abs-sa2-2021,boundary
209021523,population_growth,abs-erp-2024-25,endpoints
209021523,population_growth,abs-sa2-2021,boundary
209021523,transport_access,dtp-ptal-snapshot,raw_measure
209021523,transport_access,abs-sa2-2021,boundary
209021523,green_space_per_resident,vpa-open-space-snapshot,numerator
209021523,green_space_per_resident,abs-erp-2024-25,denominator
209021523,green_space_per_resident,abs-sa2-2021,boundary
209021524,rent_weekly,abs-census-2021-g02,raw_measure
209021524,rent_weekly,abs-sa2-2021,boundary
209021524,population_growth,abs-erp-2024-25,endpoints
209021524,population_growth,abs-sa2-2021,boundary
209021524,transport_access,dtp-ptal-snapshot,raw_measure
209021524,transport_access,abs-sa2-2021,boundary
209021524,green_space_per_resident,vpa-open-space-snapshot,numerator
209021524,green_space_per_resident,abs-erp-2024-25,denominator
209021524,green_space_per_resident,abs-sa2-2021,boundary
209021525,rent_weekly,abs-census-2021-g02,raw_measure
209021525,rent_weekly,abs-sa2-2021,boundary
209021525,population_growth,abs-erp-2024-25,endpoints
209021525,population_growth,abs-sa2-2021,boundary
209021525,transport_access,dtp-ptal-snapshot,raw_measure
209021525,transport_access,abs-sa2-2021,boundary
209021525,green_space_per_resident,vpa-open-space-snapshot,numerator
209021525,green_space_per_resident,abs-erp-2024-25,denominator
209021525,green_space_per_resident,abs-sa2-2021,boundary
209021526,rent_weekly,abs-census-2021-g02,raw_measure
209021526,rent_weekly,abs-sa2-2021,boundary
209021526,population_growth,abs-erp-2024-25,endpoints
209021526,population_growth,abs-sa2-2021,boundary
209021526,transport_access,dtp-ptal-snapshot,raw_measure
209021526,transport_access,abs-sa2-2021,boundary
209021526,green_space_per_resident,vpa-open-space-snapshot,numerator
209021526,green_space_per_resident,abs-erp-2024-25,denominator
209021526,green_space_per_resident,abs-sa2-2021,boundary
209031209,rent_weekly,abs-census-2021-g02,raw_measure
209031209,rent_weekly,abs-sa2-2021,boundary
209031209,population_growth,abs-erp-2024-25,endpoints
209031209,population_growth,abs-sa2-2021,boundary
209031209,transport_access,dtp-ptal-snapshot,raw_measure
209031209,transport_access,abs-sa2-2021,boundary
209031209,green_space_per_resident,vpa-open-space-snapshot,numerator
209031209,green_space_per_resident,abs-erp-2024-25,denominator
209031209,green_space_per_resident,abs-sa2-2021,boundary
209031210,rent_weekly,abs-census-2021-g02,raw_measure
209031210,rent_weekly,abs-sa2-2021,boundary
209031210,population_growth,abs-erp-2024-25,endpoints
209031210,population_growth,abs-sa2-2021,boundary
209031210,transport_access,dtp-ptal-snapshot,raw_measure
209031210,transport_access,abs-sa2-2021,boundary
209031210,green_space_per_resident,vpa-open-space-snapshot,numerator
209031210,green_space_per_resident,abs-erp-2024-25,denominator
209031210,green_space_per_resident,abs-sa2-2021,boundary
209031211,rent_weekly,abs-census-2021-g02,raw_measure
209031211,rent_weekly,abs-sa2-2021,boundary
209031211,population_growth,abs-erp-2024-25,endpoints
209031211,population_growth,abs-sa2-2021,boundary
209031211,transport_access,dtp-ptal-snapshot,raw_measure
209031211,transport_access,abs-sa2-2021,boundary
209031211,green_space_per_resident,vpa-open-space-snapshot,numerator
209031211,green_space_per_resident,abs-erp-2024-25,denominator
209031211,green_space_per_resident,abs-sa2-2021,boundary
209031212,rent_weekly,abs-census-2021-g02,raw_measure
209031212,rent_weekly,abs-sa2-2021,boundary
209031212,population_growth,abs-erp-2024-25,endpoints
209031212,population_growth,abs-sa2-2021,boundary
209031212,transport_access,dtp-ptal-snapshot,raw_measure
209031212,transport_access,abs-sa2-2021,boundary
209031212,green_space_per_resident,vpa-open-space-snapshot,numerator
209031212,green_space_per_resident,abs-erp-2024-25,denominator
209031212,green_space_per_resident,abs-sa2-2021,boundary
209031213,rent_weekly,abs-census-2021-g02,raw_measure
209031213,rent_weekly,abs-sa2-2021,boundary
209031213,population_growth,abs-erp-2024-25,endpoints
209031213,population_growth,abs-sa2-2021,boundary
209031213,transport_access,dtp-ptal-snapshot,raw_measure
209031213,transport_access,abs-sa2-2021,boundary
209031213,green_space_per_resident,vpa-open-space-snapshot,numerator
209031213,green_space_per_resident,abs-erp-2024-25,denominator
209031213,green_space_per_resident,abs-sa2-2021,boundary
209031214,rent_weekly,abs-census-2021-g02,raw_measure
209031214,rent_weekly,abs-sa2-2021,boundary
209031214,population_growth,abs-erp-2024-25,endpoints
209031214,population_growth,abs-sa2-2021,boundary
209031214,transport_access,dtp-ptal-snapshot,raw_measure
209031214,transport_access,abs-sa2-2021,boundary
209031214,green_space_per_resident,vpa-open-space-snapshot,numerator
209031214,green_space_per_resident,abs-erp-2024-25,denominator
209031214,green_space_per_resident,abs-sa2-2021,boundary
209031215,rent_weekly,abs-census-2021-g02,raw_measure
209031215,rent_weekly,abs-sa2-2021,boundary
209031215,population_growth,abs-erp-2024-25,endpoints
209031215,population_growth,abs-sa2-2021,boundary
209031215,transport_access,dtp-ptal-snapshot,raw_measure
209031215,transport_access,abs-sa2-2021,boundary
209031215,green_space_per_resident,vpa-open-space-snapshot,numerator
209031215,green_space_per_resident,abs-erp-2024-25,denominator
209031215,green_space_per_resident,abs-sa2-2021,boundary
209041216,rent_weekly,abs-census-2021-g02,raw_measure
209041216,rent_weekly,abs-sa2-2021,boundary
209041216,population_growth,abs-erp-2024-25,endpoints
209041216,population_growth,abs-sa2-2021,boundary
209041216,transport_access,dtp-ptal-snapshot,raw_measure
209041216,transport_access,abs-sa2-2021,boundary
209041216,green_space_per_resident,vpa-open-space-snapshot,numerator
209041216,green_space_per_resident,abs-erp-2024-25,denominator
209041216,green_space_per_resident,abs-sa2-2021,boundary
209041217,rent_weekly,abs-census-2021-g02,raw_measure
209041217,rent_weekly,abs-sa2-2021,boundary
209041217,population_growth,abs-erp-2024-25,endpoints
209041217,population_growth,abs-sa2-2021,boundary
209041217,transport_access,dtp-ptal-snapshot,raw_measure
209041217,transport_access,abs-sa2-2021,boundary
209041217,green_space_per_resident,vpa-open-space-snapshot,numerator
209041217,green_space_per_resident,abs-erp-2024-25,denominator
209041217,green_space_per_resident,abs-sa2-2021,boundary
209041220,rent_weekly,abs-census-2021-g02,raw_measure
209041220,rent_weekly,abs-sa2-2021,boundary
209041220,population_growth,abs-erp-2024-25,endpoints
209041220,population_growth,abs-sa2-2021,boundary
209041220,transport_access,dtp-ptal-snapshot,raw_measure
209041220,transport_access,abs-sa2-2021,boundary
209041220,green_space_per_resident,vpa-open-space-snapshot,numerator
209041220,green_space_per_resident,abs-erp-2024-25,denominator
209041220,green_space_per_resident,abs-sa2-2021,boundary
209041221,rent_weekly,abs-census-2021-g02,raw_measure
209041221,rent_weekly,abs-sa2-2021,boundary
209041221,population_growth,abs-erp-2024-25,endpoints
209041221,population_growth,abs-sa2-2021,boundary
209041221,transport_access,dtp-ptal-snapshot,raw_measure
209041221,transport_access,abs-sa2-2021,boundary
209041221,green_space_per_resident,vpa-open-space-snapshot,numerator
209041221,green_space_per_resident,abs-erp-2024-25,denominator
209041221,green_space_per_resident,abs-sa2-2021,boundary
209041223,rent_weekly,abs-census-2021-g02,raw_measure
209041223,rent_weekly,abs-sa2-2021,boundary
209041223,population_growth,abs-erp-2024-25,endpoints
209041223,population_growth,abs-sa2-2021,boundary
209041223,transport_access,dtp-ptal-snapshot,raw_measure
209041223,transport_access,abs-sa2-2021,boundary
209041223,green_space_per_resident,vpa-open-space-snapshot,numerator
209041223,green_space_per_resident,abs-erp-2024-25,denominator
209041223,green_space_per_resident,abs-sa2-2021,boundary
209041224,rent_weekly,abs-census-2021-g02,raw_measure
209041224,rent_weekly,abs-sa2-2021,boundary
209041224,population_growth,abs-erp-2024-25,endpoints
209041224,population_growth,abs-sa2-2021,boundary
209041224,transport_access,dtp-ptal-snapshot,raw_measure
209041224,transport_access,abs-sa2-2021,boundary
209041224,green_space_per_resident,vpa-open-space-snapshot,numerator
209041224,green_space_per_resident,abs-erp-2024-25,denominator
209041224,green_space_per_resident,abs-sa2-2021,boundary
209041225,rent_weekly,abs-census-2021-g02,raw_measure
209041225,rent_weekly,abs-sa2-2021,boundary
209041225,population_growth,abs-erp-2024-25,endpoints
209041225,population_growth,abs-sa2-2021,boundary
209041225,transport_access,dtp-ptal-snapshot,raw_measure
209041225,transport_access,abs-sa2-2021,boundary
209041225,green_space_per_resident,vpa-open-space-snapshot,numerator
209041225,green_space_per_resident,abs-erp-2024-25,denominator
209041225,green_space_per_resident,abs-sa2-2021,boundary
209041431,rent_weekly,abs-census-2021-g02,raw_measure
209041431,rent_weekly,abs-sa2-2021,boundary
209041431,population_growth,abs-erp-2024-25,endpoints
209041431,population_growth,abs-sa2-2021,boundary
209041431,transport_access,dtp-ptal-snapshot,raw_measure
209041431,transport_access,abs-sa2-2021,boundary
209041431,green_space_per_resident,vpa-open-space-snapshot,numerator
209041431,green_space_per_resident,abs-erp-2024-25,denominator
209041431,green_space_per_resident,abs-sa2-2021,boundary
209041432,rent_weekly,abs-census-2021-g02,raw_measure
209041432,rent_weekly,abs-sa2-2021,boundary
209041432,population_growth,abs-erp-2024-25,endpoints
209041432,population_growth,abs-sa2-2021,boundary
209041432,transport_access,dtp-ptal-snapshot,raw_measure
209041432,transport_access,abs-sa2-2021,boundary
209041432,green_space_per_resident,vpa-open-space-snapshot,numerator
209041432,green_space_per_resident,abs-erp-2024-25,denominator
209041432,green_space_per_resident,abs-sa2-2021,boundary
209041433,rent_weekly,abs-census-2021-g02,raw_measure
209041433,rent_weekly,abs-sa2-2021,boundary
209041433,population_growth,abs-erp-2024-25,endpoints
209041433,population_growth,abs-sa2-2021,boundary
209041433,transport_access,dtp-ptal-snapshot,raw_measure
209041433,transport_access,abs-sa2-2021,boundary
209041433,green_space_per_resident,vpa-open-space-snapshot,numerator
209041433,green_space_per_resident,abs-erp-2024-25,denominator
209041433,green_space_per_resident,abs-sa2-2021,boundary
209041435,rent_weekly,abs-census-2021-g02,raw_measure
209041435,rent_weekly,abs-sa2-2021,boundary
209041435,population_growth,abs-erp-2024-25,endpoints
209041435,population_growth,abs-sa2-2021,boundary
209041435,transport_access,dtp-ptal-snapshot,raw_measure
209041435,transport_access,abs-sa2-2021,boundary
209041435,green_space_per_resident,vpa-open-space-snapshot,numerator
209041435,green_space_per_resident,abs-erp-2024-25,denominator
209041435,green_space_per_resident,abs-sa2-2021,boundary
209041436,rent_weekly,abs-census-2021-g02,raw_measure
209041436,rent_weekly,abs-sa2-2021,boundary
209041436,population_growth,abs-erp-2024-25,endpoints
209041436,population_growth,abs-sa2-2021,boundary
209041436,transport_access,dtp-ptal-snapshot,raw_measure
209041436,transport_access,abs-sa2-2021,boundary
209041436,green_space_per_resident,vpa-open-space-snapshot,numerator
209041436,green_space_per_resident,abs-erp-2024-25,denominator
209041436,green_space_per_resident,abs-sa2-2021,boundary
209041437,rent_weekly,abs-census-2021-g02,raw_measure
209041437,rent_weekly,abs-sa2-2021,boundary
209041437,population_growth,abs-erp-2024-25,endpoints
209041437,population_growth,abs-sa2-2021,boundary
209041437,transport_access,dtp-ptal-snapshot,raw_measure
209041437,transport_access,abs-sa2-2021,boundary
209041437,green_space_per_resident,vpa-open-space-snapshot,numerator
209041437,green_space_per_resident,abs-erp-2024-25,denominator
209041437,green_space_per_resident,abs-sa2-2021,boundary
209041527,rent_weekly,abs-census-2021-g02,raw_measure
209041527,rent_weekly,abs-sa2-2021,boundary
209041527,population_growth,abs-erp-2024-25,endpoints
209041527,population_growth,abs-sa2-2021,boundary
209041527,transport_access,dtp-ptal-snapshot,raw_measure
209041527,transport_access,abs-sa2-2021,boundary
209041527,green_space_per_resident,vpa-open-space-snapshot,numerator
209041527,green_space_per_resident,abs-erp-2024-25,denominator
209041527,green_space_per_resident,abs-sa2-2021,boundary
209041528,rent_weekly,abs-census-2021-g02,raw_measure
209041528,rent_weekly,abs-sa2-2021,boundary
209041528,population_growth,abs-erp-2024-25,endpoints
209041528,population_growth,abs-sa2-2021,boundary
209041528,transport_access,dtp-ptal-snapshot,raw_measure
209041528,transport_access,abs-sa2-2021,boundary
209041528,green_space_per_resident,vpa-open-space-snapshot,numerator
209041528,green_space_per_resident,abs-erp-2024-25,denominator
209041528,green_space_per_resident,abs-sa2-2021,boundary
209041529,rent_weekly,abs-census-2021-g02,raw_measure
209041529,rent_weekly,abs-sa2-2021,boundary
209041529,population_growth,abs-erp-2024-25,endpoints
209041529,population_growth,abs-sa2-2021,boundary
209041529,transport_access,dtp-ptal-snapshot,raw_measure
209041529,transport_access,abs-sa2-2021,boundary
209041529,green_space_per_resident,vpa-open-space-snapshot,numerator
209041529,green_space_per_resident,abs-erp-2024-25,denominator
209041529,green_space_per_resident,abs-sa2-2021,boundary
209041530,rent_weekly,abs-census-2021-g02,raw_measure
209041530,rent_weekly,abs-sa2-2021,boundary
209041530,population_growth,abs-erp-2024-25,endpoints
209041530,population_growth,abs-sa2-2021,boundary
209041530,transport_access,dtp-ptal-snapshot,raw_measure
209041530,transport_access,abs-sa2-2021,boundary
209041530,green_space_per_resident,vpa-open-space-snapshot,numerator
209041530,green_space_per_resident,abs-erp-2024-25,denominator
209041530,green_space_per_resident,abs-sa2-2021,boundary
209041531,rent_weekly,abs-census-2021-g02,raw_measure
209041531,rent_weekly,abs-sa2-2021,boundary
209041531,population_growth,abs-erp-2024-25,endpoints
209041531,population_growth,abs-sa2-2021,boundary
209041531,transport_access,dtp-ptal-snapshot,raw_measure
209041531,transport_access,abs-sa2-2021,boundary
209041531,green_space_per_resident,vpa-open-space-snapshot,numerator
209041531,green_space_per_resident,abs-erp-2024-25,denominator
209041531,green_space_per_resident,abs-sa2-2021,boundary
209041532,rent_weekly,abs-census-2021-g02,raw_measure
209041532,rent_weekly,abs-sa2-2021,boundary
209041532,population_growth,abs-erp-2024-25,endpoints
209041532,population_growth,abs-sa2-2021,boundary
209041532,transport_access,dtp-ptal-snapshot,raw_measure
209041532,transport_access,abs-sa2-2021,boundary
209041532,green_space_per_resident,vpa-open-space-snapshot,numerator
209041532,green_space_per_resident,abs-erp-2024-25,denominator
209041532,green_space_per_resident,abs-sa2-2021,boundary
210011226,rent_weekly,abs-census-2021-g02,raw_measure
210011226,rent_weekly,abs-sa2-2021,boundary
210011226,population_growth,abs-erp-2024-25,endpoints
210011226,population_growth,abs-sa2-2021,boundary
210011226,transport_access,dtp-ptal-snapshot,raw_measure
210011226,transport_access,abs-sa2-2021,boundary
210011226,green_space_per_resident,vpa-open-space-snapshot,numerator
210011226,green_space_per_resident,abs-erp-2024-25,denominator
210011226,green_space_per_resident,abs-sa2-2021,boundary
210011227,rent_weekly,abs-census-2021-g02,raw_measure
210011227,rent_weekly,abs-sa2-2021,boundary
210011227,population_growth,abs-erp-2024-25,endpoints
210011227,population_growth,abs-sa2-2021,boundary
210011227,transport_access,dtp-ptal-snapshot,raw_measure
210011227,transport_access,abs-sa2-2021,boundary
210011227,green_space_per_resident,vpa-open-space-snapshot,numerator
210011227,green_space_per_resident,abs-erp-2024-25,denominator
210011227,green_space_per_resident,abs-sa2-2021,boundary
210011228,rent_weekly,abs-census-2021-g02,raw_measure
210011228,rent_weekly,abs-sa2-2021,boundary
210011228,population_growth,abs-erp-2024-25,endpoints
210011228,population_growth,abs-sa2-2021,boundary
210011228,transport_access,dtp-ptal-snapshot,raw_measure
210011228,transport_access,abs-sa2-2021,boundary
210011228,green_space_per_resident,vpa-open-space-snapshot,numerator
210011228,green_space_per_resident,abs-erp-2024-25,denominator
210011228,green_space_per_resident,abs-sa2-2021,boundary
210011230,rent_weekly,abs-census-2021-g02,raw_measure
210011230,rent_weekly,abs-sa2-2021,boundary
210011230,population_growth,abs-erp-2024-25,endpoints
210011230,population_growth,abs-sa2-2021,boundary
210011230,transport_access,dtp-ptal-snapshot,raw_measure
210011230,transport_access,abs-sa2-2021,boundary
210011230,green_space_per_resident,vpa-open-space-snapshot,numerator
210011230,green_space_per_resident,abs-erp-2024-25,denominator
210011230,green_space_per_resident,abs-sa2-2021,boundary
210011231,rent_weekly,abs-census-2021-g02,raw_measure
210011231,rent_weekly,abs-sa2-2021,boundary
210011231,population_growth,abs-erp-2024-25,endpoints
210011231,population_growth,abs-sa2-2021,boundary
210011231,transport_access,dtp-ptal-snapshot,raw_measure
210011231,transport_access,abs-sa2-2021,boundary
210011231,green_space_per_resident,vpa-open-space-snapshot,numerator
210011231,green_space_per_resident,abs-erp-2024-25,denominator
210011231,green_space_per_resident,abs-sa2-2021,boundary
210011533,rent_weekly,abs-census-2021-g02,raw_measure
210011533,rent_weekly,abs-sa2-2021,boundary
210011533,population_growth,abs-erp-2024-25,endpoints
210011533,population_growth,abs-sa2-2021,boundary
210011533,transport_access,dtp-ptal-snapshot,raw_measure
210011533,transport_access,abs-sa2-2021,boundary
210011533,green_space_per_resident,vpa-open-space-snapshot,numerator
210011533,green_space_per_resident,abs-erp-2024-25,denominator
210011533,green_space_per_resident,abs-sa2-2021,boundary
210011534,rent_weekly,abs-census-2021-g02,raw_measure
210011534,rent_weekly,abs-sa2-2021,boundary
210011534,population_growth,abs-erp-2024-25,endpoints
210011534,population_growth,abs-sa2-2021,boundary
210011534,transport_access,dtp-ptal-snapshot,raw_measure
210011534,transport_access,abs-sa2-2021,boundary
210011534,green_space_per_resident,vpa-open-space-snapshot,numerator
210011534,green_space_per_resident,abs-erp-2024-25,denominator
210011534,green_space_per_resident,abs-sa2-2021,boundary
210021232,rent_weekly,abs-census-2021-g02,raw_measure
210021232,rent_weekly,abs-sa2-2021,boundary
210021232,population_growth,abs-erp-2024-25,endpoints
210021232,population_growth,abs-sa2-2021,boundary
210021232,transport_access,dtp-ptal-snapshot,raw_measure
210021232,transport_access,abs-sa2-2021,boundary
210021232,green_space_per_resident,vpa-open-space-snapshot,numerator
210021232,green_space_per_resident,abs-erp-2024-25,denominator
210021232,green_space_per_resident,abs-sa2-2021,boundary
210021233,rent_weekly,abs-census-2021-g02,raw_measure
210021233,rent_weekly,abs-sa2-2021,boundary
210021233,population_growth,abs-erp-2024-25,endpoints
210021233,population_growth,abs-sa2-2021,boundary
210021233,transport_access,dtp-ptal-snapshot,raw_measure
210021233,transport_access,abs-sa2-2021,boundary
210021233,green_space_per_resident,vpa-open-space-snapshot,numerator
210021233,green_space_per_resident,abs-erp-2024-25,denominator
210021233,green_space_per_resident,abs-sa2-2021,boundary
210021234,rent_weekly,abs-census-2021-g02,raw_measure
210021234,rent_weekly,abs-sa2-2021,boundary
210021234,population_growth,abs-erp-2024-25,endpoints
210021234,population_growth,abs-sa2-2021,boundary
210021234,transport_access,dtp-ptal-snapshot,raw_measure
210021234,transport_access,abs-sa2-2021,boundary
210021234,green_space_per_resident,vpa-open-space-snapshot,numerator
210021234,green_space_per_resident,abs-erp-2024-25,denominator
210021234,green_space_per_resident,abs-sa2-2021,boundary
210021235,rent_weekly,abs-census-2021-g02,raw_measure
210021235,rent_weekly,abs-sa2-2021,boundary
210021235,population_growth,abs-erp-2024-25,endpoints
210021235,population_growth,abs-sa2-2021,boundary
210021235,transport_access,dtp-ptal-snapshot,raw_measure
210021235,transport_access,abs-sa2-2021,boundary
210021235,green_space_per_resident,vpa-open-space-snapshot,numerator
210021235,green_space_per_resident,abs-erp-2024-25,denominator
210021235,green_space_per_resident,abs-sa2-2021,boundary
210031236,rent_weekly,abs-census-2021-g02,raw_measure
210031236,rent_weekly,abs-sa2-2021,boundary
210031236,population_growth,abs-erp-2024-25,endpoints
210031236,population_growth,abs-sa2-2021,boundary
210031236,transport_access,dtp-ptal-snapshot,raw_measure
210031236,transport_access,abs-sa2-2021,boundary
210031236,green_space_per_resident,vpa-open-space-snapshot,numerator
210031236,green_space_per_resident,abs-erp-2024-25,denominator
210031236,green_space_per_resident,abs-sa2-2021,boundary
210031237,rent_weekly,abs-census-2021-g02,raw_measure
210031237,rent_weekly,abs-sa2-2021,boundary
210031237,population_growth,abs-erp-2024-25,endpoints
210031237,population_growth,abs-sa2-2021,boundary
210031237,transport_access,dtp-ptal-snapshot,raw_measure
210031237,transport_access,abs-sa2-2021,boundary
210031237,green_space_per_resident,vpa-open-space-snapshot,numerator
210031237,green_space_per_resident,abs-erp-2024-25,denominator
210031237,green_space_per_resident,abs-sa2-2021,boundary
210031439,rent_weekly,abs-census-2021-g02,raw_measure
210031439,rent_weekly,abs-sa2-2021,boundary
210031439,population_growth,abs-erp-2024-25,endpoints
210031439,population_growth,abs-sa2-2021,boundary
210031439,transport_access,dtp-ptal-snapshot,raw_measure
210031439,transport_access,abs-sa2-2021,boundary
210031439,green_space_per_resident,vpa-open-space-snapshot,numerator
210031439,green_space_per_resident,abs-erp-2024-25,denominator
210031439,green_space_per_resident,abs-sa2-2021,boundary
210031440,rent_weekly,abs-census-2021-g02,raw_measure
210031440,rent_weekly,abs-sa2-2021,boundary
210031440,population_growth,abs-erp-2024-25,endpoints
210031440,population_growth,abs-sa2-2021,boundary
210031440,transport_access,dtp-ptal-snapshot,raw_measure
210031440,transport_access,abs-sa2-2021,boundary
210031440,green_space_per_resident,vpa-open-space-snapshot,numerator
210031440,green_space_per_resident,abs-erp-2024-25,denominator
210031440,green_space_per_resident,abs-sa2-2021,boundary
210031535,rent_weekly,abs-census-2021-g02,raw_measure
210031535,rent_weekly,abs-sa2-2021,boundary
210031535,population_growth,abs-erp-2024-25,endpoints
210031535,population_growth,abs-sa2-2021,boundary
210031535,transport_access,dtp-ptal-snapshot,raw_measure
210031535,transport_access,abs-sa2-2021,boundary
210031535,green_space_per_resident,vpa-open-space-snapshot,numerator
210031535,green_space_per_resident,abs-erp-2024-25,denominator
210031535,green_space_per_resident,abs-sa2-2021,boundary
210031536,rent_weekly,abs-census-2021-g02,raw_measure
210031536,rent_weekly,abs-sa2-2021,boundary
210031536,population_growth,abs-erp-2024-25,endpoints
210031536,population_growth,abs-sa2-2021,boundary
210031536,transport_access,dtp-ptal-snapshot,raw_measure
210031536,transport_access,abs-sa2-2021,boundary
210031536,green_space_per_resident,vpa-open-space-snapshot,numerator
210031536,green_space_per_resident,abs-erp-2024-25,denominator
210031536,green_space_per_resident,abs-sa2-2021,boundary
210031537,rent_weekly,abs-census-2021-g02,raw_measure
210031537,rent_weekly,abs-sa2-2021,boundary
210031537,population_growth,abs-erp-2024-25,endpoints
210031537,population_growth,abs-sa2-2021,boundary
210031537,transport_access,dtp-ptal-snapshot,raw_measure
210031537,transport_access,abs-sa2-2021,boundary
210031537,green_space_per_resident,vpa-open-space-snapshot,numerator
210031537,green_space_per_resident,abs-erp-2024-25,denominator
210031537,green_space_per_resident,abs-sa2-2021,boundary
210031538,rent_weekly,abs-census-2021-g02,raw_measure
210031538,rent_weekly,abs-sa2-2021,boundary
210031538,population_growth,abs-erp-2024-25,endpoints
210031538,population_growth,abs-sa2-2021,boundary
210031538,transport_access,dtp-ptal-snapshot,raw_measure
210031538,transport_access,abs-sa2-2021,boundary
210031538,green_space_per_resident,vpa-open-space-snapshot,numerator
210031538,green_space_per_resident,abs-erp-2024-25,denominator
210031538,green_space_per_resident,abs-sa2-2021,boundary
210041240,rent_weekly,abs-census-2021-g02,raw_measure
210041240,rent_weekly,abs-sa2-2021,boundary
210041240,population_growth,abs-erp-2024-25,endpoints
210041240,population_growth,abs-sa2-2021,boundary
210041240,transport_access,dtp-ptal-snapshot,raw_measure
210041240,transport_access,abs-sa2-2021,boundary
210041240,green_space_per_resident,vpa-open-space-snapshot,numerator
210041240,green_space_per_resident,abs-erp-2024-25,denominator
210041240,green_space_per_resident,abs-sa2-2021,boundary
210041539,rent_weekly,abs-census-2021-g02,raw_measure
210041539,rent_weekly,abs-sa2-2021,boundary
210041539,population_growth,abs-erp-2024-25,endpoints
210041539,population_growth,abs-sa2-2021,boundary
210041539,transport_access,dtp-ptal-snapshot,raw_measure
210041539,transport_access,abs-sa2-2021,boundary
210041539,green_space_per_resident,vpa-open-space-snapshot,numerator
210041539,green_space_per_resident,abs-erp-2024-25,denominator
210041539,green_space_per_resident,abs-sa2-2021,boundary
210041540,rent_weekly,abs-census-2021-g02,raw_measure
210041540,rent_weekly,abs-sa2-2021,boundary
210041540,population_growth,abs-erp-2024-25,endpoints
210041540,population_growth,abs-sa2-2021,boundary
210041540,transport_access,dtp-ptal-snapshot,raw_measure
210041540,transport_access,abs-sa2-2021,boundary
210041540,green_space_per_resident,vpa-open-space-snapshot,numerator
210041540,green_space_per_resident,abs-erp-2024-25,denominator
210041540,green_space_per_resident,abs-sa2-2021,boundary
210041541,rent_weekly,abs-census-2021-g02,raw_measure
210041541,rent_weekly,abs-sa2-2021,boundary
210041541,population_growth,abs-erp-2024-25,endpoints
210041541,population_growth,abs-sa2-2021,boundary
210041541,transport_access,dtp-ptal-snapshot,raw_measure
210041541,transport_access,abs-sa2-2021,boundary
210041541,green_space_per_resident,vpa-open-space-snapshot,numerator
210041541,green_space_per_resident,abs-erp-2024-25,denominator
210041541,green_space_per_resident,abs-sa2-2021,boundary
210051242,rent_weekly,abs-census-2021-g02,raw_measure
210051242,rent_weekly,abs-sa2-2021,boundary
210051242,population_growth,abs-erp-2024-25,endpoints
210051242,population_growth,abs-sa2-2021,boundary
210051242,transport_access,dtp-ptal-snapshot,raw_measure
210051242,transport_access,abs-sa2-2021,boundary
210051242,green_space_per_resident,vpa-open-space-snapshot,numerator
210051242,green_space_per_resident,abs-erp-2024-25,denominator
210051242,green_space_per_resident,abs-sa2-2021,boundary
210051243,rent_weekly,abs-census-2021-g02,raw_measure
210051243,rent_weekly,abs-sa2-2021,boundary
210051243,population_growth,abs-erp-2024-25,endpoints
210051243,population_growth,abs-sa2-2021,boundary
210051243,transport_access,dtp-ptal-snapshot,raw_measure
210051243,transport_access,abs-sa2-2021,boundary
210051243,green_space_per_resident,vpa-open-space-snapshot,numerator
210051243,green_space_per_resident,abs-erp-2024-25,denominator
210051243,green_space_per_resident,abs-sa2-2021,boundary
210051245,rent_weekly,abs-census-2021-g02,raw_measure
210051245,rent_weekly,abs-sa2-2021,boundary
210051245,population_growth,abs-erp-2024-25,endpoints
210051245,population_growth,abs-sa2-2021,boundary
210051245,transport_access,dtp-ptal-snapshot,raw_measure
210051245,transport_access,abs-sa2-2021,boundary
210051245,green_space_per_resident,vpa-open-space-snapshot,numerator
210051245,green_space_per_resident,abs-erp-2024-25,denominator
210051245,green_space_per_resident,abs-sa2-2021,boundary
210051246,rent_weekly,abs-census-2021-g02,raw_measure
210051246,rent_weekly,abs-sa2-2021,boundary
210051246,population_growth,abs-erp-2024-25,endpoints
210051246,population_growth,abs-sa2-2021,boundary
210051246,transport_access,dtp-ptal-snapshot,raw_measure
210051246,transport_access,abs-sa2-2021,boundary
210051246,green_space_per_resident,vpa-open-space-snapshot,numerator
210051246,green_space_per_resident,abs-erp-2024-25,denominator
210051246,green_space_per_resident,abs-sa2-2021,boundary
210051247,rent_weekly,abs-census-2021-g02,raw_measure
210051247,rent_weekly,abs-sa2-2021,boundary
210051247,population_growth,abs-erp-2024-25,endpoints
210051247,population_growth,abs-sa2-2021,boundary
210051247,transport_access,dtp-ptal-snapshot,raw_measure
210051247,transport_access,abs-sa2-2021,boundary
210051247,green_space_per_resident,vpa-open-space-snapshot,numerator
210051247,green_space_per_resident,abs-erp-2024-25,denominator
210051247,green_space_per_resident,abs-sa2-2021,boundary
210051248,rent_weekly,abs-census-2021-g02,raw_measure
210051248,rent_weekly,abs-sa2-2021,boundary
210051248,population_growth,abs-erp-2024-25,endpoints
210051248,population_growth,abs-sa2-2021,boundary
210051248,transport_access,dtp-ptal-snapshot,raw_measure
210051248,transport_access,abs-sa2-2021,boundary
210051248,green_space_per_resident,vpa-open-space-snapshot,numerator
210051248,green_space_per_resident,abs-erp-2024-25,denominator
210051248,green_space_per_resident,abs-sa2-2021,boundary
210051250,rent_weekly,abs-census-2021-g02,raw_measure
210051250,rent_weekly,abs-sa2-2021,boundary
210051250,population_growth,abs-erp-2024-25,endpoints
210051250,population_growth,abs-sa2-2021,boundary
210051250,transport_access,dtp-ptal-snapshot,raw_measure
210051250,transport_access,abs-sa2-2021,boundary
210051250,green_space_per_resident,vpa-open-space-snapshot,numerator
210051250,green_space_per_resident,abs-erp-2024-25,denominator
210051250,green_space_per_resident,abs-sa2-2021,boundary
210051441,rent_weekly,abs-census-2021-g02,raw_measure
210051441,rent_weekly,abs-sa2-2021,boundary
210051441,population_growth,abs-erp-2024-25,endpoints
210051441,population_growth,abs-sa2-2021,boundary
210051441,transport_access,dtp-ptal-snapshot,raw_measure
210051441,transport_access,abs-sa2-2021,boundary
210051441,green_space_per_resident,vpa-open-space-snapshot,numerator
210051441,green_space_per_resident,abs-erp-2024-25,denominator
210051441,green_space_per_resident,abs-sa2-2021,boundary
210051442,rent_weekly,abs-census-2021-g02,raw_measure
210051442,rent_weekly,abs-sa2-2021,boundary
210051442,population_growth,abs-erp-2024-25,endpoints
210051442,population_growth,abs-sa2-2021,boundary
210051442,transport_access,dtp-ptal-snapshot,raw_measure
210051442,transport_access,abs-sa2-2021,boundary
210051442,green_space_per_resident,vpa-open-space-snapshot,numerator
210051442,green_space_per_resident,abs-erp-2024-25,denominator
210051442,green_space_per_resident,abs-sa2-2021,boundary
210051443,rent_weekly,abs-census-2021-g02,raw_measure
210051443,rent_weekly,abs-sa2-2021,boundary
210051443,population_growth,abs-erp-2024-25,endpoints
210051443,population_growth,abs-sa2-2021,boundary
210051443,transport_access,dtp-ptal-snapshot,raw_measure
210051443,transport_access,abs-sa2-2021,boundary
210051443,green_space_per_resident,vpa-open-space-snapshot,numerator
210051443,green_space_per_resident,abs-erp-2024-25,denominator
210051443,green_space_per_resident,abs-sa2-2021,boundary
210051445,rent_weekly,abs-census-2021-g02,raw_measure
210051445,rent_weekly,abs-sa2-2021,boundary
210051445,population_growth,abs-erp-2024-25,endpoints
210051445,population_growth,abs-sa2-2021,boundary
210051445,transport_access,dtp-ptal-snapshot,raw_measure
210051445,transport_access,abs-sa2-2021,boundary
210051445,green_space_per_resident,vpa-open-space-snapshot,numerator
210051445,green_space_per_resident,abs-erp-2024-25,denominator
210051445,green_space_per_resident,abs-sa2-2021,boundary
210051542,rent_weekly,abs-census-2021-g02,raw_measure
210051542,rent_weekly,abs-sa2-2021,boundary
210051542,population_growth,abs-erp-2024-25,endpoints
210051542,population_growth,abs-sa2-2021,boundary
210051542,transport_access,dtp-ptal-snapshot,raw_measure
210051542,transport_access,abs-sa2-2021,boundary
210051542,green_space_per_resident,vpa-open-space-snapshot,numerator
210051542,green_space_per_resident,abs-erp-2024-25,denominator
210051542,green_space_per_resident,abs-sa2-2021,boundary
210051543,rent_weekly,abs-census-2021-g02,raw_measure
210051543,rent_weekly,abs-sa2-2021,boundary
210051543,population_growth,abs-erp-2024-25,endpoints
210051543,population_growth,abs-sa2-2021,boundary
210051543,transport_access,dtp-ptal-snapshot,raw_measure
210051543,transport_access,abs-sa2-2021,boundary
210051543,green_space_per_resident,vpa-open-space-snapshot,numerator
210051543,green_space_per_resident,abs-erp-2024-25,denominator
210051543,green_space_per_resident,abs-sa2-2021,boundary
210051544,rent_weekly,abs-census-2021-g02,raw_measure
210051544,rent_weekly,abs-sa2-2021,boundary
210051544,population_growth,abs-erp-2024-25,endpoints
210051544,population_growth,abs-sa2-2021,boundary
210051544,transport_access,dtp-ptal-snapshot,raw_measure
210051544,transport_access,abs-sa2-2021,boundary
210051544,green_space_per_resident,vpa-open-space-snapshot,numerator
210051544,green_space_per_resident,abs-erp-2024-25,denominator
210051544,green_space_per_resident,abs-sa2-2021,boundary
210051545,rent_weekly,abs-census-2021-g02,raw_measure
210051545,rent_weekly,abs-sa2-2021,boundary
210051545,population_growth,abs-erp-2024-25,endpoints
210051545,population_growth,abs-sa2-2021,boundary
210051545,transport_access,dtp-ptal-snapshot,raw_measure
210051545,transport_access,abs-sa2-2021,boundary
210051545,green_space_per_resident,vpa-open-space-snapshot,numerator
210051545,green_space_per_resident,abs-erp-2024-25,denominator
210051545,green_space_per_resident,abs-sa2-2021,boundary
211011251,rent_weekly,abs-census-2021-g02,raw_measure
211011251,rent_weekly,abs-sa2-2021,boundary
211011251,population_growth,abs-erp-2024-25,endpoints
211011251,population_growth,abs-sa2-2021,boundary
211011251,transport_access,dtp-ptal-snapshot,raw_measure
211011251,transport_access,abs-sa2-2021,boundary
211011251,green_space_per_resident,vpa-open-space-snapshot,numerator
211011251,green_space_per_resident,abs-erp-2024-25,denominator
211011251,green_space_per_resident,abs-sa2-2021,boundary
211011254,rent_weekly,abs-census-2021-g02,raw_measure
211011254,rent_weekly,abs-sa2-2021,boundary
211011254,population_growth,abs-erp-2024-25,endpoints
211011254,population_growth,abs-sa2-2021,boundary
211011254,transport_access,dtp-ptal-snapshot,raw_measure
211011254,transport_access,abs-sa2-2021,boundary
211011254,green_space_per_resident,vpa-open-space-snapshot,numerator
211011254,green_space_per_resident,abs-erp-2024-25,denominator
211011254,green_space_per_resident,abs-sa2-2021,boundary
211011255,rent_weekly,abs-census-2021-g02,raw_measure
211011255,rent_weekly,abs-sa2-2021,boundary
211011255,population_growth,abs-erp-2024-25,endpoints
211011255,population_growth,abs-sa2-2021,boundary
211011255,transport_access,dtp-ptal-snapshot,raw_measure
211011255,transport_access,abs-sa2-2021,boundary
211011255,green_space_per_resident,vpa-open-space-snapshot,numerator
211011255,green_space_per_resident,abs-erp-2024-25,denominator
211011255,green_space_per_resident,abs-sa2-2021,boundary
211011256,rent_weekly,abs-census-2021-g02,raw_measure
211011256,rent_weekly,abs-sa2-2021,boundary
211011256,population_growth,abs-erp-2024-25,endpoints
211011256,population_growth,abs-sa2-2021,boundary
211011256,transport_access,dtp-ptal-snapshot,raw_measure
211011256,transport_access,abs-sa2-2021,boundary
211011256,green_space_per_resident,vpa-open-space-snapshot,numerator
211011256,green_space_per_resident,abs-erp-2024-25,denominator
211011256,green_space_per_resident,abs-sa2-2021,boundary
211011257,rent_weekly,abs-census-2021-g02,raw_measure
211011257,rent_weekly,abs-sa2-2021,boundary
211011257,population_growth,abs-erp-2024-25,endpoints
211011257,population_growth,abs-sa2-2021,boundary
211011257,transport_access,dtp-ptal-snapshot,raw_measure
211011257,transport_access,abs-sa2-2021,boundary
211011257,green_space_per_resident,vpa-open-space-snapshot,numerator
211011257,green_space_per_resident,abs-erp-2024-25,denominator
211011257,green_space_per_resident,abs-sa2-2021,boundary
211011258,rent_weekly,abs-census-2021-g02,raw_measure
211011258,rent_weekly,abs-sa2-2021,boundary
211011258,population_growth,abs-erp-2024-25,endpoints
211011258,population_growth,abs-sa2-2021,boundary
211011258,transport_access,dtp-ptal-snapshot,raw_measure
211011258,transport_access,abs-sa2-2021,boundary
211011258,green_space_per_resident,vpa-open-space-snapshot,numerator
211011258,green_space_per_resident,abs-erp-2024-25,denominator
211011258,green_space_per_resident,abs-sa2-2021,boundary
211011259,rent_weekly,abs-census-2021-g02,raw_measure
211011259,rent_weekly,abs-sa2-2021,boundary
211011259,population_growth,abs-erp-2024-25,endpoints
211011259,population_growth,abs-sa2-2021,boundary
211011259,transport_access,dtp-ptal-snapshot,raw_measure
211011259,transport_access,abs-sa2-2021,boundary
211011259,green_space_per_resident,vpa-open-space-snapshot,numerator
211011259,green_space_per_resident,abs-erp-2024-25,denominator
211011259,green_space_per_resident,abs-sa2-2021,boundary
211011260,rent_weekly,abs-census-2021-g02,raw_measure
211011260,rent_weekly,abs-sa2-2021,boundary
211011260,population_growth,abs-erp-2024-25,endpoints
211011260,population_growth,abs-sa2-2021,boundary
211011260,transport_access,dtp-ptal-snapshot,raw_measure
211011260,transport_access,abs-sa2-2021,boundary
211011260,green_space_per_resident,vpa-open-space-snapshot,numerator
211011260,green_space_per_resident,abs-erp-2024-25,denominator
211011260,green_space_per_resident,abs-sa2-2021,boundary
211011446,rent_weekly,abs-census-2021-g02,raw_measure
211011446,rent_weekly,abs-sa2-2021,boundary
211011446,population_growth,abs-erp-2024-25,endpoints
211011446,population_growth,abs-sa2-2021,boundary
211011446,transport_access,dtp-ptal-snapshot,raw_measure
211011446,transport_access,abs-sa2-2021,boundary
211011446,green_space_per_resident,vpa-open-space-snapshot,numerator
211011446,green_space_per_resident,abs-erp-2024-25,denominator
211011446,green_space_per_resident,abs-sa2-2021,boundary
211011447,rent_weekly,abs-census-2021-g02,raw_measure
211011447,rent_weekly,abs-sa2-2021,boundary
211011447,population_growth,abs-erp-2024-25,endpoints
211011447,population_growth,abs-sa2-2021,boundary
211011447,transport_access,dtp-ptal-snapshot,raw_measure
211011447,transport_access,abs-sa2-2021,boundary
211011447,green_space_per_resident,vpa-open-space-snapshot,numerator
211011447,green_space_per_resident,abs-erp-2024-25,denominator
211011447,green_space_per_resident,abs-sa2-2021,boundary
211011448,rent_weekly,abs-census-2021-g02,raw_measure
211011448,rent_weekly,abs-sa2-2021,boundary
211011448,population_growth,abs-erp-2024-25,endpoints
211011448,population_growth,abs-sa2-2021,boundary
211011448,transport_access,dtp-ptal-snapshot,raw_measure
211011448,transport_access,abs-sa2-2021,boundary
211011448,green_space_per_resident,vpa-open-space-snapshot,numerator
211011448,green_space_per_resident,abs-erp-2024-25,denominator
211011448,green_space_per_resident,abs-sa2-2021,boundary
211011449,rent_weekly,abs-census-2021-g02,raw_measure
211011449,rent_weekly,abs-sa2-2021,boundary
211011449,population_growth,abs-erp-2024-25,endpoints
211011449,population_growth,abs-sa2-2021,boundary
211011449,transport_access,dtp-ptal-snapshot,raw_measure
211011449,transport_access,abs-sa2-2021,boundary
211011449,green_space_per_resident,vpa-open-space-snapshot,numerator
211011449,green_space_per_resident,abs-erp-2024-25,denominator
211011449,green_space_per_resident,abs-sa2-2021,boundary
211021261,rent_weekly,abs-census-2021-g02,raw_measure
211021261,rent_weekly,abs-sa2-2021,boundary
211021261,population_growth,abs-erp-2024-25,endpoints
211021261,population_growth,abs-sa2-2021,boundary
211021261,transport_access,dtp-ptal-snapshot,raw_measure
211021261,transport_access,abs-sa2-2021,boundary
211021261,green_space_per_resident,vpa-open-space-snapshot,numerator
211021261,green_space_per_resident,abs-erp-2024-25,denominator
211021261,green_space_per_resident,abs-sa2-2021,boundary
211021262,rent_weekly,abs-census-2021-g02,raw_measure
211021262,rent_weekly,abs-sa2-2021,boundary
211021262,population_growth,abs-erp-2024-25,endpoints
211021262,population_growth,abs-sa2-2021,boundary
211021262,transport_access,dtp-ptal-snapshot,raw_measure
211021262,transport_access,abs-sa2-2021,boundary
211021262,green_space_per_resident,vpa-open-space-snapshot,numerator
211021262,green_space_per_resident,abs-erp-2024-25,denominator
211021262,green_space_per_resident,abs-sa2-2021,boundary
211031263,rent_weekly,abs-census-2021-g02,raw_measure
211031263,rent_weekly,abs-sa2-2021,boundary
211031263,population_growth,abs-erp-2024-25,endpoints
211031263,population_growth,abs-sa2-2021,boundary
211031263,transport_access,dtp-ptal-snapshot,raw_measure
211031263,transport_access,abs-sa2-2021,boundary
211031263,green_space_per_resident,vpa-open-space-snapshot,numerator
211031263,green_space_per_resident,abs-erp-2024-25,denominator
211031263,green_space_per_resident,abs-sa2-2021,boundary
211031265,rent_weekly,abs-census-2021-g02,raw_measure
211031265,rent_weekly,abs-sa2-2021,boundary
211031265,population_growth,abs-erp-2024-25,endpoints
211031265,population_growth,abs-sa2-2021,boundary
211031265,transport_access,dtp-ptal-snapshot,raw_measure
211031265,transport_access,abs-sa2-2021,boundary
211031265,green_space_per_resident,vpa-open-space-snapshot,numerator
211031265,green_space_per_resident,abs-erp-2024-25,denominator
211031265,green_space_per_resident,abs-sa2-2021,boundary
211031266,rent_weekly,abs-census-2021-g02,raw_measure
211031266,rent_weekly,abs-sa2-2021,boundary
211031266,population_growth,abs-erp-2024-25,endpoints
211031266,population_growth,abs-sa2-2021,boundary
211031266,transport_access,dtp-ptal-snapshot,raw_measure
211031266,transport_access,abs-sa2-2021,boundary
211031266,green_space_per_resident,vpa-open-space-snapshot,numerator
211031266,green_space_per_resident,abs-erp-2024-25,denominator
211031266,green_space_per_resident,abs-sa2-2021,boundary
211031267,rent_weekly,abs-census-2021-g02,raw_measure
211031267,rent_weekly,abs-sa2-2021,boundary
211031267,population_growth,abs-erp-2024-25,endpoints
211031267,population_growth,abs-sa2-2021,boundary
211031267,transport_access,dtp-ptal-snapshot,raw_measure
211031267,transport_access,abs-sa2-2021,boundary
211031267,green_space_per_resident,vpa-open-space-snapshot,numerator
211031267,green_space_per_resident,abs-erp-2024-25,denominator
211031267,green_space_per_resident,abs-sa2-2021,boundary
211031268,rent_weekly,abs-census-2021-g02,raw_measure
211031268,rent_weekly,abs-sa2-2021,boundary
211031268,population_growth,abs-erp-2024-25,endpoints
211031268,population_growth,abs-sa2-2021,boundary
211031268,transport_access,dtp-ptal-snapshot,raw_measure
211031268,transport_access,abs-sa2-2021,boundary
211031268,green_space_per_resident,vpa-open-space-snapshot,numerator
211031268,green_space_per_resident,abs-erp-2024-25,denominator
211031268,green_space_per_resident,abs-sa2-2021,boundary
211031450,rent_weekly,abs-census-2021-g02,raw_measure
211031450,rent_weekly,abs-sa2-2021,boundary
211031450,population_growth,abs-erp-2024-25,endpoints
211031450,population_growth,abs-sa2-2021,boundary
211031450,transport_access,dtp-ptal-snapshot,raw_measure
211031450,transport_access,abs-sa2-2021,boundary
211031450,green_space_per_resident,vpa-open-space-snapshot,numerator
211031450,green_space_per_resident,abs-erp-2024-25,denominator
211031450,green_space_per_resident,abs-sa2-2021,boundary
211031451,rent_weekly,abs-census-2021-g02,raw_measure
211031451,rent_weekly,abs-sa2-2021,boundary
211031451,population_growth,abs-erp-2024-25,endpoints
211031451,population_growth,abs-sa2-2021,boundary
211031451,transport_access,dtp-ptal-snapshot,raw_measure
211031451,transport_access,abs-sa2-2021,boundary
211031451,green_space_per_resident,vpa-open-space-snapshot,numerator
211031451,green_space_per_resident,abs-erp-2024-25,denominator
211031451,green_space_per_resident,abs-sa2-2021,boundary
211031452,rent_weekly,abs-census-2021-g02,raw_measure
211031452,rent_weekly,abs-sa2-2021,boundary
211031452,population_growth,abs-erp-2024-25,endpoints
211031452,population_growth,abs-sa2-2021,boundary
211031452,transport_access,dtp-ptal-snapshot,raw_measure
211031452,transport_access,abs-sa2-2021,boundary
211031452,green_space_per_resident,vpa-open-space-snapshot,numerator
211031452,green_space_per_resident,abs-erp-2024-25,denominator
211031452,green_space_per_resident,abs-sa2-2021,boundary
211041269,rent_weekly,abs-census-2021-g02,raw_measure
211041269,rent_weekly,abs-sa2-2021,boundary
211041269,population_growth,abs-erp-2024-25,endpoints
211041269,population_growth,abs-sa2-2021,boundary
211041269,transport_access,dtp-ptal-snapshot,raw_measure
211041269,transport_access,abs-sa2-2021,boundary
211041269,green_space_per_resident,vpa-open-space-snapshot,numerator
211041269,green_space_per_resident,abs-erp-2024-25,denominator
211041269,green_space_per_resident,abs-sa2-2021,boundary
211041270,rent_weekly,abs-census-2021-g02,raw_measure
211041270,rent_weekly,abs-sa2-2021,boundary
211041270,population_growth,abs-erp-2024-25,endpoints
211041270,population_growth,abs-sa2-2021,boundary
211041270,transport_access,dtp-ptal-snapshot,raw_measure
211041270,transport_access,abs-sa2-2021,boundary
211041270,green_space_per_resident,vpa-open-space-snapshot,numerator
211041270,green_space_per_resident,abs-erp-2024-25,denominator
211041270,green_space_per_resident,abs-sa2-2021,boundary
211041271,rent_weekly,abs-census-2021-g02,raw_measure
211041271,rent_weekly,abs-sa2-2021,boundary
211041271,population_growth,abs-erp-2024-25,endpoints
211041271,population_growth,abs-sa2-2021,boundary
211041271,transport_access,dtp-ptal-snapshot,raw_measure
211041271,transport_access,abs-sa2-2021,boundary
211041271,green_space_per_resident,vpa-open-space-snapshot,numerator
211041271,green_space_per_resident,abs-erp-2024-25,denominator
211041271,green_space_per_resident,abs-sa2-2021,boundary
211041272,rent_weekly,abs-census-2021-g02,raw_measure
211041272,rent_weekly,abs-sa2-2021,boundary
211041272,population_growth,abs-erp-2024-25,endpoints
211041272,population_growth,abs-sa2-2021,boundary
211041272,transport_access,dtp-ptal-snapshot,raw_measure
211041272,transport_access,abs-sa2-2021,boundary
211041272,green_space_per_resident,vpa-open-space-snapshot,numerator
211041272,green_space_per_resident,abs-erp-2024-25,denominator
211041272,green_space_per_resident,abs-sa2-2021,boundary
211041273,rent_weekly,abs-census-2021-g02,raw_measure
211041273,rent_weekly,abs-sa2-2021,boundary
211041273,population_growth,abs-erp-2024-25,endpoints
211041273,population_growth,abs-sa2-2021,boundary
211041273,transport_access,dtp-ptal-snapshot,raw_measure
211041273,transport_access,abs-sa2-2021,boundary
211041273,green_space_per_resident,vpa-open-space-snapshot,numerator
211041273,green_space_per_resident,abs-erp-2024-25,denominator
211041273,green_space_per_resident,abs-sa2-2021,boundary
211051274,rent_weekly,abs-census-2021-g02,raw_measure
211051274,rent_weekly,abs-sa2-2021,boundary
211051274,population_growth,abs-erp-2024-25,endpoints
211051274,population_growth,abs-sa2-2021,boundary
211051274,transport_access,dtp-ptal-snapshot,raw_measure
211051274,transport_access,abs-sa2-2021,boundary
211051274,green_space_per_resident,vpa-open-space-snapshot,numerator
211051274,green_space_per_resident,abs-erp-2024-25,denominator
211051274,green_space_per_resident,abs-sa2-2021,boundary
211051275,rent_weekly,abs-census-2021-g02,raw_measure
211051275,rent_weekly,abs-sa2-2021,boundary
211051275,population_growth,abs-erp-2024-25,endpoints
211051275,population_growth,abs-sa2-2021,boundary
211051275,transport_access,dtp-ptal-snapshot,raw_measure
211051275,transport_access,abs-sa2-2021,boundary
211051275,green_space_per_resident,vpa-open-space-snapshot,numerator
211051275,green_space_per_resident,abs-erp-2024-25,denominator
211051275,green_space_per_resident,abs-sa2-2021,boundary
211051276,rent_weekly,abs-census-2021-g02,raw_measure
211051276,rent_weekly,abs-sa2-2021,boundary
211051276,population_growth,abs-erp-2024-25,endpoints
211051276,population_growth,abs-sa2-2021,boundary
211051276,transport_access,dtp-ptal-snapshot,raw_measure
211051276,transport_access,abs-sa2-2021,boundary
211051276,green_space_per_resident,vpa-open-space-snapshot,numerator
211051276,green_space_per_resident,abs-erp-2024-25,denominator
211051276,green_space_per_resident,abs-sa2-2021,boundary
211051277,rent_weekly,abs-census-2021-g02,raw_measure
211051277,rent_weekly,abs-sa2-2021,boundary
211051277,population_growth,abs-erp-2024-25,endpoints
211051277,population_growth,abs-sa2-2021,boundary
211051277,transport_access,dtp-ptal-snapshot,raw_measure
211051277,transport_access,abs-sa2-2021,boundary
211051277,green_space_per_resident,vpa-open-space-snapshot,numerator
211051277,green_space_per_resident,abs-erp-2024-25,denominator
211051277,green_space_per_resident,abs-sa2-2021,boundary
211051278,rent_weekly,abs-census-2021-g02,raw_measure
211051278,rent_weekly,abs-sa2-2021,boundary
211051278,population_growth,abs-erp-2024-25,endpoints
211051278,population_growth,abs-sa2-2021,boundary
211051278,transport_access,dtp-ptal-snapshot,raw_measure
211051278,transport_access,abs-sa2-2021,boundary
211051278,green_space_per_resident,vpa-open-space-snapshot,numerator
211051278,green_space_per_resident,abs-erp-2024-25,denominator
211051278,green_space_per_resident,abs-sa2-2021,boundary
211051279,rent_weekly,abs-census-2021-g02,raw_measure
211051279,rent_weekly,abs-sa2-2021,boundary
211051279,population_growth,abs-erp-2024-25,endpoints
211051279,population_growth,abs-sa2-2021,boundary
211051279,transport_access,dtp-ptal-snapshot,raw_measure
211051279,transport_access,abs-sa2-2021,boundary
211051279,green_space_per_resident,vpa-open-space-snapshot,numerator
211051279,green_space_per_resident,abs-erp-2024-25,denominator
211051279,green_space_per_resident,abs-sa2-2021,boundary
211051280,rent_weekly,abs-census-2021-g02,raw_measure
211051280,rent_weekly,abs-sa2-2021,boundary
211051280,population_growth,abs-erp-2024-25,endpoints
211051280,population_growth,abs-sa2-2021,boundary
211051280,transport_access,dtp-ptal-snapshot,raw_measure
211051280,transport_access,abs-sa2-2021,boundary
211051280,green_space_per_resident,vpa-open-space-snapshot,numerator
211051280,green_space_per_resident,abs-erp-2024-25,denominator
211051280,green_space_per_resident,abs-sa2-2021,boundary
211051281,rent_weekly,abs-census-2021-g02,raw_measure
211051281,rent_weekly,abs-sa2-2021,boundary
211051281,population_growth,abs-erp-2024-25,endpoints
211051281,population_growth,abs-sa2-2021,boundary
211051281,transport_access,dtp-ptal-snapshot,raw_measure
211051281,transport_access,abs-sa2-2021,boundary
211051281,green_space_per_resident,vpa-open-space-snapshot,numerator
211051281,green_space_per_resident,abs-erp-2024-25,denominator
211051281,green_space_per_resident,abs-sa2-2021,boundary
211051282,rent_weekly,abs-census-2021-g02,raw_measure
211051282,rent_weekly,abs-sa2-2021,boundary
211051282,population_growth,abs-erp-2024-25,endpoints
211051282,population_growth,abs-sa2-2021,boundary
211051282,transport_access,dtp-ptal-snapshot,raw_measure
211051282,transport_access,abs-sa2-2021,boundary
211051282,green_space_per_resident,vpa-open-space-snapshot,numerator
211051282,green_space_per_resident,abs-erp-2024-25,denominator
211051282,green_space_per_resident,abs-sa2-2021,boundary
211051283,rent_weekly,abs-census-2021-g02,raw_measure
211051283,rent_weekly,abs-sa2-2021,boundary
211051283,population_growth,abs-erp-2024-25,endpoints
211051283,population_growth,abs-sa2-2021,boundary
211051283,transport_access,dtp-ptal-snapshot,raw_measure
211051283,transport_access,abs-sa2-2021,boundary
211051283,green_space_per_resident,vpa-open-space-snapshot,numerator
211051283,green_space_per_resident,abs-erp-2024-25,denominator
211051283,green_space_per_resident,abs-sa2-2021,boundary
211051284,rent_weekly,abs-census-2021-g02,raw_measure
211051284,rent_weekly,abs-sa2-2021,boundary
211051284,population_growth,abs-erp-2024-25,endpoints
211051284,population_growth,abs-sa2-2021,boundary
211051284,transport_access,dtp-ptal-snapshot,raw_measure
211051284,transport_access,abs-sa2-2021,boundary
211051284,green_space_per_resident,vpa-open-space-snapshot,numerator
211051284,green_space_per_resident,abs-erp-2024-25,denominator
211051284,green_space_per_resident,abs-sa2-2021,boundary
211051285,rent_weekly,abs-census-2021-g02,raw_measure
211051285,rent_weekly,abs-sa2-2021,boundary
211051285,population_growth,abs-erp-2024-25,endpoints
211051285,population_growth,abs-sa2-2021,boundary
211051285,transport_access,dtp-ptal-snapshot,raw_measure
211051285,transport_access,abs-sa2-2021,boundary
211051285,green_space_per_resident,vpa-open-space-snapshot,numerator
211051285,green_space_per_resident,abs-erp-2024-25,denominator
211051285,green_space_per_resident,abs-sa2-2021,boundary
211051286,rent_weekly,abs-census-2021-g02,raw_measure
211051286,rent_weekly,abs-sa2-2021,boundary
211051286,population_growth,abs-erp-2024-25,endpoints
211051286,population_growth,abs-sa2-2021,boundary
211051286,transport_access,dtp-ptal-snapshot,raw_measure
211051286,transport_access,abs-sa2-2021,boundary
211051286,green_space_per_resident,vpa-open-space-snapshot,numerator
211051286,green_space_per_resident,abs-erp-2024-25,denominator
211051286,green_space_per_resident,abs-sa2-2021,boundary
212011289,rent_weekly,abs-census-2021-g02,raw_measure
212011289,rent_weekly,abs-sa2-2021,boundary
212011289,population_growth,abs-erp-2024-25,endpoints
212011289,population_growth,abs-sa2-2021,boundary
212011289,transport_access,dtp-ptal-snapshot,raw_measure
212011289,transport_access,abs-sa2-2021,boundary
212011289,green_space_per_resident,vpa-open-space-snapshot,numerator
212011289,green_space_per_resident,abs-erp-2024-25,denominator
212011289,green_space_per_resident,abs-sa2-2021,boundary
212011546,rent_weekly,abs-census-2021-g02,raw_measure
212011546,rent_weekly,abs-sa2-2021,boundary
212011546,population_growth,abs-erp-2024-25,endpoints
212011546,population_growth,abs-sa2-2021,boundary
212011546,transport_access,dtp-ptal-snapshot,raw_measure
212011546,transport_access,abs-sa2-2021,boundary
212011546,green_space_per_resident,vpa-open-space-snapshot,numerator
212011546,green_space_per_resident,abs-erp-2024-25,denominator
212011546,green_space_per_resident,abs-sa2-2021,boundary
212011547,rent_weekly,abs-census-2021-g02,raw_measure
212011547,rent_weekly,abs-sa2-2021,boundary
212011547,population_growth,abs-erp-2024-25,endpoints
212011547,population_growth,abs-sa2-2021,boundary
212011547,transport_access,dtp-ptal-snapshot,raw_measure
212011547,transport_access,abs-sa2-2021,boundary
212011547,green_space_per_resident,vpa-open-space-snapshot,numerator
212011547,green_space_per_resident,abs-erp-2024-25,denominator
212011547,green_space_per_resident,abs-sa2-2021,boundary
212011548,rent_weekly,abs-census-2021-g02,raw_measure
212011548,rent_weekly,abs-sa2-2021,boundary
212011548,population_growth,abs-erp-2024-25,endpoints
212011548,population_growth,abs-sa2-2021,boundary
212011548,transport_access,dtp-ptal-snapshot,raw_measure
212011548,transport_access,abs-sa2-2021,boundary
212011548,green_space_per_resident,vpa-open-space-snapshot,numerator
212011548,green_space_per_resident,abs-erp-2024-25,denominator
212011548,green_space_per_resident,abs-sa2-2021,boundary
212011549,rent_weekly,abs-census-2021-g02,raw_measure
212011549,rent_weekly,abs-sa2-2021,boundary
212011549,population_growth,abs-erp-2024-25,endpoints
212011549,population_growth,abs-sa2-2021,boundary
212011549,transport_access,dtp-ptal-snapshot,raw_measure
212011549,transport_access,abs-sa2-2021,boundary
212011549,green_space_per_resident,vpa-open-space-snapshot,numerator
212011549,green_space_per_resident,abs-erp-2024-25,denominator
212011549,green_space_per_resident,abs-sa2-2021,boundary
212011550,rent_weekly,abs-census-2021-g02,raw_measure
212011550,rent_weekly,abs-sa2-2021,boundary
212011550,population_growth,abs-erp-2024-25,endpoints
212011550,population_growth,abs-sa2-2021,boundary
212011550,transport_access,dtp-ptal-snapshot,raw_measure
212011550,transport_access,abs-sa2-2021,boundary
212011550,green_space_per_resident,vpa-open-space-snapshot,numerator
212011550,green_space_per_resident,abs-erp-2024-25,denominator
212011550,green_space_per_resident,abs-sa2-2021,boundary
212011551,rent_weekly,abs-census-2021-g02,raw_measure
212011551,rent_weekly,abs-sa2-2021,boundary
212011551,population_growth,abs-erp-2024-25,endpoints
212011551,population_growth,abs-sa2-2021,boundary
212011551,transport_access,dtp-ptal-snapshot,raw_measure
212011551,transport_access,abs-sa2-2021,boundary
212011551,green_space_per_resident,vpa-open-space-snapshot,numerator
212011551,green_space_per_resident,abs-erp-2024-25,denominator
212011551,green_space_per_resident,abs-sa2-2021,boundary
212011552,rent_weekly,abs-census-2021-g02,raw_measure
212011552,rent_weekly,abs-sa2-2021,boundary
212011552,population_growth,abs-erp-2024-25,endpoints
212011552,population_growth,abs-sa2-2021,boundary
212011552,transport_access,dtp-ptal-snapshot,raw_measure
212011552,transport_access,abs-sa2-2021,boundary
212011552,green_space_per_resident,vpa-open-space-snapshot,numerator
212011552,green_space_per_resident,abs-erp-2024-25,denominator
212011552,green_space_per_resident,abs-sa2-2021,boundary
212021293,rent_weekly,abs-census-2021-g02,raw_measure
212021293,rent_weekly,abs-sa2-2021,boundary
212021293,population_growth,abs-erp-2024-25,endpoints
212021293,population_growth,abs-sa2-2021,boundary
212021293,transport_access,dtp-ptal-snapshot,raw_measure
212021293,transport_access,abs-sa2-2021,boundary
212021293,green_space_per_resident,vpa-open-space-snapshot,numerator
212021293,green_space_per_resident,abs-erp-2024-25,denominator
212021293,green_space_per_resident,abs-sa2-2021,boundary
212021295,rent_weekly,abs-census-2021-g02,raw_measure
212021295,rent_weekly,abs-sa2-2021,boundary
212021295,population_growth,abs-erp-2024-25,endpoints
212021295,population_growth,abs-sa2-2021,boundary
212021295,transport_access,dtp-ptal-snapshot,raw_measure
212021295,transport_access,abs-sa2-2021,boundary
212021295,green_space_per_resident,vpa-open-space-snapshot,numerator
212021295,green_space_per_resident,abs-erp-2024-25,denominator
212021295,green_space_per_resident,abs-sa2-2021,boundary
212021297,rent_weekly,abs-census-2021-g02,raw_measure
212021297,rent_weekly,abs-sa2-2021,boundary
212021297,population_growth,abs-erp-2024-25,endpoints
212021297,population_growth,abs-sa2-2021,boundary
212021297,transport_access,dtp-ptal-snapshot,raw_measure
212021297,transport_access,abs-sa2-2021,boundary
212021297,green_space_per_resident,vpa-open-space-snapshot,numerator
212021297,green_space_per_resident,abs-erp-2024-25,denominator
212021297,green_space_per_resident,abs-sa2-2021,boundary
212021299,rent_weekly,abs-census-2021-g02,raw_measure
212021299,rent_weekly,abs-sa2-2021,boundary
212021299,population_growth,abs-erp-2024-25,endpoints
212021299,population_growth,abs-sa2-2021,boundary
212021299,transport_access,dtp-ptal-snapshot,raw_measure
212021299,transport_access,abs-sa2-2021,boundary
212021299,green_space_per_resident,vpa-open-space-snapshot,numerator
212021299,green_space_per_resident,abs-erp-2024-25,denominator
212021299,green_space_per_resident,abs-sa2-2021,boundary
212021453,rent_weekly,abs-census-2021-g02,raw_measure
212021453,rent_weekly,abs-sa2-2021,boundary
212021453,population_growth,abs-erp-2024-25,endpoints
212021453,population_growth,abs-sa2-2021,boundary
212021453,transport_access,dtp-ptal-snapshot,raw_measure
212021453,transport_access,abs-sa2-2021,boundary
212021453,green_space_per_resident,vpa-open-space-snapshot,numerator
212021453,green_space_per_resident,abs-erp-2024-25,denominator
212021453,green_space_per_resident,abs-sa2-2021,boundary
212021454,rent_weekly,abs-census-2021-g02,raw_measure
212021454,rent_weekly,abs-sa2-2021,boundary
212021454,population_growth,abs-erp-2024-25,endpoints
212021454,population_growth,abs-sa2-2021,boundary
212021454,transport_access,dtp-ptal-snapshot,raw_measure
212021454,transport_access,abs-sa2-2021,boundary
212021454,green_space_per_resident,vpa-open-space-snapshot,numerator
212021454,green_space_per_resident,abs-erp-2024-25,denominator
212021454,green_space_per_resident,abs-sa2-2021,boundary
212021455,rent_weekly,abs-census-2021-g02,raw_measure
212021455,rent_weekly,abs-sa2-2021,boundary
212021455,population_growth,abs-erp-2024-25,endpoints
212021455,population_growth,abs-sa2-2021,boundary
212021455,transport_access,dtp-ptal-snapshot,raw_measure
212021455,transport_access,abs-sa2-2021,boundary
212021455,green_space_per_resident,vpa-open-space-snapshot,numerator
212021455,green_space_per_resident,abs-erp-2024-25,denominator
212021455,green_space_per_resident,abs-sa2-2021,boundary
212021456,rent_weekly,abs-census-2021-g02,raw_measure
212021456,rent_weekly,abs-sa2-2021,boundary
212021456,population_growth,abs-erp-2024-25,endpoints
212021456,population_growth,abs-sa2-2021,boundary
212021456,transport_access,dtp-ptal-snapshot,raw_measure
212021456,transport_access,abs-sa2-2021,boundary
212021456,green_space_per_resident,vpa-open-space-snapshot,numerator
212021456,green_space_per_resident,abs-erp-2024-25,denominator
212021456,green_space_per_resident,abs-sa2-2021,boundary
212021553,rent_weekly,abs-census-2021-g02,raw_measure
212021553,rent_weekly,abs-sa2-2021,boundary
212021553,population_growth,abs-erp-2024-25,endpoints
212021553,population_growth,abs-sa2-2021,boundary
212021553,transport_access,dtp-ptal-snapshot,raw_measure
212021553,transport_access,abs-sa2-2021,boundary
212021553,green_space_per_resident,vpa-open-space-snapshot,numerator
212021553,green_space_per_resident,abs-erp-2024-25,denominator
212021553,green_space_per_resident,abs-sa2-2021,boundary
212021554,rent_weekly,abs-census-2021-g02,raw_measure
212021554,rent_weekly,abs-sa2-2021,boundary
212021554,population_growth,abs-erp-2024-25,endpoints
212021554,population_growth,abs-sa2-2021,boundary
212021554,transport_access,dtp-ptal-snapshot,raw_measure
212021554,transport_access,abs-sa2-2021,boundary
212021554,green_space_per_resident,vpa-open-space-snapshot,numerator
212021554,green_space_per_resident,abs-erp-2024-25,denominator
212021554,green_space_per_resident,abs-sa2-2021,boundary
212031300,rent_weekly,abs-census-2021-g02,raw_measure
212031300,rent_weekly,abs-sa2-2021,boundary
212031300,population_growth,abs-erp-2024-25,endpoints
212031300,population_growth,abs-sa2-2021,boundary
212031300,transport_access,dtp-ptal-snapshot,raw_measure
212031300,transport_access,abs-sa2-2021,boundary
212031300,green_space_per_resident,vpa-open-space-snapshot,numerator
212031300,green_space_per_resident,abs-erp-2024-25,denominator
212031300,green_space_per_resident,abs-sa2-2021,boundary
212031303,rent_weekly,abs-census-2021-g02,raw_measure
212031303,rent_weekly,abs-sa2-2021,boundary
212031303,population_growth,abs-erp-2024-25,endpoints
212031303,population_growth,abs-sa2-2021,boundary
212031303,transport_access,dtp-ptal-snapshot,raw_measure
212031303,transport_access,abs-sa2-2021,boundary
212031303,green_space_per_resident,vpa-open-space-snapshot,numerator
212031303,green_space_per_resident,abs-erp-2024-25,denominator
212031303,green_space_per_resident,abs-sa2-2021,boundary
212031304,rent_weekly,abs-census-2021-g02,raw_measure
212031304,rent_weekly,abs-sa2-2021,boundary
212031304,population_growth,abs-erp-2024-25,endpoints
212031304,population_growth,abs-sa2-2021,boundary
212031304,transport_access,dtp-ptal-snapshot,raw_measure
212031304,transport_access,abs-sa2-2021,boundary
212031304,green_space_per_resident,vpa-open-space-snapshot,numerator
212031304,green_space_per_resident,abs-erp-2024-25,denominator
212031304,green_space_per_resident,abs-sa2-2021,boundary
212031306,rent_weekly,abs-census-2021-g02,raw_measure
212031306,rent_weekly,abs-sa2-2021,boundary
212031306,population_growth,abs-erp-2024-25,endpoints
212031306,population_growth,abs-sa2-2021,boundary
212031306,transport_access,dtp-ptal-snapshot,raw_measure
212031306,transport_access,abs-sa2-2021,boundary
212031306,green_space_per_resident,vpa-open-space-snapshot,numerator
212031306,green_space_per_resident,abs-erp-2024-25,denominator
212031306,green_space_per_resident,abs-sa2-2021,boundary
212031308,rent_weekly,abs-census-2021-g02,raw_measure
212031308,rent_weekly,abs-sa2-2021,boundary
212031308,population_growth,abs-erp-2024-25,endpoints
212031308,population_growth,abs-sa2-2021,boundary
212031308,transport_access,dtp-ptal-snapshot,raw_measure
212031308,transport_access,abs-sa2-2021,boundary
212031308,green_space_per_resident,vpa-open-space-snapshot,numerator
212031308,green_space_per_resident,abs-erp-2024-25,denominator
212031308,green_space_per_resident,abs-sa2-2021,boundary
212031457,rent_weekly,abs-census-2021-g02,raw_measure
212031457,rent_weekly,abs-sa2-2021,boundary
212031457,population_growth,abs-erp-2024-25,endpoints
212031457,population_growth,abs-sa2-2021,boundary
212031457,transport_access,dtp-ptal-snapshot,raw_measure
212031457,transport_access,abs-sa2-2021,boundary
212031457,green_space_per_resident,vpa-open-space-snapshot,numerator
212031457,green_space_per_resident,abs-erp-2024-25,denominator
212031457,green_space_per_resident,abs-sa2-2021,boundary
212031458,rent_weekly,abs-census-2021-g02,raw_measure
212031458,rent_weekly,abs-sa2-2021,boundary
212031458,population_growth,abs-erp-2024-25,endpoints
212031458,population_growth,abs-sa2-2021,boundary
212031458,transport_access,dtp-ptal-snapshot,raw_measure
212031458,transport_access,abs-sa2-2021,boundary
212031458,green_space_per_resident,vpa-open-space-snapshot,numerator
212031458,green_space_per_resident,abs-erp-2024-25,denominator
212031458,green_space_per_resident,abs-sa2-2021,boundary
212031555,rent_weekly,abs-census-2021-g02,raw_measure
212031555,rent_weekly,abs-sa2-2021,boundary
212031555,population_growth,abs-erp-2024-25,endpoints
212031555,population_growth,abs-sa2-2021,boundary
212031555,transport_access,dtp-ptal-snapshot,raw_measure
212031555,transport_access,abs-sa2-2021,boundary
212031555,green_space_per_resident,vpa-open-space-snapshot,numerator
212031555,green_space_per_resident,abs-erp-2024-25,denominator
212031555,green_space_per_resident,abs-sa2-2021,boundary
212031556,rent_weekly,abs-census-2021-g02,raw_measure
212031556,rent_weekly,abs-sa2-2021,boundary
212031556,population_growth,abs-erp-2024-25,endpoints
212031556,population_growth,abs-sa2-2021,boundary
212031556,transport_access,dtp-ptal-snapshot,raw_measure
212031556,transport_access,abs-sa2-2021,boundary
212031556,green_space_per_resident,vpa-open-space-snapshot,numerator
212031556,green_space_per_resident,abs-erp-2024-25,denominator
212031556,green_space_per_resident,abs-sa2-2021,boundary
212031557,rent_weekly,abs-census-2021-g02,raw_measure
212031557,rent_weekly,abs-sa2-2021,boundary
212031557,population_growth,abs-erp-2024-25,endpoints
212031557,population_growth,abs-sa2-2021,boundary
212031557,transport_access,dtp-ptal-snapshot,raw_measure
212031557,transport_access,abs-sa2-2021,boundary
212031557,green_space_per_resident,vpa-open-space-snapshot,numerator
212031557,green_space_per_resident,abs-erp-2024-25,denominator
212031557,green_space_per_resident,abs-sa2-2021,boundary
212031558,rent_weekly,abs-census-2021-g02,raw_measure
212031558,rent_weekly,abs-sa2-2021,boundary
212031558,population_growth,abs-erp-2024-25,endpoints
212031558,population_growth,abs-sa2-2021,boundary
212031558,transport_access,dtp-ptal-snapshot,raw_measure
212031558,transport_access,abs-sa2-2021,boundary
212031558,green_space_per_resident,vpa-open-space-snapshot,numerator
212031558,green_space_per_resident,abs-erp-2024-25,denominator
212031558,green_space_per_resident,abs-sa2-2021,boundary
212031559,rent_weekly,abs-census-2021-g02,raw_measure
212031559,rent_weekly,abs-sa2-2021,boundary
212031559,population_growth,abs-erp-2024-25,endpoints
212031559,population_growth,abs-sa2-2021,boundary
212031559,transport_access,dtp-ptal-snapshot,raw_measure
212031559,transport_access,abs-sa2-2021,boundary
212031559,green_space_per_resident,vpa-open-space-snapshot,numerator
212031559,green_space_per_resident,abs-erp-2024-25,denominator
212031559,green_space_per_resident,abs-sa2-2021,boundary
212031560,rent_weekly,abs-census-2021-g02,raw_measure
212031560,rent_weekly,abs-sa2-2021,boundary
212031560,population_growth,abs-erp-2024-25,endpoints
212031560,population_growth,abs-sa2-2021,boundary
212031560,transport_access,dtp-ptal-snapshot,raw_measure
212031560,transport_access,abs-sa2-2021,boundary
212031560,green_space_per_resident,vpa-open-space-snapshot,numerator
212031560,green_space_per_resident,abs-erp-2024-25,denominator
212031560,green_space_per_resident,abs-sa2-2021,boundary
212031561,rent_weekly,abs-census-2021-g02,raw_measure
212031561,rent_weekly,abs-sa2-2021,boundary
212031561,population_growth,abs-erp-2024-25,endpoints
212031561,population_growth,abs-sa2-2021,boundary
212031561,transport_access,dtp-ptal-snapshot,raw_measure
212031561,transport_access,abs-sa2-2021,boundary
212031561,green_space_per_resident,vpa-open-space-snapshot,numerator
212031561,green_space_per_resident,abs-erp-2024-25,denominator
212031561,green_space_per_resident,abs-sa2-2021,boundary
212031562,rent_weekly,abs-census-2021-g02,raw_measure
212031562,rent_weekly,abs-sa2-2021,boundary
212031562,population_growth,abs-erp-2024-25,endpoints
212031562,population_growth,abs-sa2-2021,boundary
212031562,transport_access,dtp-ptal-snapshot,raw_measure
212031562,transport_access,abs-sa2-2021,boundary
212031562,green_space_per_resident,vpa-open-space-snapshot,numerator
212031562,green_space_per_resident,abs-erp-2024-25,denominator
212031562,green_space_per_resident,abs-sa2-2021,boundary
212041309,rent_weekly,abs-census-2021-g02,raw_measure
212041309,rent_weekly,abs-sa2-2021,boundary
212041309,population_growth,abs-erp-2024-25,endpoints
212041309,population_growth,abs-sa2-2021,boundary
212041309,transport_access,dtp-ptal-snapshot,raw_measure
212041309,transport_access,abs-sa2-2021,boundary
212041309,green_space_per_resident,vpa-open-space-snapshot,numerator
212041309,green_space_per_resident,abs-erp-2024-25,denominator
212041309,green_space_per_resident,abs-sa2-2021,boundary
212041310,rent_weekly,abs-census-2021-g02,raw_measure
212041310,rent_weekly,abs-sa2-2021,boundary
212041310,population_growth,abs-erp-2024-25,endpoints
212041310,population_growth,abs-sa2-2021,boundary
212041310,transport_access,dtp-ptal-snapshot,raw_measure
212041310,transport_access,abs-sa2-2021,boundary
212041310,green_space_per_resident,vpa-open-space-snapshot,numerator
212041310,green_space_per_resident,abs-erp-2024-25,denominator
212041310,green_space_per_resident,abs-sa2-2021,boundary
212041312,rent_weekly,abs-census-2021-g02,raw_measure
212041312,rent_weekly,abs-sa2-2021,boundary
212041312,population_growth,abs-erp-2024-25,endpoints
212041312,population_growth,abs-sa2-2021,boundary
212041312,transport_access,dtp-ptal-snapshot,raw_measure
212041312,transport_access,abs-sa2-2021,boundary
212041312,green_space_per_resident,vpa-open-space-snapshot,numerator
212041312,green_space_per_resident,abs-erp-2024-25,denominator
212041312,green_space_per_resident,abs-sa2-2021,boundary
212041313,rent_weekly,abs-census-2021-g02,raw_measure
212041313,rent_weekly,abs-sa2-2021,boundary
212041313,population_growth,abs-erp-2024-25,endpoints
212041313,population_growth,abs-sa2-2021,boundary
212041313,transport_access,dtp-ptal-snapshot,raw_measure
212041313,transport_access,abs-sa2-2021,boundary
212041313,green_space_per_resident,vpa-open-space-snapshot,numerator
212041313,green_space_per_resident,abs-erp-2024-25,denominator
212041313,green_space_per_resident,abs-sa2-2021,boundary
212041316,rent_weekly,abs-census-2021-g02,raw_measure
212041316,rent_weekly,abs-sa2-2021,boundary
212041316,population_growth,abs-erp-2024-25,endpoints
212041316,population_growth,abs-sa2-2021,boundary
212041316,transport_access,dtp-ptal-snapshot,raw_measure
212041316,transport_access,abs-sa2-2021,boundary
212041316,green_space_per_resident,vpa-open-space-snapshot,numerator
212041316,green_space_per_resident,abs-erp-2024-25,denominator
212041316,green_space_per_resident,abs-sa2-2021,boundary
212041317,rent_weekly,abs-census-2021-g02,raw_measure
212041317,rent_weekly,abs-sa2-2021,boundary
212041317,population_growth,abs-erp-2024-25,endpoints
212041317,population_growth,abs-sa2-2021,boundary
212041317,transport_access,dtp-ptal-snapshot,raw_measure
212041317,transport_access,abs-sa2-2021,boundary
212041317,green_space_per_resident,vpa-open-space-snapshot,numerator
212041317,green_space_per_resident,abs-erp-2024-25,denominator
212041317,green_space_per_resident,abs-sa2-2021,boundary
212041318,rent_weekly,abs-census-2021-g02,raw_measure
212041318,rent_weekly,abs-sa2-2021,boundary
212041318,population_growth,abs-erp-2024-25,endpoints
212041318,population_growth,abs-sa2-2021,boundary
212041318,transport_access,dtp-ptal-snapshot,raw_measure
212041318,transport_access,abs-sa2-2021,boundary
212041318,green_space_per_resident,vpa-open-space-snapshot,numerator
212041318,green_space_per_resident,abs-erp-2024-25,denominator
212041318,green_space_per_resident,abs-sa2-2021,boundary
212041459,rent_weekly,abs-census-2021-g02,raw_measure
212041459,rent_weekly,abs-sa2-2021,boundary
212041459,population_growth,abs-erp-2024-25,endpoints
212041459,population_growth,abs-sa2-2021,boundary
212041459,transport_access,dtp-ptal-snapshot,raw_measure
212041459,transport_access,abs-sa2-2021,boundary
212041459,green_space_per_resident,vpa-open-space-snapshot,numerator
212041459,green_space_per_resident,abs-erp-2024-25,denominator
212041459,green_space_per_resident,abs-sa2-2021,boundary
212041460,rent_weekly,abs-census-2021-g02,raw_measure
212041460,rent_weekly,abs-sa2-2021,boundary
212041460,population_growth,abs-erp-2024-25,endpoints
212041460,population_growth,abs-sa2-2021,boundary
212041460,transport_access,dtp-ptal-snapshot,raw_measure
212041460,transport_access,abs-sa2-2021,boundary
212041460,green_space_per_resident,vpa-open-space-snapshot,numerator
212041460,green_space_per_resident,abs-erp-2024-25,denominator
212041460,green_space_per_resident,abs-sa2-2021,boundary
212041563,rent_weekly,abs-census-2021-g02,raw_measure
212041563,rent_weekly,abs-sa2-2021,boundary
212041563,population_growth,abs-erp-2024-25,endpoints
212041563,population_growth,abs-sa2-2021,boundary
212041563,transport_access,dtp-ptal-snapshot,raw_measure
212041563,transport_access,abs-sa2-2021,boundary
212041563,green_space_per_resident,vpa-open-space-snapshot,numerator
212041563,green_space_per_resident,abs-erp-2024-25,denominator
212041563,green_space_per_resident,abs-sa2-2021,boundary
212041564,rent_weekly,abs-census-2021-g02,raw_measure
212041564,rent_weekly,abs-sa2-2021,boundary
212041564,population_growth,abs-erp-2024-25,endpoints
212041564,population_growth,abs-sa2-2021,boundary
212041564,transport_access,dtp-ptal-snapshot,raw_measure
212041564,transport_access,abs-sa2-2021,boundary
212041564,green_space_per_resident,vpa-open-space-snapshot,numerator
212041564,green_space_per_resident,abs-erp-2024-25,denominator
212041564,green_space_per_resident,abs-sa2-2021,boundary
212041565,rent_weekly,abs-census-2021-g02,raw_measure
212041565,rent_weekly,abs-sa2-2021,boundary
212041565,population_growth,abs-erp-2024-25,endpoints
212041565,population_growth,abs-sa2-2021,boundary
212041565,transport_access,dtp-ptal-snapshot,raw_measure
212041565,transport_access,abs-sa2-2021,boundary
212041565,green_space_per_resident,vpa-open-space-snapshot,numerator
212041565,green_space_per_resident,abs-erp-2024-25,denominator
212041565,green_space_per_resident,abs-sa2-2021,boundary
212041566,rent_weekly,abs-census-2021-g02,raw_measure
212041566,rent_weekly,abs-sa2-2021,boundary
212041566,population_growth,abs-erp-2024-25,endpoints
212041566,population_growth,abs-sa2-2021,boundary
212041566,transport_access,dtp-ptal-snapshot,raw_measure
212041566,transport_access,abs-sa2-2021,boundary
212041566,green_space_per_resident,vpa-open-space-snapshot,numerator
212041566,green_space_per_resident,abs-erp-2024-25,denominator
212041566,green_space_per_resident,abs-sa2-2021,boundary
212051319,rent_weekly,abs-census-2021-g02,raw_measure
212051319,rent_weekly,abs-sa2-2021,boundary
212051319,population_growth,abs-erp-2024-25,endpoints
212051319,population_growth,abs-sa2-2021,boundary
212051319,transport_access,dtp-ptal-snapshot,raw_measure
212051319,transport_access,abs-sa2-2021,boundary
212051319,green_space_per_resident,vpa-open-space-snapshot,numerator
212051319,green_space_per_resident,abs-erp-2024-25,denominator
212051319,green_space_per_resident,abs-sa2-2021,boundary
212051321,rent_weekly,abs-census-2021-g02,raw_measure
212051321,rent_weekly,abs-sa2-2021,boundary
212051321,population_growth,abs-erp-2024-25,endpoints
212051321,population_growth,abs-sa2-2021,boundary
212051321,transport_access,dtp-ptal-snapshot,raw_measure
212051321,transport_access,abs-sa2-2021,boundary
212051321,green_space_per_resident,vpa-open-space-snapshot,numerator
212051321,green_space_per_resident,abs-erp-2024-25,denominator
212051321,green_space_per_resident,abs-sa2-2021,boundary
212051322,rent_weekly,abs-census-2021-g02,raw_measure
212051322,rent_weekly,abs-sa2-2021,boundary
212051322,population_growth,abs-erp-2024-25,endpoints
212051322,population_growth,abs-sa2-2021,boundary
212051322,transport_access,dtp-ptal-snapshot,raw_measure
212051322,transport_access,abs-sa2-2021,boundary
212051322,green_space_per_resident,vpa-open-space-snapshot,numerator
212051322,green_space_per_resident,abs-erp-2024-25,denominator
212051322,green_space_per_resident,abs-sa2-2021,boundary
212051323,rent_weekly,abs-census-2021-g02,raw_measure
212051323,rent_weekly,abs-sa2-2021,boundary
212051323,population_growth,abs-erp-2024-25,endpoints
212051323,population_growth,abs-sa2-2021,boundary
212051323,transport_access,dtp-ptal-snapshot,raw_measure
212051323,transport_access,abs-sa2-2021,boundary
212051323,green_space_per_resident,vpa-open-space-snapshot,numerator
212051323,green_space_per_resident,abs-erp-2024-25,denominator
212051323,green_space_per_resident,abs-sa2-2021,boundary
212051324,rent_weekly,abs-census-2021-g02,raw_measure
212051324,rent_weekly,abs-sa2-2021,boundary
212051324,population_growth,abs-erp-2024-25,endpoints
212051324,population_growth,abs-sa2-2021,boundary
212051324,transport_access,dtp-ptal-snapshot,raw_measure
212051324,transport_access,abs-sa2-2021,boundary
212051324,green_space_per_resident,vpa-open-space-snapshot,numerator
212051324,green_space_per_resident,abs-erp-2024-25,denominator
212051324,green_space_per_resident,abs-sa2-2021,boundary
212051325,rent_weekly,abs-census-2021-g02,raw_measure
212051325,rent_weekly,abs-sa2-2021,boundary
212051325,population_growth,abs-erp-2024-25,endpoints
212051325,population_growth,abs-sa2-2021,boundary
212051325,transport_access,dtp-ptal-snapshot,raw_measure
212051325,transport_access,abs-sa2-2021,boundary
212051325,green_space_per_resident,vpa-open-space-snapshot,numerator
212051325,green_space_per_resident,abs-erp-2024-25,denominator
212051325,green_space_per_resident,abs-sa2-2021,boundary
212051326,rent_weekly,abs-census-2021-g02,raw_measure
212051326,rent_weekly,abs-sa2-2021,boundary
212051326,population_growth,abs-erp-2024-25,endpoints
212051326,population_growth,abs-sa2-2021,boundary
212051326,transport_access,dtp-ptal-snapshot,raw_measure
212051326,transport_access,abs-sa2-2021,boundary
212051326,green_space_per_resident,vpa-open-space-snapshot,numerator
212051326,green_space_per_resident,abs-erp-2024-25,denominator
212051326,green_space_per_resident,abs-sa2-2021,boundary
212051327,rent_weekly,abs-census-2021-g02,raw_measure
212051327,rent_weekly,abs-sa2-2021,boundary
212051327,population_growth,abs-erp-2024-25,endpoints
212051327,population_growth,abs-sa2-2021,boundary
212051327,transport_access,dtp-ptal-snapshot,raw_measure
212051327,transport_access,abs-sa2-2021,boundary
212051327,green_space_per_resident,vpa-open-space-snapshot,numerator
212051327,green_space_per_resident,abs-erp-2024-25,denominator
212051327,green_space_per_resident,abs-sa2-2021,boundary
212051567,rent_weekly,abs-census-2021-g02,raw_measure
212051567,rent_weekly,abs-sa2-2021,boundary
212051567,population_growth,abs-erp-2024-25,endpoints
212051567,population_growth,abs-sa2-2021,boundary
212051567,transport_access,dtp-ptal-snapshot,raw_measure
212051567,transport_access,abs-sa2-2021,boundary
212051567,green_space_per_resident,vpa-open-space-snapshot,numerator
212051567,green_space_per_resident,abs-erp-2024-25,denominator
212051567,green_space_per_resident,abs-sa2-2021,boundary
212051568,rent_weekly,abs-census-2021-g02,raw_measure
212051568,rent_weekly,abs-sa2-2021,boundary
212051568,population_growth,abs-erp-2024-25,endpoints
212051568,population_growth,abs-sa2-2021,boundary
212051568,transport_access,dtp-ptal-snapshot,raw_measure
212051568,transport_access,abs-sa2-2021,boundary
212051568,green_space_per_resident,vpa-open-space-snapshot,numerator
212051568,green_space_per_resident,abs-erp-2024-25,denominator
212051568,green_space_per_resident,abs-sa2-2021,boundary
213011328,rent_weekly,abs-census-2021-g02,raw_measure
213011328,rent_weekly,abs-sa2-2021,boundary
213011328,population_growth,abs-erp-2024-25,endpoints
213011328,population_growth,abs-sa2-2021,boundary
213011328,transport_access,dtp-ptal-snapshot,raw_measure
213011328,transport_access,abs-sa2-2021,boundary
213011328,green_space_per_resident,vpa-open-space-snapshot,numerator
213011328,green_space_per_resident,abs-erp-2024-25,denominator
213011328,green_space_per_resident,abs-sa2-2021,boundary
213011329,rent_weekly,abs-census-2021-g02,raw_measure
213011329,rent_weekly,abs-sa2-2021,boundary
213011329,population_growth,abs-erp-2024-25,endpoints
213011329,population_growth,abs-sa2-2021,boundary
213011329,transport_access,dtp-ptal-snapshot,raw_measure
213011329,transport_access,abs-sa2-2021,boundary
213011329,green_space_per_resident,vpa-open-space-snapshot,numerator
213011329,green_space_per_resident,abs-erp-2024-25,denominator
213011329,green_space_per_resident,abs-sa2-2021,boundary
213011331,rent_weekly,abs-census-2021-g02,raw_measure
213011331,rent_weekly,abs-sa2-2021,boundary
213011331,population_growth,abs-erp-2024-25,endpoints
213011331,population_growth,abs-sa2-2021,boundary
213011331,transport_access,dtp-ptal-snapshot,raw_measure
213011331,transport_access,abs-sa2-2021,boundary
213011331,green_space_per_resident,vpa-open-space-snapshot,numerator
213011331,green_space_per_resident,abs-erp-2024-25,denominator
213011331,green_space_per_resident,abs-sa2-2021,boundary
213011332,rent_weekly,abs-census-2021-g02,raw_measure
213011332,rent_weekly,abs-sa2-2021,boundary
213011332,population_growth,abs-erp-2024-25,endpoints
213011332,population_growth,abs-sa2-2021,boundary
213011332,transport_access,dtp-ptal-snapshot,raw_measure
213011332,transport_access,abs-sa2-2021,boundary
213011332,green_space_per_resident,vpa-open-space-snapshot,numerator
213011332,green_space_per_resident,abs-erp-2024-25,denominator
213011332,green_space_per_resident,abs-sa2-2021,boundary
213011333,rent_weekly,abs-census-2021-g02,raw_measure
213011333,rent_weekly,abs-sa2-2021,boundary
213011333,population_growth,abs-erp-2024-25,endpoints
213011333,population_growth,abs-sa2-2021,boundary
213011333,transport_access,dtp-ptal-snapshot,raw_measure
213011333,transport_access,abs-sa2-2021,boundary
213011333,green_space_per_resident,vpa-open-space-snapshot,numerator
213011333,green_space_per_resident,abs-erp-2024-25,denominator
213011333,green_space_per_resident,abs-sa2-2021,boundary
213011334,rent_weekly,abs-census-2021-g02,raw_measure
213011334,rent_weekly,abs-sa2-2021,boundary
213011334,population_growth,abs-erp-2024-25,endpoints
213011334,population_growth,abs-sa2-2021,boundary
213011334,transport_access,dtp-ptal-snapshot,raw_measure
213011334,transport_access,abs-sa2-2021,boundary
213011334,green_space_per_resident,vpa-open-space-snapshot,numerator
213011334,green_space_per_resident,abs-erp-2024-25,denominator
213011334,green_space_per_resident,abs-sa2-2021,boundary
213011335,rent_weekly,abs-census-2021-g02,raw_measure
213011335,rent_weekly,abs-sa2-2021,boundary
213011335,population_growth,abs-erp-2024-25,endpoints
213011335,population_growth,abs-sa2-2021,boundary
213011335,transport_access,dtp-ptal-snapshot,raw_measure
213011335,transport_access,abs-sa2-2021,boundary
213011335,green_space_per_resident,vpa-open-space-snapshot,numerator
213011335,green_space_per_resident,abs-erp-2024-25,denominator
213011335,green_space_per_resident,abs-sa2-2021,boundary
213011336,rent_weekly,abs-census-2021-g02,raw_measure
213011336,rent_weekly,abs-sa2-2021,boundary
213011336,population_growth,abs-erp-2024-25,endpoints
213011336,population_growth,abs-sa2-2021,boundary
213011336,transport_access,dtp-ptal-snapshot,raw_measure
213011336,transport_access,abs-sa2-2021,boundary
213011336,green_space_per_resident,vpa-open-space-snapshot,numerator
213011336,green_space_per_resident,abs-erp-2024-25,denominator
213011336,green_space_per_resident,abs-sa2-2021,boundary
213011337,rent_weekly,abs-census-2021-g02,raw_measure
213011337,rent_weekly,abs-sa2-2021,boundary
213011337,population_growth,abs-erp-2024-25,endpoints
213011337,population_growth,abs-sa2-2021,boundary
213011337,transport_access,dtp-ptal-snapshot,raw_measure
213011337,transport_access,abs-sa2-2021,boundary
213011337,green_space_per_resident,vpa-open-space-snapshot,numerator
213011337,green_space_per_resident,abs-erp-2024-25,denominator
213011337,green_space_per_resident,abs-sa2-2021,boundary
213011338,rent_weekly,abs-census-2021-g02,raw_measure
213011338,rent_weekly,abs-sa2-2021,boundary
213011338,population_growth,abs-erp-2024-25,endpoints
213011338,population_growth,abs-sa2-2021,boundary
213011338,transport_access,dtp-ptal-snapshot,raw_measure
213011338,transport_access,abs-sa2-2021,boundary
213011338,green_space_per_resident,vpa-open-space-snapshot,numerator
213011338,green_space_per_resident,abs-erp-2024-25,denominator
213011338,green_space_per_resident,abs-sa2-2021,boundary
213011339,rent_weekly,abs-census-2021-g02,raw_measure
213011339,rent_weekly,abs-sa2-2021,boundary
213011339,population_growth,abs-erp-2024-25,endpoints
213011339,population_growth,abs-sa2-2021,boundary
213011339,transport_access,dtp-ptal-snapshot,raw_measure
213011339,transport_access,abs-sa2-2021,boundary
213011339,green_space_per_resident,vpa-open-space-snapshot,numerator
213011339,green_space_per_resident,abs-erp-2024-25,denominator
213011339,green_space_per_resident,abs-sa2-2021,boundary
213011340,rent_weekly,abs-census-2021-g02,raw_measure
213011340,rent_weekly,abs-sa2-2021,boundary
213011340,population_growth,abs-erp-2024-25,endpoints
213011340,population_growth,abs-sa2-2021,boundary
213011340,transport_access,dtp-ptal-snapshot,raw_measure
213011340,transport_access,abs-sa2-2021,boundary
213011340,green_space_per_resident,vpa-open-space-snapshot,numerator
213011340,green_space_per_resident,abs-erp-2024-25,denominator
213011340,green_space_per_resident,abs-sa2-2021,boundary
213011569,rent_weekly,abs-census-2021-g02,raw_measure
213011569,rent_weekly,abs-sa2-2021,boundary
213011569,population_growth,abs-erp-2024-25,endpoints
213011569,population_growth,abs-sa2-2021,boundary
213011569,transport_access,dtp-ptal-snapshot,raw_measure
213011569,transport_access,abs-sa2-2021,boundary
213011569,green_space_per_resident,vpa-open-space-snapshot,numerator
213011569,green_space_per_resident,abs-erp-2024-25,denominator
213011569,green_space_per_resident,abs-sa2-2021,boundary
213011570,rent_weekly,abs-census-2021-g02,raw_measure
213011570,rent_weekly,abs-sa2-2021,boundary
213011570,population_growth,abs-erp-2024-25,endpoints
213011570,population_growth,abs-sa2-2021,boundary
213011570,transport_access,dtp-ptal-snapshot,raw_measure
213011570,transport_access,abs-sa2-2021,boundary
213011570,green_space_per_resident,vpa-open-space-snapshot,numerator
213011570,green_space_per_resident,abs-erp-2024-25,denominator
213011570,green_space_per_resident,abs-sa2-2021,boundary
213021341,rent_weekly,abs-census-2021-g02,raw_measure
213021341,rent_weekly,abs-sa2-2021,boundary
213021341,population_growth,abs-erp-2024-25,endpoints
213021341,population_growth,abs-sa2-2021,boundary
213021341,transport_access,dtp-ptal-snapshot,raw_measure
213021341,transport_access,abs-sa2-2021,boundary
213021341,green_space_per_resident,vpa-open-space-snapshot,numerator
213021341,green_space_per_resident,abs-erp-2024-25,denominator
213021341,green_space_per_resident,abs-sa2-2021,boundary
213021342,rent_weekly,abs-census-2021-g02,raw_measure
213021342,rent_weekly,abs-sa2-2021,boundary
213021342,population_growth,abs-erp-2024-25,endpoints
213021342,population_growth,abs-sa2-2021,boundary
213021342,transport_access,dtp-ptal-snapshot,raw_measure
213021342,transport_access,abs-sa2-2021,boundary
213021342,green_space_per_resident,vpa-open-space-snapshot,numerator
213021342,green_space_per_resident,abs-erp-2024-25,denominator
213021342,green_space_per_resident,abs-sa2-2021,boundary
213021343,rent_weekly,abs-census-2021-g02,raw_measure
213021343,rent_weekly,abs-sa2-2021,boundary
213021343,population_growth,abs-erp-2024-25,endpoints
213021343,population_growth,abs-sa2-2021,boundary
213021343,transport_access,dtp-ptal-snapshot,raw_measure
213021343,transport_access,abs-sa2-2021,boundary
213021343,green_space_per_resident,vpa-open-space-snapshot,numerator
213021343,green_space_per_resident,abs-erp-2024-25,denominator
213021343,green_space_per_resident,abs-sa2-2021,boundary
213021344,rent_weekly,abs-census-2021-g02,raw_measure
213021344,rent_weekly,abs-sa2-2021,boundary
213021344,population_growth,abs-erp-2024-25,endpoints
213021344,population_growth,abs-sa2-2021,boundary
213021344,transport_access,dtp-ptal-snapshot,raw_measure
213021344,transport_access,abs-sa2-2021,boundary
213021344,green_space_per_resident,vpa-open-space-snapshot,numerator
213021344,green_space_per_resident,abs-erp-2024-25,denominator
213021344,green_space_per_resident,abs-sa2-2021,boundary
213021345,rent_weekly,abs-census-2021-g02,raw_measure
213021345,rent_weekly,abs-sa2-2021,boundary
213021345,population_growth,abs-erp-2024-25,endpoints
213021345,population_growth,abs-sa2-2021,boundary
213021345,transport_access,dtp-ptal-snapshot,raw_measure
213021345,transport_access,abs-sa2-2021,boundary
213021345,green_space_per_resident,vpa-open-space-snapshot,numerator
213021345,green_space_per_resident,abs-erp-2024-25,denominator
213021345,green_space_per_resident,abs-sa2-2021,boundary
213021346,rent_weekly,abs-census-2021-g02,raw_measure
213021346,rent_weekly,abs-sa2-2021,boundary
213021346,population_growth,abs-erp-2024-25,endpoints
213021346,population_growth,abs-sa2-2021,boundary
213021346,transport_access,dtp-ptal-snapshot,raw_measure
213021346,transport_access,abs-sa2-2021,boundary
213021346,green_space_per_resident,vpa-open-space-snapshot,numerator
213021346,green_space_per_resident,abs-erp-2024-25,denominator
213021346,green_space_per_resident,abs-sa2-2021,boundary
213031347,rent_weekly,abs-census-2021-g02,raw_measure
213031347,rent_weekly,abs-sa2-2021,boundary
213031347,population_growth,abs-erp-2024-25,endpoints
213031347,population_growth,abs-sa2-2021,boundary
213031347,transport_access,dtp-ptal-snapshot,raw_measure
213031347,transport_access,abs-sa2-2021,boundary
213031347,green_space_per_resident,vpa-open-space-snapshot,numerator
213031347,green_space_per_resident,abs-erp-2024-25,denominator
213031347,green_space_per_resident,abs-sa2-2021,boundary
213031348,rent_weekly,abs-census-2021-g02,raw_measure
213031348,rent_weekly,abs-sa2-2021,boundary
213031348,population_growth,abs-erp-2024-25,endpoints
213031348,population_growth,abs-sa2-2021,boundary
213031348,transport_access,dtp-ptal-snapshot,raw_measure
213031348,transport_access,abs-sa2-2021,boundary
213031348,green_space_per_resident,vpa-open-space-snapshot,numerator
213031348,green_space_per_resident,abs-erp-2024-25,denominator
213031348,green_space_per_resident,abs-sa2-2021,boundary
213031349,rent_weekly,abs-census-2021-g02,raw_measure
213031349,rent_weekly,abs-sa2-2021,boundary
213031349,population_growth,abs-erp-2024-25,endpoints
213031349,population_growth,abs-sa2-2021,boundary
213031349,transport_access,dtp-ptal-snapshot,raw_measure
213031349,transport_access,abs-sa2-2021,boundary
213031349,green_space_per_resident,vpa-open-space-snapshot,numerator
213031349,green_space_per_resident,abs-erp-2024-25,denominator
213031349,green_space_per_resident,abs-sa2-2021,boundary
213031350,rent_weekly,abs-census-2021-g02,raw_measure
213031350,rent_weekly,abs-sa2-2021,boundary
213031350,population_growth,abs-erp-2024-25,endpoints
213031350,population_growth,abs-sa2-2021,boundary
213031350,transport_access,dtp-ptal-snapshot,raw_measure
213031350,transport_access,abs-sa2-2021,boundary
213031350,green_space_per_resident,vpa-open-space-snapshot,numerator
213031350,green_space_per_resident,abs-erp-2024-25,denominator
213031350,green_space_per_resident,abs-sa2-2021,boundary
213031351,rent_weekly,abs-census-2021-g02,raw_measure
213031351,rent_weekly,abs-sa2-2021,boundary
213031351,population_growth,abs-erp-2024-25,endpoints
213031351,population_growth,abs-sa2-2021,boundary
213031351,transport_access,dtp-ptal-snapshot,raw_measure
213031351,transport_access,abs-sa2-2021,boundary
213031351,green_space_per_resident,vpa-open-space-snapshot,numerator
213031351,green_space_per_resident,abs-erp-2024-25,denominator
213031351,green_space_per_resident,abs-sa2-2021,boundary
213031352,rent_weekly,abs-census-2021-g02,raw_measure
213031352,rent_weekly,abs-sa2-2021,boundary
213031352,population_growth,abs-erp-2024-25,endpoints
213031352,population_growth,abs-sa2-2021,boundary
213031352,transport_access,dtp-ptal-snapshot,raw_measure
213031352,transport_access,abs-sa2-2021,boundary
213031352,green_space_per_resident,vpa-open-space-snapshot,numerator
213031352,green_space_per_resident,abs-erp-2024-25,denominator
213031352,green_space_per_resident,abs-sa2-2021,boundary
213041353,rent_weekly,abs-census-2021-g02,raw_measure
213041353,rent_weekly,abs-sa2-2021,boundary
213041353,population_growth,abs-erp-2024-25,endpoints
213041353,population_growth,abs-sa2-2021,boundary
213041353,transport_access,dtp-ptal-snapshot,raw_measure
213041353,transport_access,abs-sa2-2021,boundary
213041353,green_space_per_resident,vpa-open-space-snapshot,numerator
213041353,green_space_per_resident,abs-erp-2024-25,denominator
213041353,green_space_per_resident,abs-sa2-2021,boundary
213041358,rent_weekly,abs-census-2021-g02,raw_measure
213041358,rent_weekly,abs-sa2-2021,boundary
213041358,population_growth,abs-erp-2024-25,endpoints
213041358,population_growth,abs-sa2-2021,boundary
213041358,transport_access,dtp-ptal-snapshot,raw_measure
213041358,transport_access,abs-sa2-2021,boundary
213041358,green_space_per_resident,vpa-open-space-snapshot,numerator
213041358,green_space_per_resident,abs-erp-2024-25,denominator
213041358,green_space_per_resident,abs-sa2-2021,boundary
213041359,rent_weekly,abs-census-2021-g02,raw_measure
213041359,rent_weekly,abs-sa2-2021,boundary
213041359,population_growth,abs-erp-2024-25,endpoints
213041359,population_growth,abs-sa2-2021,boundary
213041359,transport_access,dtp-ptal-snapshot,raw_measure
213041359,transport_access,abs-sa2-2021,boundary
213041359,green_space_per_resident,vpa-open-space-snapshot,numerator
213041359,green_space_per_resident,abs-erp-2024-25,denominator
213041359,green_space_per_resident,abs-sa2-2021,boundary
213041360,rent_weekly,abs-census-2021-g02,raw_measure
213041360,rent_weekly,abs-sa2-2021,boundary
213041360,population_growth,abs-erp-2024-25,endpoints
213041360,population_growth,abs-sa2-2021,boundary
213041360,transport_access,dtp-ptal-snapshot,raw_measure
213041360,transport_access,abs-sa2-2021,boundary
213041360,green_space_per_resident,vpa-open-space-snapshot,numerator
213041360,green_space_per_resident,abs-erp-2024-25,denominator
213041360,green_space_per_resident,abs-sa2-2021,boundary
213041461,rent_weekly,abs-census-2021-g02,raw_measure
213041461,rent_weekly,abs-sa2-2021,boundary
213041461,population_growth,abs-erp-2024-25,endpoints
213041461,population_growth,abs-sa2-2021,boundary
213041461,transport_access,dtp-ptal-snapshot,raw_measure
213041461,transport_access,abs-sa2-2021,boundary
213041461,green_space_per_resident,vpa-open-space-snapshot,numerator
213041461,green_space_per_resident,abs-erp-2024-25,denominator
213041461,green_space_per_resident,abs-sa2-2021,boundary
213041462,rent_weekly,abs-census-2021-g02,raw_measure
213041462,rent_weekly,abs-sa2-2021,boundary
213041462,population_growth,abs-erp-2024-25,endpoints
213041462,population_growth,abs-sa2-2021,boundary
213041462,transport_access,dtp-ptal-snapshot,raw_measure
213041462,transport_access,abs-sa2-2021,boundary
213041462,green_space_per_resident,vpa-open-space-snapshot,numerator
213041462,green_space_per_resident,abs-erp-2024-25,denominator
213041462,green_space_per_resident,abs-sa2-2021,boundary
213041463,rent_weekly,abs-census-2021-g02,raw_measure
213041463,rent_weekly,abs-sa2-2021,boundary
213041463,population_growth,abs-erp-2024-25,endpoints
213041463,population_growth,abs-sa2-2021,boundary
213041463,transport_access,dtp-ptal-snapshot,raw_measure
213041463,transport_access,abs-sa2-2021,boundary
213041463,green_space_per_resident,vpa-open-space-snapshot,numerator
213041463,green_space_per_resident,abs-erp-2024-25,denominator
213041463,green_space_per_resident,abs-sa2-2021,boundary
213041571,rent_weekly,abs-census-2021-g02,raw_measure
213041571,rent_weekly,abs-sa2-2021,boundary
213041571,population_growth,abs-erp-2024-25,endpoints
213041571,population_growth,abs-sa2-2021,boundary
213041571,transport_access,dtp-ptal-snapshot,raw_measure
213041571,transport_access,abs-sa2-2021,boundary
213041571,green_space_per_resident,vpa-open-space-snapshot,numerator
213041571,green_space_per_resident,abs-erp-2024-25,denominator
213041571,green_space_per_resident,abs-sa2-2021,boundary
213041572,rent_weekly,abs-census-2021-g02,raw_measure
213041572,rent_weekly,abs-sa2-2021,boundary
213041572,population_growth,abs-erp-2024-25,endpoints
213041572,population_growth,abs-sa2-2021,boundary
213041572,transport_access,dtp-ptal-snapshot,raw_measure
213041572,transport_access,abs-sa2-2021,boundary
213041572,green_space_per_resident,vpa-open-space-snapshot,numerator
213041572,green_space_per_resident,abs-erp-2024-25,denominator
213041572,green_space_per_resident,abs-sa2-2021,boundary
213041573,rent_weekly,abs-census-2021-g02,raw_measure
213041573,rent_weekly,abs-sa2-2021,boundary
213041573,population_growth,abs-erp-2024-25,endpoints
213041573,population_growth,abs-sa2-2021,boundary
213041573,transport_access,dtp-ptal-snapshot,raw_measure
213041573,transport_access,abs-sa2-2021,boundary
213041573,green_space_per_resident,vpa-open-space-snapshot,numerator
213041573,green_space_per_resident,abs-erp-2024-25,denominator
213041573,green_space_per_resident,abs-sa2-2021,boundary
213041574,rent_weekly,abs-census-2021-g02,raw_measure
213041574,rent_weekly,abs-sa2-2021,boundary
213041574,population_growth,abs-erp-2024-25,endpoints
213041574,population_growth,abs-sa2-2021,boundary
213041574,transport_access,dtp-ptal-snapshot,raw_measure
213041574,transport_access,abs-sa2-2021,boundary
213041574,green_space_per_resident,vpa-open-space-snapshot,numerator
213041574,green_space_per_resident,abs-erp-2024-25,denominator
213041574,green_space_per_resident,abs-sa2-2021,boundary
213041575,rent_weekly,abs-census-2021-g02,raw_measure
213041575,rent_weekly,abs-sa2-2021,boundary
213041575,population_growth,abs-erp-2024-25,endpoints
213041575,population_growth,abs-sa2-2021,boundary
213041575,transport_access,dtp-ptal-snapshot,raw_measure
213041575,transport_access,abs-sa2-2021,boundary
213041575,green_space_per_resident,vpa-open-space-snapshot,numerator
213041575,green_space_per_resident,abs-erp-2024-25,denominator
213041575,green_space_per_resident,abs-sa2-2021,boundary
213041576,rent_weekly,abs-census-2021-g02,raw_measure
213041576,rent_weekly,abs-sa2-2021,boundary
213041576,population_growth,abs-erp-2024-25,endpoints
213041576,population_growth,abs-sa2-2021,boundary
213041576,transport_access,dtp-ptal-snapshot,raw_measure
213041576,transport_access,abs-sa2-2021,boundary
213041576,green_space_per_resident,vpa-open-space-snapshot,numerator
213041576,green_space_per_resident,abs-erp-2024-25,denominator
213041576,green_space_per_resident,abs-sa2-2021,boundary
213041577,rent_weekly,abs-census-2021-g02,raw_measure
213041577,rent_weekly,abs-sa2-2021,boundary
213041577,population_growth,abs-erp-2024-25,endpoints
213041577,population_growth,abs-sa2-2021,boundary
213041577,transport_access,dtp-ptal-snapshot,raw_measure
213041577,transport_access,abs-sa2-2021,boundary
213041577,green_space_per_resident,vpa-open-space-snapshot,numerator
213041577,green_space_per_resident,abs-erp-2024-25,denominator
213041577,green_space_per_resident,abs-sa2-2021,boundary
213041578,rent_weekly,abs-census-2021-g02,raw_measure
213041578,rent_weekly,abs-sa2-2021,boundary
213041578,population_growth,abs-erp-2024-25,endpoints
213041578,population_growth,abs-sa2-2021,boundary
213041578,transport_access,dtp-ptal-snapshot,raw_measure
213041578,transport_access,abs-sa2-2021,boundary
213041578,green_space_per_resident,vpa-open-space-snapshot,numerator
213041578,green_space_per_resident,abs-erp-2024-25,denominator
213041578,green_space_per_resident,abs-sa2-2021,boundary
213051361,rent_weekly,abs-census-2021-g02,raw_measure
213051361,rent_weekly,abs-sa2-2021,boundary
213051361,population_growth,abs-erp-2024-25,endpoints
213051361,population_growth,abs-sa2-2021,boundary
213051361,transport_access,dtp-ptal-snapshot,raw_measure
213051361,transport_access,abs-sa2-2021,boundary
213051361,green_space_per_resident,vpa-open-space-snapshot,numerator
213051361,green_space_per_resident,abs-erp-2024-25,denominator
213051361,green_space_per_resident,abs-sa2-2021,boundary
213051362,rent_weekly,abs-census-2021-g02,raw_measure
213051362,rent_weekly,abs-sa2-2021,boundary
213051362,population_growth,abs-erp-2024-25,endpoints
213051362,population_growth,abs-sa2-2021,boundary
213051362,transport_access,dtp-ptal-snapshot,raw_measure
213051362,transport_access,abs-sa2-2021,boundary
213051362,green_space_per_resident,vpa-open-space-snapshot,numerator
213051362,green_space_per_resident,abs-erp-2024-25,denominator
213051362,green_space_per_resident,abs-sa2-2021,boundary
213051363,rent_weekly,abs-census-2021-g02,raw_measure
213051363,rent_weekly,abs-sa2-2021,boundary
213051363,population_growth,abs-erp-2024-25,endpoints
213051363,population_growth,abs-sa2-2021,boundary
213051363,transport_access,dtp-ptal-snapshot,raw_measure
213051363,transport_access,abs-sa2-2021,boundary
213051363,green_space_per_resident,vpa-open-space-snapshot,numerator
213051363,green_space_per_resident,abs-erp-2024-25,denominator
213051363,green_space_per_resident,abs-sa2-2021,boundary
213051368,rent_weekly,abs-census-2021-g02,raw_measure
213051368,rent_weekly,abs-sa2-2021,boundary
213051368,population_growth,abs-erp-2024-25,endpoints
213051368,population_growth,abs-sa2-2021,boundary
213051368,transport_access,dtp-ptal-snapshot,raw_measure
213051368,transport_access,abs-sa2-2021,boundary
213051368,green_space_per_resident,vpa-open-space-snapshot,numerator
213051368,green_space_per_resident,abs-erp-2024-25,denominator
213051368,green_space_per_resident,abs-sa2-2021,boundary
213051464,rent_weekly,abs-census-2021-g02,raw_measure
213051464,rent_weekly,abs-sa2-2021,boundary
213051464,population_growth,abs-erp-2024-25,endpoints
213051464,population_growth,abs-sa2-2021,boundary
213051464,transport_access,dtp-ptal-snapshot,raw_measure
213051464,transport_access,abs-sa2-2021,boundary
213051464,green_space_per_resident,vpa-open-space-snapshot,numerator
213051464,green_space_per_resident,abs-erp-2024-25,denominator
213051464,green_space_per_resident,abs-sa2-2021,boundary
213051466,rent_weekly,abs-census-2021-g02,raw_measure
213051466,rent_weekly,abs-sa2-2021,boundary
213051466,population_growth,abs-erp-2024-25,endpoints
213051466,population_growth,abs-sa2-2021,boundary
213051466,transport_access,dtp-ptal-snapshot,raw_measure
213051466,transport_access,abs-sa2-2021,boundary
213051466,green_space_per_resident,vpa-open-space-snapshot,numerator
213051466,green_space_per_resident,abs-erp-2024-25,denominator
213051466,green_space_per_resident,abs-sa2-2021,boundary
213051467,rent_weekly,abs-census-2021-g02,raw_measure
213051467,rent_weekly,abs-sa2-2021,boundary
213051467,population_growth,abs-erp-2024-25,endpoints
213051467,population_growth,abs-sa2-2021,boundary
213051467,transport_access,dtp-ptal-snapshot,raw_measure
213051467,transport_access,abs-sa2-2021,boundary
213051467,green_space_per_resident,vpa-open-space-snapshot,numerator
213051467,green_space_per_resident,abs-erp-2024-25,denominator
213051467,green_space_per_resident,abs-sa2-2021,boundary
213051468,rent_weekly,abs-census-2021-g02,raw_measure
213051468,rent_weekly,abs-sa2-2021,boundary
213051468,population_growth,abs-erp-2024-25,endpoints
213051468,population_growth,abs-sa2-2021,boundary
213051468,transport_access,dtp-ptal-snapshot,raw_measure
213051468,transport_access,abs-sa2-2021,boundary
213051468,green_space_per_resident,vpa-open-space-snapshot,numerator
213051468,green_space_per_resident,abs-erp-2024-25,denominator
213051468,green_space_per_resident,abs-sa2-2021,boundary
213051579,rent_weekly,abs-census-2021-g02,raw_measure
213051579,rent_weekly,abs-sa2-2021,boundary
213051579,population_growth,abs-erp-2024-25,endpoints
213051579,population_growth,abs-sa2-2021,boundary
213051579,transport_access,dtp-ptal-snapshot,raw_measure
213051579,transport_access,abs-sa2-2021,boundary
213051579,green_space_per_resident,vpa-open-space-snapshot,numerator
213051579,green_space_per_resident,abs-erp-2024-25,denominator
213051579,green_space_per_resident,abs-sa2-2021,boundary
213051580,rent_weekly,abs-census-2021-g02,raw_measure
213051580,rent_weekly,abs-sa2-2021,boundary
213051580,population_growth,abs-erp-2024-25,endpoints
213051580,population_growth,abs-sa2-2021,boundary
213051580,transport_access,dtp-ptal-snapshot,raw_measure
213051580,transport_access,abs-sa2-2021,boundary
213051580,green_space_per_resident,vpa-open-space-snapshot,numerator
213051580,green_space_per_resident,abs-erp-2024-25,denominator
213051580,green_space_per_resident,abs-sa2-2021,boundary
213051581,rent_weekly,abs-census-2021-g02,raw_measure
213051581,rent_weekly,abs-sa2-2021,boundary
213051581,population_growth,abs-erp-2024-25,endpoints
213051581,population_growth,abs-sa2-2021,boundary
213051581,transport_access,dtp-ptal-snapshot,raw_measure
213051581,transport_access,abs-sa2-2021,boundary
213051581,green_space_per_resident,vpa-open-space-snapshot,numerator
213051581,green_space_per_resident,abs-erp-2024-25,denominator
213051581,green_space_per_resident,abs-sa2-2021,boundary
213051582,rent_weekly,abs-census-2021-g02,raw_measure
213051582,rent_weekly,abs-sa2-2021,boundary
213051582,population_growth,abs-erp-2024-25,endpoints
213051582,population_growth,abs-sa2-2021,boundary
213051582,transport_access,dtp-ptal-snapshot,raw_measure
213051582,transport_access,abs-sa2-2021,boundary
213051582,green_space_per_resident,vpa-open-space-snapshot,numerator
213051582,green_space_per_resident,abs-erp-2024-25,denominator
213051582,green_space_per_resident,abs-sa2-2021,boundary
213051583,rent_weekly,abs-census-2021-g02,raw_measure
213051583,rent_weekly,abs-sa2-2021,boundary
213051583,population_growth,abs-erp-2024-25,endpoints
213051583,population_growth,abs-sa2-2021,boundary
213051583,transport_access,dtp-ptal-snapshot,raw_measure
213051583,transport_access,abs-sa2-2021,boundary
213051583,green_space_per_resident,vpa-open-space-snapshot,numerator
213051583,green_space_per_resident,abs-erp-2024-25,denominator
213051583,green_space_per_resident,abs-sa2-2021,boundary
213051584,rent_weekly,abs-census-2021-g02,raw_measure
213051584,rent_weekly,abs-sa2-2021,boundary
213051584,population_growth,abs-erp-2024-25,endpoints
213051584,population_growth,abs-sa2-2021,boundary
213051584,transport_access,dtp-ptal-snapshot,raw_measure
213051584,transport_access,abs-sa2-2021,boundary
213051584,green_space_per_resident,vpa-open-space-snapshot,numerator
213051584,green_space_per_resident,abs-erp-2024-25,denominator
213051584,green_space_per_resident,abs-sa2-2021,boundary
213051585,rent_weekly,abs-census-2021-g02,raw_measure
213051585,rent_weekly,abs-sa2-2021,boundary
213051585,population_growth,abs-erp-2024-25,endpoints
213051585,population_growth,abs-sa2-2021,boundary
213051585,transport_access,dtp-ptal-snapshot,raw_measure
213051585,transport_access,abs-sa2-2021,boundary
213051585,green_space_per_resident,vpa-open-space-snapshot,numerator
213051585,green_space_per_resident,abs-erp-2024-25,denominator
213051585,green_space_per_resident,abs-sa2-2021,boundary
213051586,rent_weekly,abs-census-2021-g02,raw_measure
213051586,rent_weekly,abs-sa2-2021,boundary
213051586,population_growth,abs-erp-2024-25,endpoints
213051586,population_growth,abs-sa2-2021,boundary
213051586,transport_access,dtp-ptal-snapshot,raw_measure
213051586,transport_access,abs-sa2-2021,boundary
213051586,green_space_per_resident,vpa-open-space-snapshot,numerator
213051586,green_space_per_resident,abs-erp-2024-25,denominator
213051586,green_space_per_resident,abs-sa2-2021,boundary
213051587,rent_weekly,abs-census-2021-g02,raw_measure
213051587,rent_weekly,abs-sa2-2021,boundary
213051587,population_growth,abs-erp-2024-25,endpoints
213051587,population_growth,abs-sa2-2021,boundary
213051587,transport_access,dtp-ptal-snapshot,raw_measure
213051587,transport_access,abs-sa2-2021,boundary
213051587,green_space_per_resident,vpa-open-space-snapshot,numerator
213051587,green_space_per_resident,abs-erp-2024-25,denominator
213051587,green_space_per_resident,abs-sa2-2021,boundary
213051588,rent_weekly,abs-census-2021-g02,raw_measure
213051588,rent_weekly,abs-sa2-2021,boundary
213051588,population_growth,abs-erp-2024-25,endpoints
213051588,population_growth,abs-sa2-2021,boundary
213051588,transport_access,dtp-ptal-snapshot,raw_measure
213051588,transport_access,abs-sa2-2021,boundary
213051588,green_space_per_resident,vpa-open-space-snapshot,numerator
213051588,green_space_per_resident,abs-erp-2024-25,denominator
213051588,green_space_per_resident,abs-sa2-2021,boundary
213051589,rent_weekly,abs-census-2021-g02,raw_measure
213051589,rent_weekly,abs-sa2-2021,boundary
213051589,population_growth,abs-erp-2024-25,endpoints
213051589,population_growth,abs-sa2-2021,boundary
213051589,transport_access,dtp-ptal-snapshot,raw_measure
213051589,transport_access,abs-sa2-2021,boundary
213051589,green_space_per_resident,vpa-open-space-snapshot,numerator
213051589,green_space_per_resident,abs-erp-2024-25,denominator
213051589,green_space_per_resident,abs-sa2-2021,boundary
213051590,rent_weekly,abs-census-2021-g02,raw_measure
213051590,rent_weekly,abs-sa2-2021,boundary
213051590,population_growth,abs-erp-2024-25,endpoints
213051590,population_growth,abs-sa2-2021,boundary
213051590,transport_access,dtp-ptal-snapshot,raw_measure
213051590,transport_access,abs-sa2-2021,boundary
213051590,green_space_per_resident,vpa-open-space-snapshot,numerator
213051590,green_space_per_resident,abs-erp-2024-25,denominator
213051590,green_space_per_resident,abs-sa2-2021,boundary
214011370,rent_weekly,abs-census-2021-g02,raw_measure
214011370,rent_weekly,abs-sa2-2021,boundary
214011370,population_growth,abs-erp-2024-25,endpoints
214011370,population_growth,abs-sa2-2021,boundary
214011370,transport_access,dtp-ptal-snapshot,raw_measure
214011370,transport_access,abs-sa2-2021,boundary
214011370,green_space_per_resident,vpa-open-space-snapshot,numerator
214011370,green_space_per_resident,abs-erp-2024-25,denominator
214011370,green_space_per_resident,abs-sa2-2021,boundary
214011371,rent_weekly,abs-census-2021-g02,raw_measure
214011371,rent_weekly,abs-sa2-2021,boundary
214011371,population_growth,abs-erp-2024-25,endpoints
214011371,population_growth,abs-sa2-2021,boundary
214011371,transport_access,dtp-ptal-snapshot,raw_measure
214011371,transport_access,abs-sa2-2021,boundary
214011371,green_space_per_resident,vpa-open-space-snapshot,numerator
214011371,green_space_per_resident,abs-erp-2024-25,denominator
214011371,green_space_per_resident,abs-sa2-2021,boundary
214011372,rent_weekly,abs-census-2021-g02,raw_measure
214011372,rent_weekly,abs-sa2-2021,boundary
214011372,population_growth,abs-erp-2024-25,endpoints
214011372,population_growth,abs-sa2-2021,boundary
214011372,transport_access,dtp-ptal-snapshot,raw_measure
214011372,transport_access,abs-sa2-2021,boundary
214011372,green_space_per_resident,vpa-open-space-snapshot,numerator
214011372,green_space_per_resident,abs-erp-2024-25,denominator
214011372,green_space_per_resident,abs-sa2-2021,boundary
214011373,rent_weekly,abs-census-2021-g02,raw_measure
214011373,rent_weekly,abs-sa2-2021,boundary
214011373,population_growth,abs-erp-2024-25,endpoints
214011373,population_growth,abs-sa2-2021,boundary
214011373,transport_access,dtp-ptal-snapshot,raw_measure
214011373,transport_access,abs-sa2-2021,boundary
214011373,green_space_per_resident,vpa-open-space-snapshot,numerator
214011373,green_space_per_resident,abs-erp-2024-25,denominator
214011373,green_space_per_resident,abs-sa2-2021,boundary
214011374,rent_weekly,abs-census-2021-g02,raw_measure
214011374,rent_weekly,abs-sa2-2021,boundary
214011374,population_growth,abs-erp-2024-25,endpoints
214011374,population_growth,abs-sa2-2021,boundary
214011374,transport_access,dtp-ptal-snapshot,raw_measure
214011374,transport_access,abs-sa2-2021,boundary
214011374,green_space_per_resident,vpa-open-space-snapshot,numerator
214011374,green_space_per_resident,abs-erp-2024-25,denominator
214011374,green_space_per_resident,abs-sa2-2021,boundary
214011375,rent_weekly,abs-census-2021-g02,raw_measure
214011375,rent_weekly,abs-sa2-2021,boundary
214011375,population_growth,abs-erp-2024-25,endpoints
214011375,population_growth,abs-sa2-2021,boundary
214011375,transport_access,dtp-ptal-snapshot,raw_measure
214011375,transport_access,abs-sa2-2021,boundary
214011375,green_space_per_resident,vpa-open-space-snapshot,numerator
214011375,green_space_per_resident,abs-erp-2024-25,denominator
214011375,green_space_per_resident,abs-sa2-2021,boundary
214011376,rent_weekly,abs-census-2021-g02,raw_measure
214011376,rent_weekly,abs-sa2-2021,boundary
214011376,population_growth,abs-erp-2024-25,endpoints
214011376,population_growth,abs-sa2-2021,boundary
214011376,transport_access,dtp-ptal-snapshot,raw_measure
214011376,transport_access,abs-sa2-2021,boundary
214011376,green_space_per_resident,vpa-open-space-snapshot,numerator
214011376,green_space_per_resident,abs-erp-2024-25,denominator
214011376,green_space_per_resident,abs-sa2-2021,boundary
214021377,rent_weekly,abs-census-2021-g02,raw_measure
214021377,rent_weekly,abs-sa2-2021,boundary
214021377,population_growth,abs-erp-2024-25,endpoints
214021377,population_growth,abs-sa2-2021,boundary
214021377,transport_access,dtp-ptal-snapshot,raw_measure
214021377,transport_access,abs-sa2-2021,boundary
214021377,green_space_per_resident,vpa-open-space-snapshot,numerator
214021377,green_space_per_resident,abs-erp-2024-25,denominator
214021377,green_space_per_resident,abs-sa2-2021,boundary
214021378,rent_weekly,abs-census-2021-g02,raw_measure
214021378,rent_weekly,abs-sa2-2021,boundary
214021378,population_growth,abs-erp-2024-25,endpoints
214021378,population_growth,abs-sa2-2021,boundary
214021378,transport_access,dtp-ptal-snapshot,raw_measure
214021378,transport_access,abs-sa2-2021,boundary
214021378,green_space_per_resident,vpa-open-space-snapshot,numerator
214021378,green_space_per_resident,abs-erp-2024-25,denominator
214021378,green_space_per_resident,abs-sa2-2021,boundary
214021379,rent_weekly,abs-census-2021-g02,raw_measure
214021379,rent_weekly,abs-sa2-2021,boundary
214021379,population_growth,abs-erp-2024-25,endpoints
214021379,population_growth,abs-sa2-2021,boundary
214021379,transport_access,dtp-ptal-snapshot,raw_measure
214021379,transport_access,abs-sa2-2021,boundary
214021379,green_space_per_resident,vpa-open-space-snapshot,numerator
214021379,green_space_per_resident,abs-erp-2024-25,denominator
214021379,green_space_per_resident,abs-sa2-2021,boundary
214021381,rent_weekly,abs-census-2021-g02,raw_measure
214021381,rent_weekly,abs-sa2-2021,boundary
214021381,population_growth,abs-erp-2024-25,endpoints
214021381,population_growth,abs-sa2-2021,boundary
214021381,transport_access,dtp-ptal-snapshot,raw_measure
214021381,transport_access,abs-sa2-2021,boundary
214021381,green_space_per_resident,vpa-open-space-snapshot,numerator
214021381,green_space_per_resident,abs-erp-2024-25,denominator
214021381,green_space_per_resident,abs-sa2-2021,boundary
214021382,rent_weekly,abs-census-2021-g02,raw_measure
214021382,rent_weekly,abs-sa2-2021,boundary
214021382,population_growth,abs-erp-2024-25,endpoints
214021382,population_growth,abs-sa2-2021,boundary
214021382,transport_access,dtp-ptal-snapshot,raw_measure
214021382,transport_access,abs-sa2-2021,boundary
214021382,green_space_per_resident,vpa-open-space-snapshot,numerator
214021382,green_space_per_resident,abs-erp-2024-25,denominator
214021382,green_space_per_resident,abs-sa2-2021,boundary
214021383,rent_weekly,abs-census-2021-g02,raw_measure
214021383,rent_weekly,abs-sa2-2021,boundary
214021383,population_growth,abs-erp-2024-25,endpoints
214021383,population_growth,abs-sa2-2021,boundary
214021383,transport_access,dtp-ptal-snapshot,raw_measure
214021383,transport_access,abs-sa2-2021,boundary
214021383,green_space_per_resident,vpa-open-space-snapshot,numerator
214021383,green_space_per_resident,abs-erp-2024-25,denominator
214021383,green_space_per_resident,abs-sa2-2021,boundary
214021384,rent_weekly,abs-census-2021-g02,raw_measure
214021384,rent_weekly,abs-sa2-2021,boundary
214021384,population_growth,abs-erp-2024-25,endpoints
214021384,population_growth,abs-sa2-2021,boundary
214021384,transport_access,dtp-ptal-snapshot,raw_measure
214021384,transport_access,abs-sa2-2021,boundary
214021384,green_space_per_resident,vpa-open-space-snapshot,numerator
214021384,green_space_per_resident,abs-erp-2024-25,denominator
214021384,green_space_per_resident,abs-sa2-2021,boundary
214021385,rent_weekly,abs-census-2021-g02,raw_measure
214021385,rent_weekly,abs-sa2-2021,boundary
214021385,population_growth,abs-erp-2024-25,endpoints
214021385,population_growth,abs-sa2-2021,boundary
214021385,transport_access,dtp-ptal-snapshot,raw_measure
214021385,transport_access,abs-sa2-2021,boundary
214021385,green_space_per_resident,vpa-open-space-snapshot,numerator
214021385,green_space_per_resident,abs-erp-2024-25,denominator
214021385,green_space_per_resident,abs-sa2-2021,boundary
214021591,rent_weekly,abs-census-2021-g02,raw_measure
214021591,rent_weekly,abs-sa2-2021,boundary
214021591,population_growth,abs-erp-2024-25,endpoints
214021591,population_growth,abs-sa2-2021,boundary
214021591,transport_access,dtp-ptal-snapshot,raw_measure
214021591,transport_access,abs-sa2-2021,boundary
214021591,green_space_per_resident,vpa-open-space-snapshot,numerator
214021591,green_space_per_resident,abs-erp-2024-25,denominator
214021591,green_space_per_resident,abs-sa2-2021,boundary
214021592,rent_weekly,abs-census-2021-g02,raw_measure
214021592,rent_weekly,abs-sa2-2021,boundary
214021592,population_growth,abs-erp-2024-25,endpoints
214021592,population_growth,abs-sa2-2021,boundary
214021592,transport_access,dtp-ptal-snapshot,raw_measure
214021592,transport_access,abs-sa2-2021,boundary
214021592,green_space_per_resident,vpa-open-space-snapshot,numerator
214021592,green_space_per_resident,abs-erp-2024-25,denominator
214021592,green_space_per_resident,abs-sa2-2021,boundary
