sa2_code,year,population,reference_date,revision_status,source_id,source_locator
206011106,2020,13064,2020-06-30,final,abs-erp-2024-25,Table 1!AD760
206011106,2021,12964,2021-06-30,final,abs-erp-2024-25,Table 1!AE760
206011106,2022,13238,2022-06-30,revised,abs-erp-2024-25,Table 1!AF760
206011106,2023,13691,2023-06-30,revised,abs-erp-2024-25,Table 1!AG760
206011106,2024,14328,2024-06-30,revised,abs-erp-2024-25,Table 1!AH760
206011106,2025,14693,2025-06-30,preliminary,abs-erp-2024-25,Table 1!AI760
206011107,2020,15010,2020-06-30,final,abs-erp-2024-25,Table 1!AD761
206011107,2021,14497,2021-06-30,final,abs-erp-2024-25,Table 1!AE761
206011107,2022,14619,2022-06-30,revised,abs-erp-2024-25,Table 1!AF761
206011107,2023,15115,2023-06-30,revised,abs-erp-2024-25,Table 1!AG761
206011107,2024,15538,2024-06-30,revised,abs-erp-2024-25,Table 1!AH761
206011107,2025,15988,2025-06-30,preliminary,abs-erp-2024-25,Table 1!AI761
206011109,2020,10836,2020-06-30,final,abs-erp-2024-25,Table 1!AD762
206011109,2021,10463,2021-06-30,final,abs-erp-2024-25,Table 1!AE762
206011109,2022,10398,2022-06-30,revised,abs-erp-2024-25,Table 1!AF762
206011109,2023,10600,2023-06-30,revised,abs-erp-2024-25,Table 1!AG762
206011109,2024,10831,2024-06-30,revised,abs-erp-2024-25,Table 1!AH762
206011109,2025,10907,2025-06-30,preliminary,abs-erp-2024-25,Table 1!AI762
206011495,2020,14124,2020-06-30,final,abs-erp-2024-25,Table 1!AD763
206011495,2021,13077,2021-06-30,final,abs-erp-2024-25,Table 1!AE763
206011495,2022,13185,2022-06-30,revised,abs-erp-2024-25,Table 1!AF763
206011495,2023,13976,2023-06-30,revised,abs-erp-2024-25,Table 1!AG763
206011495,2024,14474,2024-06-30,revised,abs-erp-2024-25,Table 1!AH763
206011495,2025,15255,2025-06-30,preliminary,abs-erp-2024-25,Table 1!AI763
206011496,2020,14235,2020-06-30,final,abs-erp-2024-25,Table 1!AD764
206011496,2021,13208,2021-06-30,final,abs-erp-2024-25,Table 1!AE764
206011496,2022,13303,2022-06-30,revised,abs-erp-2024-25,Table 1!AF764
206011496,2023,14204,2023-06-30,revised,abs-erp-2024-25,Table 1!AG764
206011496,2024,15081,2024-06-30,revised,abs-erp-2024-25,Table 1!AH764
206011496,2025,15366,2025-06-30,preliminary,abs-erp-2024-25,Table 1!AI764
206011497,2020,13265,2020-06-30,final,abs-erp-2024-25,Table 1!AD765
206011497,2021,12675,2021-06-30,final,abs-erp-2024-25,Table 1!AE765
206011497,2022,12901,2022-06-30,revised,abs-erp-2024-25,Table 1!AF765
206011497,2023,13482,2023-06-30,revised,abs-erp-2024-25,Table 1!AG765
206011497,2024,13887,2024-06-30,revised,abs-erp-2024-25,Table 1!AH765
206011497,2025,14457,2025-06-30,preliminary,abs-erp-2024-25,Table 1!AI765
206011498,2020,14523,2020-06-30,final,abs-erp-2024-25,Table 1!AD766
206011498,2021,14184,2021-06-30,final,abs-erp-2024-25,Table 1!AE766
206011498,2022,14066,2022-06-30,revised,abs-erp-2024-25,Table 1!AF766
206011498,2023,14476,2023-06-30,revised,abs-erp-2024-25,Table 1!AG766
206011498,2024,14767,2024-06-30,revised,abs-erp-2024-25,Table 1!AH766
206011498,2025,14989,2025-06-30,preliminary,abs-erp-2024-25,Table 1!AI766
206021110,2020,9538,2020-06-30,final,abs-erp-2024-25,Table 1!AD767
206021110,2021,9069,2021-06-30,final,abs-erp-2024-25,Table 1!AE767
206021110,2022,9142,2022-06-30,revised,abs-erp-2024-25,Table 1!AF767
206021110,2023,9469,2023-06-30,revised,abs-erp-2024-25,Table 1!AG767
206021110,2024,9653,2024-06-30,revised,abs-erp-2024-25,Table 1!AH767
206021110,2025,9749,2025-06-30,preliminary,abs-erp-2024-25,Table 1!AI767
206021112,2020,19791,2020-06-30,final,abs-erp-2024-25,Table 1!AD768
206021112,2021,19153,2021-06-30,final,abs-erp-2024-25,Table 1!AE768
206021112,2022,19126,2022-06-30,revised,abs-erp-2024-25,Table 1!AF768
206021112,2023,19544,2023-06-30,revised,abs-erp-2024-25,Table 1!AG768
206021112,2024,19893,2024-06-30,revised,abs-erp-2024-25,Table 1!AH768
206021112,2025,20234,2025-06-30,preliminary,abs-erp-2024-25,Table 1!AI768
206021499,2020,16183,2020-06-30,final,abs-erp-2024-25,Table 1!AD769
206021499,2021,15229,2021-06-30,final,abs-erp-2024-25,Table 1!AE769
206021499,2022,15082,2022-06-30,revised,abs-erp-2024-25,Table 1!AF769
206021499,2023,15490,2023-06-30,revised,abs-erp-2024-25,Table 1!AG769
206021499,2024,15836,2024-06-30,revised,abs-erp-2024-25,Table 1!AH769
206021499,2025,15969,2025-06-30,preliminary,abs-erp-2024-25,Table 1!AI769
206021500,2020,10887,2020-06-30,final,abs-erp-2024-25,Table 1!AD770
206021500,2021,10424,2021-06-30,final,abs-erp-2024-25,Table 1!AE770
206021500,2022,10437,2022-06-30,revised,abs-erp-2024-25,Table 1!AF770
206021500,2023,10682,2023-06-30,revised,abs-erp-2024-25,Table 1!AG770
206021500,2024,10878,2024-06-30,revised,abs-erp-2024-25,Table 1!AH770
206021500,2025,11026,2025-06-30,preliminary,abs-erp-2024-25,Table 1!AI770
206031113,2020,15784,2020-06-30,final,abs-erp-2024-25,Table 1!AD771
206031113,2021,15351,2021-06-30,final,abs-erp-2024-25,Table 1!AE771
206031113,2022,15148,2022-06-30,revised,abs-erp-2024-25,Table 1!AF771
206031113,2023,15674,2023-06-30,revised,abs-erp-2024-25,Table 1!AG771
206031113,2024,16078,2024-06-30,revised,abs-erp-2024-25,Table 1!AH771
206031113,2025,16398,2025-06-30,preliminary,abs-erp-2024-25,Table 1!AI771
206031115,2020,10270,2020-06-30,final,abs-erp-2024-25,Table 1!AD772
206031115,2021,9181,2021-06-30,final,abs-erp-2024-25,Table 1!AE772
206031115,2022,9143,2022-06-30,revised,abs-erp-2024-25,Table 1!AF772
206031115,2023,9729,2023-06-30,revised,abs-erp-2024-25,Table 1!AG772
206031115,2024,10215,2024-06-30,revised,abs-erp-2024-25,Table 1!AH772
206031115,2025,9935,2025-06-30,preliminary,abs-erp-2024-25,Table 1!AI772
206031116,2020,16639,2020-06-30,final,abs-erp-2024-25,Table 1!AD773
206031116,2021,16400,2021-06-30,final,abs-erp-2024-25,Table 1!AE773
206031116,2022,16547,2022-06-30,revised,abs-erp-2024-25,Table 1!AF773
206031116,2023,17157,2023-06-30,revised,abs-erp-2024-25,Table 1!AG773
206031116,2024,17752,2024-06-30,revised,abs-erp-2024-25,Table 1!AH773
206031116,2025,17965,2025-06-30,preliminary,abs-erp-2024-25,Table 1!AI773
206031501,2020,16920,2020-06-30,final,abs-erp-2024-25,Table 1!AD774
206031501,2021,16175,2021-06-30,final,abs-erp-2024-25,Table 1!AE774
206031501,2022,16145,2022-06-30,revised,abs-erp-2024-25,Table 1!AF774
206031501,2023,16584,2023-06-30,revised,abs-erp-2024-25,Table 1!AG774
206031501,2024,17096,2024-06-30,revised,abs-erp-2024-25,Table 1!AH774
206031501,2025,17119,2025-06-30,preliminary,abs-erp-2024-25,Table 1!AI774
206031502,2020,12763,2020-06-30,final,abs-erp-2024-25,Table 1!AD775
206031502,2021,12314,2021-06-30,final,abs-erp-2024-25,Table 1!AE775
206031502,2022,12252,2022-06-30,revised,abs-erp-2024-25,Table 1!AF775
206031502,2023,12616,2023-06-30,revised,abs-erp-2024-25,Table 1!AG775
206031502,2024,12876,2024-06-30,revised,abs-erp-2024-25,Table 1!AH775
206031502,2025,13196,2025-06-30,preliminary,abs-erp-2024-25,Table 1!AI775
206041117,2020,20865,2020-06-30,final,abs-erp-2024-25,Table 1!AD776
206041117,2021,17064,2021-06-30,final,abs-erp-2024-25,Table 1!AE776
206041117,2022,17942,2022-06-30,revised,abs-erp-2024-25,Table 1!AF776
206041117,2023,21321,2023-06-30,revised,abs-erp-2024-25,Table 1!AG776
206041117,2024,23758,2024-06-30,revised,abs-erp-2024-25,Table 1!AH776
206041117,2025,25267,2025-06-30,preliminary,abs-erp-2024-25,Table 1!AI776
206041118,2020,16671,2020-06-30,final,abs-erp-2024-25,Table 1!AD777
206041118,2021,15905,2021-06-30,final,abs-erp-2024-25,Table 1!AE777
206041118,2022,16395,2022-06-30,revised,abs-erp-2024-25,Table 1!AF777
206041118,2023,17661,2023-06-30,revised,abs-erp-2024-25,Table 1!AG777
206041118,2024,18407,2024-06-30,revised,abs-erp-2024-25,Table 1!AH777
206041118,2025,19139,2025-06-30,preliminary,abs-erp-2024-25,Table 1!AI777
206041119,2020,5383,2020-06-30,final,abs-erp-2024-25,Table 1!AD778
206041119,2021,4959,2021-06-30,final,abs-erp-2024-25,Table 1!AE778
206041119,2022,4860,2022-06-30,revised,abs-erp-2024-25,Table 1!AF778
206041119,2023,5066,2023-06-30,revised,abs-erp-2024-25,Table 1!AG778
206041119,2024,5169,2024-06-30,revised,abs-erp-2024-25,Table 1!AH778
206041119,2025,5245,2025-06-30,preliminary,abs-erp-2024-25,Table 1!AI778
206041120,2020,81,2020-06-30,final,abs-erp-2024-25,Table 1!AD779
206041120,2021,78,2021-06-30,final,abs-erp-2024-25,Table 1!AE779
206041120,2022,78,2022-06-30,revised,abs-erp-2024-25,Table 1!AF779
206041120,2023,78,2023-06-30,revised,abs-erp-2024-25,Table 1!AG779
206041120,2024,78,2024-06-30,revised,abs-erp-2024-25,Table 1!AH779
206041120,2025,78,2025-06-30,preliminary,abs-erp-2024-25,Table 1!AI779
206041121,2020,11416,2020-06-30,final,abs-erp-2024-25,Table 1!AD780
206041121,2021,10872,2021-06-30,final,abs-erp-2024-25,Table 1!AE780
206041121,2022,10968,2022-06-30,revised,abs-erp-2024-25,Table 1!AF780
206041121,2023,11358,2023-06-30,revised,abs-erp-2024-25,Table 1!AG780
206041121,2024,11625,2024-06-30,revised,abs-erp-2024-25,Table 1!AH780
206041121,2025,12423,2025-06-30,preliminary,abs-erp-2024-25,Table 1!AI780
206041124,2020,8318,2020-06-30,final,abs-erp-2024-25,Table 1!AD781
206041124,2021,7428,2021-06-30,final,abs-erp-2024-25,Table 1!AE781
206041124,2022,7398,2022-06-30,revised,abs-erp-2024-25,Table 1!AF781
206041124,2023,7937,2023-06-30,revised,abs-erp-2024-25,Table 1!AG781
206041124,2024,8184,2024-06-30,revised,abs-erp-2024-25,Table 1!AH781
206041124,2025,8280,2025-06-30,preliminary,abs-erp-2024-25,Table 1!AI781
206041125,2020,6960,2020-06-30,final,abs-erp-2024-25,Table 1!AD782
206041125,2021,6536,2021-06-30,final,abs-erp-2024-25,Table 1!AE782
206041125,2022,6540,2022-06-30,revised,abs-erp-2024-25,Table 1!AF782
206041125,2023,6760,2023-06-30,revised,abs-erp-2024-25,Table 1!AG782
206041125,2024,6893,2024-06-30,revised,abs-erp-2024-25,Table 1!AH782
206041125,2025,6894,2025-06-30,preliminary,abs-erp-2024-25,Table 1!AI782
206041127,2020,0,2020-06-30,final,abs-erp-2024-25,Table 1!AD783
206041127,2021,0,2021-06-30,final,abs-erp-2024-25,Table 1!AE783
206041127,2022,0,2022-06-30,revised,abs-erp-2024-25,Table 1!AF783
206041127,2023,0,2023-06-30,revised,abs-erp-2024-25,Table 1!AG783
206041127,2024,0,2024-06-30,revised,abs-erp-2024-25,Table 1!AH783
206041127,2025,0,2025-06-30,preliminary,abs-erp-2024-25,Table 1!AI783
206041503,2020,12346,2020-06-30,final,abs-erp-2024-25,Table 1!AD784
206041503,2021,10119,2021-06-30,final,abs-erp-2024-25,Table 1!AE784
206041503,2022,10630,2022-06-30,revised,abs-erp-2024-25,Table 1!AF784
206041503,2023,12389,2023-06-30,revised,abs-erp-2024-25,Table 1!AG784
206041503,2024,13593,2024-06-30,revised,abs-erp-2024-25,Table 1!AH784
206041503,2025,14266,2025-06-30,preliminary,abs-erp-2024-25,Table 1!AI784
206041504,2020,19155,2020-06-30,final,abs-erp-2024-25,Table 1!AD785
206041504,2021,17360,2021-06-30,final,abs-erp-2024-25,Table 1!AE785
206041504,2022,18774,2022-06-30,revised,abs-erp-2024-25,Table 1!AF785
206041504,2023,21527,2023-06-30,revised,abs-erp-2024-25,Table 1!AG785
206041504,2024,23395,2024-06-30,revised,abs-erp-2024-25,Table 1!AH785
206041504,2025,24296,2025-06-30,preliminary,abs-erp-2024-25,Table 1!AI785
206041505,2020,18796,2020-06-30,final,abs-erp-2024-25,Table 1!AD786
206041505,2021,16098,2021-06-30,final,abs-erp-2024-25,Table 1!AE786
206041505,2022,17226,2022-06-30,revised,abs-erp-2024-25,Table 1!AF786
206041505,2023,19965,2023-06-30,revised,abs-erp-2024-25,Table 1!AG786
206041505,2024,21340,2024-06-30,revised,abs-erp-2024-25,Table 1!AH786
206041505,2025,22163,2025-06-30,preliminary,abs-erp-2024-25,Table 1!AI786
206041506,2020,18154,2020-06-30,final,abs-erp-2024-25,Table 1!AD787
206041506,2021,15945,2021-06-30,final,abs-erp-2024-25,Table 1!AE787
206041506,2022,16510,2022-06-30,revised,abs-erp-2024-25,Table 1!AF787
206041506,2023,17942,2023-06-30,revised,abs-erp-2024-25,Table 1!AG787
206041506,2024,19069,2024-06-30,revised,abs-erp-2024-25,Table 1!AH787
206041506,2025,19286,2025-06-30,preliminary,abs-erp-2024-25,Table 1!AI787
206041507,2020,0,2020-06-30,final,abs-erp-2024-25,Table 1!AD788
206041507,2021,0,2021-06-30,final,abs-erp-2024-25,Table 1!AE788
206041507,2022,0,2022-06-30,revised,abs-erp-2024-25,Table 1!AF788
206041507,2023,0,2023-06-30,revised,abs-erp-2024-25,Table 1!AG788
206041507,2024,0,2024-06-30,revised,abs-erp-2024-25,Table 1!AH788
206041507,2025,0,2025-06-30,preliminary,abs-erp-2024-25,Table 1!AI788
206041508,2020,7551,2020-06-30,final,abs-erp-2024-25,Table 1!AD789
206041508,2021,6607,2021-06-30,final,abs-erp-2024-25,Table 1!AE789
206041508,2022,6778,2022-06-30,revised,abs-erp-2024-25,Table 1!AF789
206041508,2023,7379,2023-06-30,revised,abs-erp-2024-25,Table 1!AG789
206041508,2024,7783,2024-06-30,revised,abs-erp-2024-25,Table 1!AH789
206041508,2025,8122,2025-06-30,preliminary,abs-erp-2024-25,Table 1!AI789
206041509,2020,17305,2020-06-30,final,abs-erp-2024-25,Table 1!AD790
206041509,2021,16506,2021-06-30,final,abs-erp-2024-25,Table 1!AE790
206041509,2022,17267,2022-06-30,revised,abs-erp-2024-25,Table 1!AF790
206041509,2023,18684,2023-06-30,revised,abs-erp-2024-25,Table 1!AG790
206041509,2024,19274,2024-06-30,revised,abs-erp-2024-25,Table 1!AH790
206041509,2025,19552,2025-06-30,preliminary,abs-erp-2024-25,Table 1!AI790
206041510,2020,7567,2020-06-30,final,abs-erp-2024-25,Table 1!AD791
206041510,2021,7614,2021-06-30,final,abs-erp-2024-25,Table 1!AE791
206041510,2022,7979,2022-06-30,revised,abs-erp-2024-25,Table 1!AF791
206041510,2023,8687,2023-06-30,revised,abs-erp-2024-25,Table 1!AG791
206041510,2024,9236,2024-06-30,revised,abs-erp-2024-25,Table 1!AH791
206041510,2025,9699,2025-06-30,preliminary,abs-erp-2024-25,Table 1!AI791
206051128,2020,16955,2020-06-30,final,abs-erp-2024-25,Table 1!AD792
206051128,2021,16011,2021-06-30,final,abs-erp-2024-25,Table 1!AE792
206051128,2022,16126,2022-06-30,revised,abs-erp-2024-25,Table 1!AF792
206051128,2023,16811,2023-06-30,revised,abs-erp-2024-25,Table 1!AG792
206051128,2024,17094,2024-06-30,revised,abs-erp-2024-25,Table 1!AH792
206051128,2025,17253,2025-06-30,preliminary,abs-erp-2024-25,Table 1!AI792
206051129,2020,15925,2020-06-30,final,abs-erp-2024-25,Table 1!AD793
206051129,2021,15032,2021-06-30,final,abs-erp-2024-25,Table 1!AE793
206051129,2022,14846,2022-06-30,revised,abs-erp-2024-25,Table 1!AF793
206051129,2023,15415,2023-06-30,revised,abs-erp-2024-25,Table 1!AG793
206051129,2024,15880,2024-06-30,revised,abs-erp-2024-25,Table 1!AH793
206051129,2025,16056,2025-06-30,preliminary,abs-erp-2024-25,Table 1!AI793
206051130,2020,16998,2020-06-30,final,abs-erp-2024-25,Table 1!AD794
206051130,2021,16366,2021-06-30,final,abs-erp-2024-25,Table 1!AE794
206051130,2022,16365,2022-06-30,revised,abs-erp-2024-25,Table 1!AF794
206051130,2023,16752,2023-06-30,revised,abs-erp-2024-25,Table 1!AG794
206051130,2024,16817,2024-06-30,revised,abs-erp-2024-25,Table 1!AH794
206051130,2025,16927,2025-06-30,preliminary,abs-erp-2024-25,Table 1!AI794
206051134,2020,17259,2020-06-30,final,abs-erp-2024-25,Table 1!AD795
206051134,2021,16073,2021-06-30,final,abs-erp-2024-25,Table 1!AE795
206051134,2022,15951,2022-06-30,revised,abs-erp-2024-25,Table 1!AF795
206051134,2023,16707,2023-06-30,revised,abs-erp-2024-25,Table 1!AG795
206051134,2024,17237,2024-06-30,revised,abs-erp-2024-25,Table 1!AH795
206051134,2025,17380,2025-06-30,preliminary,abs-erp-2024-25,Table 1!AI795
206051511,2020,1709,2020-06-30,final,abs-erp-2024-25,Table 1!AD796
206051511,2021,1944,2021-06-30,final,abs-erp-2024-25,Table 1!AE796
206051511,2022,2195,2022-06-30,revised,abs-erp-2024-25,Table 1!AF796
206051511,2023,2457,2023-06-30,revised,abs-erp-2024-25,Table 1!AG796
206051511,2024,2567,2024-06-30,revised,abs-erp-2024-25,Table 1!AH796
206051511,2025,3148,2025-06-30,preliminary,abs-erp-2024-25,Table 1!AI796
206051512,2020,12721,2020-06-30,final,abs-erp-2024-25,Table 1!AD797
206051512,2021,11856,2021-06-30,final,abs-erp-2024-25,Table 1!AE797
206051512,2022,11828,2022-06-30,revised,abs-erp-2024-25,Table 1!AF797
206051512,2023,12455,2023-06-30,revised,abs-erp-2024-25,Table 1!AG797
206051512,2024,12826,2024-06-30,revised,abs-erp-2024-25,Table 1!AH797
206051512,2025,13132,2025-06-30,preliminary,abs-erp-2024-25,Table 1!AI797
206051513,2020,13380,2020-06-30,final,abs-erp-2024-25,Table 1!AD798
206051513,2021,12086,2021-06-30,final,abs-erp-2024-25,Table 1!AE798
206051513,2022,12207,2022-06-30,revised,abs-erp-2024-25,Table 1!AF798
206051513,2023,13134,2023-06-30,revised,abs-erp-2024-25,Table 1!AG798
206051513,2024,13641,2024-06-30,revised,abs-erp-2024-25,Table 1!AH798
206051513,2025,14012,2025-06-30,preliminary,abs-erp-2024-25,Table 1!AI798
206051514,2020,15648,2020-06-30,final,abs-erp-2024-25,Table 1!AD799
206051514,2021,14090,2021-06-30,final,abs-erp-2024-25,Table 1!AE799
206051514,2022,14211,2022-06-30,revised,abs-erp-2024-25,Table 1!AF799
206051514,2023,15419,2023-06-30,revised,abs-erp-2024-25,Table 1!AG799
206051514,2024,15944,2024-06-30,revised,abs-erp-2024-25,Table 1!AH799
206051514,2025,16298,2025-06-30,preliminary,abs-erp-2024-25,Table 1!AI799
206061135,2020,10075,2020-06-30,final,abs-erp-2024-25,Table 1!AD800
206061135,2021,9433,2021-06-30,final,abs-erp-2024-25,Table 1!AE800
206061135,2022,9343,2022-06-30,revised,abs-erp-2024-25,Table 1!AF800
206061135,2023,9735,2023-06-30,revised,abs-erp-2024-25,Table 1!AG800
206061135,2024,9934,2024-06-30,revised,abs-erp-2024-25,Table 1!AH800
206061135,2025,10032,2025-06-30,preliminary,abs-erp-2024-25,Table 1!AI800
206061136,2020,20847,2020-06-30,final,abs-erp-2024-25,Table 1!AD801
206061136,2021,19444,2021-06-30,final,abs-erp-2024-25,Table 1!AE801
206061136,2022,19191,2022-06-30,revised,abs-erp-2024-25,Table 1!AF801
206061136,2023,20171,2023-06-30,revised,abs-erp-2024-25,Table 1!AG801
206061136,2024,20777,2024-06-30,revised,abs-erp-2024-25,Table 1!AH801
206061136,2025,21112,2025-06-30,preliminary,abs-erp-2024-25,Table 1!AI801
206061138,2020,13644,2020-06-30,final,abs-erp-2024-25,Table 1!AD802
206061138,2021,13096,2021-06-30,final,abs-erp-2024-25,Table 1!AE802
206061138,2022,13081,2022-06-30,revised,abs-erp-2024-25,Table 1!AF802
206061138,2023,13297,2023-06-30,revised,abs-erp-2024-25,Table 1!AG802
206061138,2024,13439,2024-06-30,revised,abs-erp-2024-25,Table 1!AH802
206061138,2025,13610,2025-06-30,preliminary,abs-erp-2024-25,Table 1!AI802
206061515,2020,12223,2020-06-30,final,abs-erp-2024-25,Table 1!AD803
206061515,2021,11449,2021-06-30,final,abs-erp-2024-25,Table 1!AE803
206061515,2022,11717,2022-06-30,revised,abs-erp-2024-25,Table 1!AF803
206061515,2023,12877,2023-06-30,revised,abs-erp-2024-25,Table 1!AG803
206061515,2024,13516,2024-06-30,revised,abs-erp-2024-25,Table 1!AH803
206061515,2025,13779,2025-06-30,preliminary,abs-erp-2024-25,Table 1!AI803
206061516,2020,11285,2020-06-30,final,abs-erp-2024-25,Table 1!AD804
206061516,2021,10097,2021-06-30,final,abs-erp-2024-25,Table 1!AE804
206061516,2022,9883,2022-06-30,revised,abs-erp-2024-25,Table 1!AF804
206061516,2023,10435,2023-06-30,revised,abs-erp-2024-25,Table 1!AG804
206061516,2024,10452,2024-06-30,revised,abs-erp-2024-25,Table 1!AH804
206061516,2025,10440,2025-06-30,preliminary,abs-erp-2024-25,Table 1!AI804
206071139,2020,9672,2020-06-30,final,abs-erp-2024-25,Table 1!AD805
206071139,2021,9258,2021-06-30,final,abs-erp-2024-25,Table 1!AE805
206071139,2022,9450,2022-06-30,revised,abs-erp-2024-25,Table 1!AF805
206071139,2023,9948,2023-06-30,revised,abs-erp-2024-25,Table 1!AG805
206071139,2024,10207,2024-06-30,revised,abs-erp-2024-25,Table 1!AH805
206071139,2025,10316,2025-06-30,preliminary,abs-erp-2024-25,Table 1!AI805
206071140,2020,8899,2020-06-30,final,abs-erp-2024-25,Table 1!AD806
206071140,2021,8290,2021-06-30,final,abs-erp-2024-25,Table 1!AE806
206071140,2022,8114,2022-06-30,revised,abs-erp-2024-25,Table 1!AF806
206071140,2023,8486,2023-06-30,revised,abs-erp-2024-25,Table 1!AG806
206071140,2024,8678,2024-06-30,revised,abs-erp-2024-25,Table 1!AH806
206071140,2025,8828,2025-06-30,preliminary,abs-erp-2024-25,Table 1!AI806
206071141,2020,9969,2020-06-30,final,abs-erp-2024-25,Table 1!AD807
206071141,2021,9351,2021-06-30,final,abs-erp-2024-25,Table 1!AE807
206071141,2022,9589,2022-06-30,revised,abs-erp-2024-25,Table 1!AF807
206071141,2023,10398,2023-06-30,revised,abs-erp-2024-25,Table 1!AG807
206071141,2024,11034,2024-06-30,revised,abs-erp-2024-25,Table 1!AH807
206071141,2025,11383,2025-06-30,preliminary,abs-erp-2024-25,Table 1!AI807
206071142,2020,11299,2020-06-30,final,abs-erp-2024-25,Table 1!AD808
206071142,2021,10608,2021-06-30,final,abs-erp-2024-25,Table 1!AE808
206071142,2022,10739,2022-06-30,revised,abs-erp-2024-25,Table 1!AF808
206071142,2023,11407,2023-06-30,revised,abs-erp-2024-25,Table 1!AG808
206071142,2024,11884,2024-06-30,revised,abs-erp-2024-25,Table 1!AH808
206071142,2025,12135,2025-06-30,preliminary,abs-erp-2024-25,Table 1!AI808
206071143,2020,13659,2020-06-30,final,abs-erp-2024-25,Table 1!AD809
206071143,2021,12945,2021-06-30,final,abs-erp-2024-25,Table 1!AE809
206071143,2022,12905,2022-06-30,revised,abs-erp-2024-25,Table 1!AF809
206071143,2023,13308,2023-06-30,revised,abs-erp-2024-25,Table 1!AG809
206071143,2024,13618,2024-06-30,revised,abs-erp-2024-25,Table 1!AH809
206071143,2025,13749,2025-06-30,preliminary,abs-erp-2024-25,Table 1!AI809
206071145,2020,10163,2020-06-30,final,abs-erp-2024-25,Table 1!AD810
206071145,2021,9978,2021-06-30,final,abs-erp-2024-25,Table 1!AE810
206071145,2022,10233,2022-06-30,revised,abs-erp-2024-25,Table 1!AF810
206071145,2023,10924,2023-06-30,revised,abs-erp-2024-25,Table 1!AG810
206071145,2024,11220,2024-06-30,revised,abs-erp-2024-25,Table 1!AH810
206071145,2025,11419,2025-06-30,preliminary,abs-erp-2024-25,Table 1!AI810
206071517,2020,18929,2020-06-30,final,abs-erp-2024-25,Table 1!AD811
206071517,2021,17977,2021-06-30,final,abs-erp-2024-25,Table 1!AE811
206071517,2022,17762,2022-06-30,revised,abs-erp-2024-25,Table 1!AF811
206071517,2023,18591,2023-06-30,revised,abs-erp-2024-25,Table 1!AG811
206071517,2024,19092,2024-06-30,revised,abs-erp-2024-25,Table 1!AH811
206071517,2025,19225,2025-06-30,preliminary,abs-erp-2024-25,Table 1!AI811
206071518,2020,15025,2020-06-30,final,abs-erp-2024-25,Table 1!AD812
206071518,2021,14074,2021-06-30,final,abs-erp-2024-25,Table 1!AE812
206071518,2022,13987,2022-06-30,revised,abs-erp-2024-25,Table 1!AF812
206071518,2023,14798,2023-06-30,revised,abs-erp-2024-25,Table 1!AG812
206071518,2024,15194,2024-06-30,revised,abs-erp-2024-25,Table 1!AH812
206071518,2025,15303,2025-06-30,preliminary,abs-erp-2024-25,Table 1!AI812
207011146,2020,8309,2020-06-30,final,abs-erp-2024-25,Table 1!AD813
207011146,2021,8021,2021-06-30,final,abs-erp-2024-25,Table 1!AE813
207011146,2022,7930,2022-06-30,revised,abs-erp-2024-25,Table 1!AF813
207011146,2023,8137,2023-06-30,revised,abs-erp-2024-25,Table 1!AG813
207011146,2024,8365,2024-06-30,revised,abs-erp-2024-25,Table 1!AH813
207011146,2025,8471,2025-06-30,preliminary,abs-erp-2024-25,Table 1!AI813
207011147,2020,17031,2020-06-30,final,abs-erp-2024-25,Table 1!AD814
207011147,2021,16323,2021-06-30,final,abs-erp-2024-25,Table 1!AE814
207011147,2022,16286,2022-06-30,revised,abs-erp-2024-25,Table 1!AF814
207011147,2023,16698,2023-06-30,revised,abs-erp-2024-25,Table 1!AG814
207011147,2024,16901,2024-06-30,revised,abs-erp-2024-25,Table 1!AH814
207011147,2025,16868,2025-06-30,preliminary,abs-erp-2024-25,Table 1!AI814
207011148,2020,21930,2020-06-30,final,abs-erp-2024-25,Table 1!AD815
207011148,2021,21406,2021-06-30,final,abs-erp-2024-25,Table 1!AE815
207011148,2022,21306,2022-06-30,revised,abs-erp-2024-25,Table 1!AF815
207011148,2023,21866,2023-06-30,revised,abs-erp-2024-25,Table 1!AG815
207011148,2024,22276,2024-06-30,revised,abs-erp-2024-25,Table 1!AH815
207011148,2025,22454,2025-06-30,preliminary,abs-erp-2024-25,Table 1!AI815
207011149,2020,22604,2020-06-30,final,abs-erp-2024-25,Table 1!AD816
207011149,2021,21500,2021-06-30,final,abs-erp-2024-25,Table 1!AE816
207011149,2022,21249,2022-06-30,revised,abs-erp-2024-25,Table 1!AF816
207011149,2023,21785,2023-06-30,revised,abs-erp-2024-25,Table 1!AG816
207011149,2024,22050,2024-06-30,revised,abs-erp-2024-25,Table 1!AH816
207011149,2025,22052,2025-06-30,preliminary,abs-erp-2024-25,Table 1!AI816
207011150,2020,17375,2020-06-30,final,abs-erp-2024-25,Table 1!AD817
207011150,2021,17006,2021-06-30,final,abs-erp-2024-25,Table 1!AE817
207011150,2022,16865,2022-06-30,revised,abs-erp-2024-25,Table 1!AF817
207011150,2023,17201,2023-06-30,revised,abs-erp-2024-25,Table 1!AG817
207011150,2024,17491,2024-06-30,revised,abs-erp-2024-25,Table 1!AH817
207011150,2025,17650,2025-06-30,preliminary,abs-erp-2024-25,Table 1!AI817
207011152,2020,16698,2020-06-30,final,abs-erp-2024-25,Table 1!AD818
207011152,2021,15881,2021-06-30,final,abs-erp-2024-25,Table 1!AE818
207011152,2022,16063,2022-06-30,revised,abs-erp-2024-25,Table 1!AF818
207011152,2023,16838,2023-06-30,revised,abs-erp-2024-25,Table 1!AG818
207011152,2024,17242,2024-06-30,revised,abs-erp-2024-25,Table 1!AH818
207011152,2025,17541,2025-06-30,preliminary,abs-erp-2024-25,Table 1!AI818
207011154,2020,6783,2020-06-30,final,abs-erp-2024-25,Table 1!AD819
207011154,2021,6555,2021-06-30,final,abs-erp-2024-25,Table 1!AE819
207011154,2022,6552,2022-06-30,revised,abs-erp-2024-25,Table 1!AF819
207011154,2023,6615,2023-06-30,revised,abs-erp-2024-25,Table 1!AG819
207011154,2024,6748,2024-06-30,revised,abs-erp-2024-25,Table 1!AH819
207011154,2025,6759,2025-06-30,preliminary,abs-erp-2024-25,Table 1!AI819
207011155,2020,16786,2020-06-30,final,abs-erp-2024-25,Table 1!AD820
207011155,2021,16083,2021-06-30,final,abs-erp-2024-25,Table 1!AE820
207011155,2022,15887,2022-06-30,revised,abs-erp-2024-25,Table 1!AF820
207011155,2023,16167,2023-06-30,revised,abs-erp-2024-25,Table 1!AG820
207011155,2024,16193,2024-06-30,revised,abs-erp-2024-25,Table 1!AH820
207011155,2025,16229,2025-06-30,preliminary,abs-erp-2024-25,Table 1!AI820
207011519,2020,10862,2020-06-30,final,abs-erp-2024-25,Table 1!AD821
207011519,2021,10017,2021-06-30,final,abs-erp-2024-25,Table 1!AE821
207011519,2022,10017,2022-06-30,revised,abs-erp-2024-25,Table 1!AF821
207011519,2023,10524,2023-06-30,revised,abs-erp-2024-25,Table 1!AG821
207011519,2024,10759,2024-06-30,revised,abs-erp-2024-25,Table 1!AH821
207011519,2025,10910,2025-06-30,preliminary,abs-erp-2024-25,Table 1!AI821
207011520,2020,13360,2020-06-30,final,abs-erp-2024-25,Table 1!AD822
207011520,2021,12137,2021-06-30,final,abs-erp-2024-25,Table 1!AE822
207011520,2022,12227,2022-06-30,revised,abs-erp-2024-25,Table 1!AF822
207011520,2023,12875,2023-06-30,revised,abs-erp-2024-25,Table 1!AG822
207011520,2024,13394,2024-06-30,revised,abs-erp-2024-25,Table 1!AH822
207011520,2025,13562,2025-06-30,preliminary,abs-erp-2024-25,Table 1!AI822
207011521,2020,12385,2020-06-30,final,abs-erp-2024-25,Table 1!AD823
207011521,2021,11717,2021-06-30,final,abs-erp-2024-25,Table 1!AE823
207011521,2022,11713,2022-06-30,revised,abs-erp-2024-25,Table 1!AF823
207011521,2023,12085,2023-06-30,revised,abs-erp-2024-25,Table 1!AG823
207011521,2024,12302,2024-06-30,revised,abs-erp-2024-25,Table 1!AH823
207011521,2025,12306,2025-06-30,preliminary,abs-erp-2024-25,Table 1!AI823
207011522,2020,13752,2020-06-30,final,abs-erp-2024-25,Table 1!AD824
207011522,2021,13143,2021-06-30,final,abs-erp-2024-25,Table 1!AE824
207011522,2022,13160,2022-06-30,revised,abs-erp-2024-25,Table 1!AF824
207011522,2023,13409,2023-06-30,revised,abs-erp-2024-25,Table 1!AG824
207011522,2024,13624,2024-06-30,revised,abs-erp-2024-25,Table 1!AH824
207011522,2025,13799,2025-06-30,preliminary,abs-erp-2024-25,Table 1!AI824
207021156,2020,11657,2020-06-30,final,abs-erp-2024-25,Table 1!AD825
207021156,2021,11370,2021-06-30,final,abs-erp-2024-25,Table 1!AE825
207021156,2022,11419,2022-06-30,revised,abs-erp-2024-25,Table 1!AF825
207021156,2023,11629,2023-06-30,revised,abs-erp-2024-25,Table 1!AG825
207021156,2024,11730,2024-06-30,revised,abs-erp-2024-25,Table 1!AH825
207021156,2025,11810,2025-06-30,preliminary,abs-erp-2024-25,Table 1!AI825
207021157,2020,25118,2020-06-30,final,abs-erp-2024-25,Table 1!AD826
207021157,2021,25173,2021-06-30,final,abs-erp-2024-25,Table 1!AE826
207021157,2022,25632,2022-06-30,revised,abs-erp-2024-25,Table 1!AF826
207021157,2023,26863,2023-06-30,revised,abs-erp-2024-25,Table 1!AG826
207021157,2024,27827,2024-06-30,revised,abs-erp-2024-25,Table 1!AH826
207021157,2025,28353,2025-06-30,preliminary,abs-erp-2024-25,Table 1!AI826
207021159,2020,17548,2020-06-30,final,abs-erp-2024-25,Table 1!AD827
207021159,2021,17101,2021-06-30,final,abs-erp-2024-25,Table 1!AE827
207021159,2022,17136,2022-06-30,revised,abs-erp-2024-25,Table 1!AF827
207021159,2023,17429,2023-06-30,revised,abs-erp-2024-25,Table 1!AG827
207021159,2024,17419,2024-06-30,revised,abs-erp-2024-25,Table 1!AH827
207021159,2025,17442,2025-06-30,preliminary,abs-erp-2024-25,Table 1!AI827
207021160,2020,14581,2020-06-30,final,abs-erp-2024-25,Table 1!AD828
207021160,2021,14280,2021-06-30,final,abs-erp-2024-25,Table 1!AE828
207021160,2022,14336,2022-06-30,revised,abs-erp-2024-25,Table 1!AF828
207021160,2023,14433,2023-06-30,revised,abs-erp-2024-25,Table 1!AG828
207021160,2024,14586,2024-06-30,revised,abs-erp-2024-25,Table 1!AH828
207021160,2025,14695,2025-06-30,preliminary,abs-erp-2024-25,Table 1!AI828
207021424,2020,16144,2020-06-30,final,abs-erp-2024-25,Table 1!AD829
207021424,2021,15786,2021-06-30,final,abs-erp-2024-25,Table 1!AE829
207021424,2022,15768,2022-06-30,revised,abs-erp-2024-25,Table 1!AF829
207021424,2023,16155,2023-06-30,revised,abs-erp-2024-25,Table 1!AG829
207021424,2024,16306,2024-06-30,revised,abs-erp-2024-25,Table 1!AH829
207021424,2025,16642,2025-06-30,preliminary,abs-erp-2024-25,Table 1!AI829
207021425,2020,15942,2020-06-30,final,abs-erp-2024-25,Table 1!AD830
207021425,2021,15593,2021-06-30,final,abs-erp-2024-25,Table 1!AE830
207021425,2022,15689,2022-06-30,revised,abs-erp-2024-25,Table 1!AF830
207021425,2023,16262,2023-06-30,revised,abs-erp-2024-25,Table 1!AG830
207021425,2024,16650,2024-06-30,revised,abs-erp-2024-25,Table 1!AH830
207021425,2025,16983,2025-06-30,preliminary,abs-erp-2024-25,Table 1!AI830
207031161,2020,23032,2020-06-30,final,abs-erp-2024-25,Table 1!AD831
207031161,2021,22356,2021-06-30,final,abs-erp-2024-25,Table 1!AE831
207031161,2022,22299,2022-06-30,revised,abs-erp-2024-25,Table 1!AF831
207031161,2023,22897,2023-06-30,revised,abs-erp-2024-25,Table 1!AG831
207031161,2024,23415,2024-06-30,revised,abs-erp-2024-25,Table 1!AH831
207031161,2025,23732,2025-06-30,preliminary,abs-erp-2024-25,Table 1!AI831
207031162,2020,11342,2020-06-30,final,abs-erp-2024-25,Table 1!AD832
207031162,2021,11019,2021-06-30,final,abs-erp-2024-25,Table 1!AE832
207031162,2022,10940,2022-06-30,revised,abs-erp-2024-25,Table 1!AF832
207031162,2023,11038,2023-06-30,revised,abs-erp-2024-25,Table 1!AG832
207031162,2024,11061,2024-06-30,revised,abs-erp-2024-25,Table 1!AH832
207031162,2025,11072,2025-06-30,preliminary,abs-erp-2024-25,Table 1!AI832
207031163,2020,24118,2020-06-30,final,abs-erp-2024-25,Table 1!AD833
207031163,2021,23212,2021-06-30,final,abs-erp-2024-25,Table 1!AE833
207031163,2022,23773,2022-06-30,revised,abs-erp-2024-25,Table 1!AF833
207031163,2023,25253,2023-06-30,revised,abs-erp-2024-25,Table 1!AG833
207031163,2024,26577,2024-06-30,revised,abs-erp-2024-25,Table 1!AH833
207031163,2025,27206,2025-06-30,preliminary,abs-erp-2024-25,Table 1!AI833
207031164,2020,18903,2020-06-30,final,abs-erp-2024-25,Table 1!AD834
207031164,2021,18292,2021-06-30,final,abs-erp-2024-25,Table 1!AE834
207031164,2022,18385,2022-06-30,revised,abs-erp-2024-25,Table 1!AF834
207031164,2023,19016,2023-06-30,revised,abs-erp-2024-25,Table 1!AG834
207031164,2024,19403,2024-06-30,revised,abs-erp-2024-25,Table 1!AH834
207031164,2025,19760,2025-06-30,preliminary,abs-erp-2024-25,Table 1!AI834
207031165,2020,13468,2020-06-30,final,abs-erp-2024-25,Table 1!AD835
207031165,2021,12522,2021-06-30,final,abs-erp-2024-25,Table 1!AE835
207031165,2022,12899,2022-06-30,revised,abs-erp-2024-25,Table 1!AF835
207031165,2023,13981,2023-06-30,revised,abs-erp-2024-25,Table 1!AG835
207031165,2024,14851,2024-06-30,revised,abs-erp-2024-25,Table 1!AH835
207031165,2025,15480,2025-06-30,preliminary,abs-erp-2024-25,Table 1!AI835
207031166,2020,11053,2020-06-30,final,abs-erp-2024-25,Table 1!AD836
207031166,2021,10774,2021-06-30,final,abs-erp-2024-25,Table 1!AE836
207031166,2022,11074,2022-06-30,revised,abs-erp-2024-25,Table 1!AF836
207031166,2023,11862,2023-06-30,revised,abs-erp-2024-25,Table 1!AG836
207031166,2024,12323,2024-06-30,revised,abs-erp-2024-25,Table 1!AH836
207031166,2025,12460,2025-06-30,preliminary,abs-erp-2024-25,Table 1!AI836
207031167,2020,10666,2020-06-30,final,abs-erp-2024-25,Table 1!AD837
207031167,2021,10251,2021-06-30,final,abs-erp-2024-25,Table 1!AE837
207031167,2022,10301,2022-06-30,revised,abs-erp-2024-25,Table 1!AF837
207031167,2023,10621,2023-06-30,revised,abs-erp-2024-25,Table 1!AG837
207031167,2024,10720,2024-06-30,revised,abs-erp-2024-25,Table 1!AH837
207031167,2025,10776,2025-06-30,preliminary,abs-erp-2024-25,Table 1!AI837
208011168,2020,14362,2020-06-30,final,abs-erp-2024-25,Table 1!AD838
208011168,2021,14123,2021-06-30,final,abs-erp-2024-25,Table 1!AE838
208011168,2022,13999,2022-06-30,revised,abs-erp-2024-25,Table 1!AF838
208011168,2023,14199,2023-06-30,revised,abs-erp-2024-25,Table 1!AG838
208011168,2024,14376,2024-06-30,revised,abs-erp-2024-25,Table 1!AH838
208011168,2025,14486,2025-06-30,preliminary,abs-erp-2024-25,Table 1!AI838
208011169,2020,24136,2020-06-30,final,abs-erp-2024-25,Table 1!AD839
208011169,2021,23044,2021-06-30,final,abs-erp-2024-25,Table 1!AE839
208011169,2022,22904,2022-06-30,revised,abs-erp-2024-25,Table 1!AF839
208011169,2023,23527,2023-06-30,revised,abs-erp-2024-25,Table 1!AG839
208011169,2024,24046,2024-06-30,revised,abs-erp-2024-25,Table 1!AH839
208011169,2025,24340,2025-06-30,preliminary,abs-erp-2024-25,Table 1!AI839
208011170,2020,17010,2020-06-30,final,abs-erp-2024-25,Table 1!AD840
208011170,2021,16692,2021-06-30,final,abs-erp-2024-25,Table 1!AE840
208011170,2022,16708,2022-06-30,revised,abs-erp-2024-25,Table 1!AF840
208011170,2023,17026,2023-06-30,revised,abs-erp-2024-25,Table 1!AG840
208011170,2024,17223,2024-06-30,revised,abs-erp-2024-25,Table 1!AH840
208011170,2025,17486,2025-06-30,preliminary,abs-erp-2024-25,Table 1!AI840
208011171,2020,12601,2020-06-30,final,abs-erp-2024-25,Table 1!AD841
208011171,2021,12543,2021-06-30,final,abs-erp-2024-25,Table 1!AE841
208011171,2022,12542,2022-06-30,revised,abs-erp-2024-25,Table 1!AF841
208011171,2023,12751,2023-06-30,revised,abs-erp-2024-25,Table 1!AG841
208011171,2024,13073,2024-06-30,revised,abs-erp-2024-25,Table 1!AH841
208011171,2025,13257,2025-06-30,preliminary,abs-erp-2024-25,Table 1!AI841
208011172,2020,18997,2020-06-30,final,abs-erp-2024-25,Table 1!AD842
208011172,2021,18405,2021-06-30,final,abs-erp-2024-25,Table 1!AE842
208011172,2022,18477,2022-06-30,revised,abs-erp-2024-25,Table 1!AF842
208011172,2023,18793,2023-06-30,revised,abs-erp-2024-25,Table 1!AG842
208011172,2024,19142,2024-06-30,revised,abs-erp-2024-25,Table 1!AH842
208011172,2025,19524,2025-06-30,preliminary,abs-erp-2024-25,Table 1!AI842
208011173,2020,17912,2020-06-30,final,abs-erp-2024-25,Table 1!AD843
208011173,2021,17521,2021-06-30,final,abs-erp-2024-25,Table 1!AE843
208011173,2022,17481,2022-06-30,revised,abs-erp-2024-25,Table 1!AF843
208011173,2023,17838,2023-06-30,revised,abs-erp-2024-25,Table 1!AG843
208011173,2024,17973,2024-06-30,revised,abs-erp-2024-25,Table 1!AH843
208011173,2025,18071,2025-06-30,preliminary,abs-erp-2024-25,Table 1!AI843
208021174,2020,25447,2020-06-30,final,abs-erp-2024-25,Table 1!AD844
208021174,2021,25202,2021-06-30,final,abs-erp-2024-25,Table 1!AE844
208021174,2022,25432,2022-06-30,revised,abs-erp-2024-25,Table 1!AF844
208021174,2023,26136,2023-06-30,revised,abs-erp-2024-25,Table 1!AG844
208021174,2024,26752,2024-06-30,revised,abs-erp-2024-25,Table 1!AH844
208021174,2025,26966,2025-06-30,preliminary,abs-erp-2024-25,Table 1!AI844
208021176,2020,19676,2020-06-30,final,abs-erp-2024-25,Table 1!AD845
208021176,2021,18791,2021-06-30,final,abs-erp-2024-25,Table 1!AE845
208021176,2022,18910,2022-06-30,revised,abs-erp-2024-25,Table 1!AF845
208021176,2023,20056,2023-06-30,revised,abs-erp-2024-25,Table 1!AG845
208021176,2024,20837,2024-06-30,revised,abs-erp-2024-25,Table 1!AH845
208021176,2025,21266,2025-06-30,preliminary,abs-erp-2024-25,Table 1!AI845
208021177,2020,23399,2020-06-30,final,abs-erp-2024-25,Table 1!AD846
208021177,2021,22723,2021-06-30,final,abs-erp-2024-25,Table 1!AE846
208021177,2022,23013,2022-06-30,revised,abs-erp-2024-25,Table 1!AF846
208021177,2023,23895,2023-06-30,revised,abs-erp-2024-25,Table 1!AG846
208021177,2024,24395,2024-06-30,revised,abs-erp-2024-25,Table 1!AH846
208021177,2025,24635,2025-06-30,preliminary,abs-erp-2024-25,Table 1!AI846
208021178,2020,18714,2020-06-30,final,abs-erp-2024-25,Table 1!AD847
208021178,2021,18228,2021-06-30,final,abs-erp-2024-25,Table 1!AE847
208021178,2022,18210,2022-06-30,revised,abs-erp-2024-25,Table 1!AF847
208021178,2023,18624,2023-06-30,revised,abs-erp-2024-25,Table 1!AG847
208021178,2024,18918,2024-06-30,revised,abs-erp-2024-25,Table 1!AH847
208021178,2025,19226,2025-06-30,preliminary,abs-erp-2024-25,Table 1!AI847
208021179,2020,12509,2020-06-30,final,abs-erp-2024-25,Table 1!AD848
208021179,2021,12030,2021-06-30,final,abs-erp-2024-25,Table 1!AE848
208021179,2022,12084,2022-06-30,revised,abs-erp-2024-25,Table 1!AF848
208021179,2023,12416,2023-06-30,revised,abs-erp-2024-25,Table 1!AG848
208021179,2024,12704,2024-06-30,revised,abs-erp-2024-25,Table 1!AH848
208021179,2025,12827,2025-06-30,preliminary,abs-erp-2024-25,Table 1!AI848
208021180,2020,7957,2020-06-30,final,abs-erp-2024-25,Table 1!AD849
208021180,2021,7642,2021-06-30,final,abs-erp-2024-25,Table 1!AE849
208021180,2022,7644,2022-06-30,revised,abs-erp-2024-25,Table 1!AF849
208021180,2023,7913,2023-06-30,revised,abs-erp-2024-25,Table 1!AG849
208021180,2024,8053,2024-06-30,revised,abs-erp-2024-25,Table 1!AH849
208021180,2025,8132,2025-06-30,preliminary,abs-erp-2024-25,Table 1!AI849
208021181,2020,9771,2020-06-30,final,abs-erp-2024-25,Table 1!AD850
208021181,2021,9467,2021-06-30,final,abs-erp-2024-25,Table 1!AE850
208021181,2022,9526,2022-06-30,revised,abs-erp-2024-25,Table 1!AF850
208021181,2023,9760,2023-06-30,revised,abs-erp-2024-25,Table 1!AG850
208021181,2024,10010,2024-06-30,revised,abs-erp-2024-25,Table 1!AH850
208021181,2025,10126,2025-06-30,preliminary,abs-erp-2024-25,Table 1!AI850
208021182,2020,14198,2020-06-30,final,abs-erp-2024-25,Table 1!AD851
208021182,2021,13280,2021-06-30,final,abs-erp-2024-25,Table 1!AE851
208021182,2022,13398,2022-06-30,revised,abs-erp-2024-25,Table 1!AF851
208021182,2023,14013,2023-06-30,revised,abs-erp-2024-25,Table 1!AG851
208021182,2024,14681,2024-06-30,revised,abs-erp-2024-25,Table 1!AH851
208021182,2025,15157,2025-06-30,preliminary,abs-erp-2024-25,Table 1!AI851
208021426,2020,16815,2020-06-30,final,abs-erp-2024-25,Table 1!AD852
208021426,2021,16758,2021-06-30,final,abs-erp-2024-25,Table 1!AE852
208021426,2022,16865,2022-06-30,revised,abs-erp-2024-25,Table 1!AF852
208021426,2023,17222,2023-06-30,revised,abs-erp-2024-25,Table 1!AG852
208021426,2024,17498,2024-06-30,revised,abs-erp-2024-25,Table 1!AH852
208021426,2025,17873,2025-06-30,preliminary,abs-erp-2024-25,Table 1!AI852
208021427,2020,14127,2020-06-30,final,abs-erp-2024-25,Table 1!AD853
208021427,2021,14159,2021-06-30,final,abs-erp-2024-25,Table 1!AE853
208021427,2022,14103,2022-06-30,revised,abs-erp-2024-25,Table 1!AF853
208021427,2023,14443,2023-06-30,revised,abs-erp-2024-25,Table 1!AG853
208021427,2024,14739,2024-06-30,revised,abs-erp-2024-25,Table 1!AH853
208021427,2025,14949,2025-06-30,preliminary,abs-erp-2024-25,Table 1!AI853
208031183,2020,9188,2020-06-30,final,abs-erp-2024-25,Table 1!AD854
208031183,2021,8922,2021-06-30,final,abs-erp-2024-25,Table 1!AE854
208031183,2022,8894,2022-06-30,revised,abs-erp-2024-25,Table 1!AF854
208031183,2023,8985,2023-06-30,revised,abs-erp-2024-25,Table 1!AG854
208031183,2024,9061,2024-06-30,revised,abs-erp-2024-25,Table 1!AH854
208031183,2025,9063,2025-06-30,preliminary,abs-erp-2024-25,Table 1!AI854
208031184,2020,34,2020-06-30,final,abs-erp-2024-25,Table 1!AD855
208031184,2021,28,2021-06-30,final,abs-erp-2024-25,Table 1!AE855
208031184,2022,28,2022-06-30,revised,abs-erp-2024-25,Table 1!AF855
208031184,2023,28,2023-06-30,revised,abs-erp-2024-25,Table 1!AG855
208031184,2024,28,2024-06-30,revised,abs-erp-2024-25,Table 1!AH855
208031184,2025,28,2025-06-30,preliminary,abs-erp-2024-25,Table 1!AI855
208031185,2020,12269,2020-06-30,final,abs-erp-2024-25,Table 1!AD856
208031185,2021,12115,2021-06-30,final,abs-erp-2024-25,Table 1!AE856
208031185,2022,12159,2022-06-30,revised,abs-erp-2024-25,Table 1!AF856
208031185,2023,12330,2023-06-30,revised,abs-erp-2024-25,Table 1!AG856
208031185,2024,12414,2024-06-30,revised,abs-erp-2024-25,Table 1!AH856
208031185,2025,12478,2025-06-30,preliminary,abs-erp-2024-25,Table 1!AI856
208031186,2020,15426,2020-06-30,final,abs-erp-2024-25,Table 1!AD857
208031186,2021,15317,2021-06-30,final,abs-erp-2024-25,Table 1!AE857
208031186,2022,15339,2022-06-30,revised,abs-erp-2024-25,Table 1!AF857
208031186,2023,15568,2023-06-30,revised,abs-erp-2024-25,Table 1!AG857
208031186,2024,15842,2024-06-30,revised,abs-erp-2024-25,Table 1!AH857
208031186,2025,16058,2025-06-30,preliminary,abs-erp-2024-25,Table 1!AI857
208031187,2020,5562,2020-06-30,final,abs-erp-2024-25,Table 1!AD858
208031187,2021,5426,2021-06-30,final,abs-erp-2024-25,Table 1!AE858
208031187,2022,5364,2022-06-30,revised,abs-erp-2024-25,Table 1!AF858
208031187,2023,5359,2023-06-30,revised,abs-erp-2024-25,Table 1!AG858
208031187,2024,5431,2024-06-30,revised,abs-erp-2024-25,Table 1!AH858
208031187,2025,5445,2025-06-30,preliminary,abs-erp-2024-25,Table 1!AI858
208031188,2020,24808,2020-06-30,final,abs-erp-2024-25,Table 1!AD859
208031188,2021,24354,2021-06-30,final,abs-erp-2024-25,Table 1!AE859
208031188,2022,24522,2022-06-30,revised,abs-erp-2024-25,Table 1!AF859
208031188,2023,25243,2023-06-30,revised,abs-erp-2024-25,Table 1!AG859
208031188,2024,25799,2024-06-30,revised,abs-erp-2024-25,Table 1!AH859
208031188,2025,26320,2025-06-30,preliminary,abs-erp-2024-25,Table 1!AI859
208031189,2020,13778,2020-06-30,final,abs-erp-2024-25,Table 1!AD860
208031189,2021,13669,2021-06-30,final,abs-erp-2024-25,Table 1!AE860
208031189,2022,13644,2022-06-30,revised,abs-erp-2024-25,Table 1!AF860
208031189,2023,13889,2023-06-30,revised,abs-erp-2024-25,Table 1!AG860
208031189,2024,14112,2024-06-30,revised,abs-erp-2024-25,Table 1!AH860
208031189,2025,14365,2025-06-30,preliminary,abs-erp-2024-25,Table 1!AI860
208031190,2020,13856,2020-06-30,final,abs-erp-2024-25,Table 1!AD861
208031190,2021,13303,2021-06-30,final,abs-erp-2024-25,Table 1!AE861
208031190,2022,13347,2022-06-30,revised,abs-erp-2024-25,Table 1!AF861
208031190,2023,13702,2023-06-30,revised,abs-erp-2024-25,Table 1!AG861
208031190,2024,13945,2024-06-30,revised,abs-erp-2024-25,Table 1!AH861
208031190,2025,14155,2025-06-30,preliminary,abs-erp-2024-25,Table 1!AI861
208031191,2020,9450,2020-06-30,final,abs-erp-2024-25,Table 1!AD862
208031191,2021,9197,2021-06-30,final,abs-erp-2024-25,Table 1!AE862
208031191,2022,9209,2022-06-30,revised,abs-erp-2024-25,Table 1!AF862
208031191,2023,9414,2023-06-30,revised,abs-erp-2024-25,Table 1!AG862
208031191,2024,9679,2024-06-30,revised,abs-erp-2024-25,Table 1!AH862
208031191,2025,9826,2025-06-30,preliminary,abs-erp-2024-25,Table 1!AI862
208031192,2020,21,2020-06-30,final,abs-erp-2024-25,Table 1!AD863
208031192,2021,26,2021-06-30,final,abs-erp-2024-25,Table 1!AE863
208031192,2022,26,2022-06-30,revised,abs-erp-2024-25,Table 1!AF863
208031192,2023,26,2023-06-30,revised,abs-erp-2024-25,Table 1!AG863
208031192,2024,26,2024-06-30,revised,abs-erp-2024-25,Table 1!AH863
208031192,2025,26,2025-06-30,preliminary,abs-erp-2024-25,Table 1!AI863
208031193,2020,21782,2020-06-30,final,abs-erp-2024-25,Table 1!AD864
208031193,2021,21429,2021-06-30,final,abs-erp-2024-25,Table 1!AE864
208031193,2022,21411,2022-06-30,revised,abs-erp-2024-25,Table 1!AF864
208031193,2023,21875,2023-06-30,revised,abs-erp-2024-25,Table 1!AG864
208031193,2024,22197,2024-06-30,revised,abs-erp-2024-25,Table 1!AH864
208031193,2025,22437,2025-06-30,preliminary,abs-erp-2024-25,Table 1!AI864
208041194,2020,21457,2020-06-30,final,abs-erp-2024-25,Table 1!AD865
208041194,2021,20469,2021-06-30,final,abs-erp-2024-25,Table 1!AE865
208041194,2022,20507,2022-06-30,revised,abs-erp-2024-25,Table 1!AF865
208041194,2023,21299,2023-06-30,revised,abs-erp-2024-25,Table 1!AG865
208041194,2024,21586,2024-06-30,revised,abs-erp-2024-25,Table 1!AH865
208041194,2025,21820,2025-06-30,preliminary,abs-erp-2024-25,Table 1!AI865
208041195,2020,23079,2020-06-30,final,abs-erp-2024-25,Table 1!AD866
208041195,2021,22202,2021-06-30,final,abs-erp-2024-25,Table 1!AE866
208041195,2022,22376,2022-06-30,revised,abs-erp-2024-25,Table 1!AF866
208041195,2023,23133,2023-06-30,revised,abs-erp-2024-25,Table 1!AG866
208041195,2024,23656,2024-06-30,revised,abs-erp-2024-25,Table 1!AH866
208041195,2025,23996,2025-06-30,preliminary,abs-erp-2024-25,Table 1!AI866
209011196,2020,10295,2020-06-30,final,abs-erp-2024-25,Table 1!AD867
209011196,2021,9920,2021-06-30,final,abs-erp-2024-25,Table 1!AE867
209011196,2022,9814,2022-06-30,revised,abs-erp-2024-25,Table 1!AF867
209011196,2023,9993,2023-06-30,revised,abs-erp-2024-25,Table 1!AG867
209011196,2024,10196,2024-06-30,revised,abs-erp-2024-25,Table 1!AH867
209011196,2025,10339,2025-06-30,preliminary,abs-erp-2024-25,Table 1!AI867
209011197,2020,21373,2020-06-30,final,abs-erp-2024-25,Table 1!AD868
209011197,2021,20995,2021-06-30,final,abs-erp-2024-25,Table 1!AE868
209011197,2022,20830,2022-06-30,revised,abs-erp-2024-25,Table 1!AF868
209011197,2023,20939,2023-06-30,revised,abs-erp-2024-25,Table 1!AG868
209011197,2024,21287,2024-06-30,revised,abs-erp-2024-25,Table 1!AH868
209011197,2025,21386,2025-06-30,preliminary,abs-erp-2024-25,Table 1!AI868
209011198,2020,16650,2020-06-30,final,abs-erp-2024-25,Table 1!AD869
209011198,2021,16202,2021-06-30,final,abs-erp-2024-25,Table 1!AE869
209011198,2022,16279,2022-06-30,revised,abs-erp-2024-25,Table 1!AF869
209011198,2023,16556,2023-06-30,revised,abs-erp-2024-25,Table 1!AG869
209011198,2024,16852,2024-06-30,revised,abs-erp-2024-25,Table 1!AH869
209011198,2025,16925,2025-06-30,preliminary,abs-erp-2024-25,Table 1!AI869
209011199,2020,15540,2020-06-30,final,abs-erp-2024-25,Table 1!AD870
209011199,2021,15039,2021-06-30,final,abs-erp-2024-25,Table 1!AE870
209011199,2022,15244,2022-06-30,revised,abs-erp-2024-25,Table 1!AF870
209011199,2023,15799,2023-06-30,revised,abs-erp-2024-25,Table 1!AG870
209011199,2024,16641,2024-06-30,revised,abs-erp-2024-25,Table 1!AH870
209011199,2025,17224,2025-06-30,preliminary,abs-erp-2024-25,Table 1!AI870
209011200,2020,12883,2020-06-30,final,abs-erp-2024-25,Table 1!AD871
209011200,2021,12559,2021-06-30,final,abs-erp-2024-25,Table 1!AE871
209011200,2022,12563,2022-06-30,revised,abs-erp-2024-25,Table 1!AF871
209011200,2023,12903,2023-06-30,revised,abs-erp-2024-25,Table 1!AG871
209011200,2024,13116,2024-06-30,revised,abs-erp-2024-25,Table 1!AH871
209011200,2025,13188,2025-06-30,preliminary,abs-erp-2024-25,Table 1!AI871
209011201,2020,7984,2020-06-30,final,abs-erp-2024-25,Table 1!AD872
209011201,2021,7799,2021-06-30,final,abs-erp-2024-25,Table 1!AE872
209011201,2022,7791,2022-06-30,revised,abs-erp-2024-25,Table 1!AF872
209011201,2023,7955,2023-06-30,revised,abs-erp-2024-25,Table 1!AG872
209011201,2024,8069,2024-06-30,revised,abs-erp-2024-25,Table 1!AH872
209011201,2025,8169,2025-06-30,preliminary,abs-erp-2024-25,Table 1!AI872
209011202,2020,16905,2020-06-30,final,abs-erp-2024-25,Table 1!AD873
209011202,2021,16660,2021-06-30,final,abs-erp-2024-25,Table 1!AE873
209011202,2022,16627,2022-06-30,revised,abs-erp-2024-25,Table 1!AF873
209011202,2023,16824,2023-06-30,revised,abs-erp-2024-25,Table 1!AG873
209011202,2024,16916,2024-06-30,revised,abs-erp-2024-25,Table 1!AH873
209011202,2025,17042,2025-06-30,preliminary,abs-erp-2024-25,Table 1!AI873
209011203,2020,19188,2020-06-30,final,abs-erp-2024-25,Table 1!AD874
209011203,2021,18891,2021-06-30,final,abs-erp-2024-25,Table 1!AE874
209011203,2022,18773,2022-06-30,revised,abs-erp-2024-25,Table 1!AF874
209011203,2023,18965,2023-06-30,revised,abs-erp-2024-25,Table 1!AG874
209011203,2024,18897,2024-06-30,revised,abs-erp-2024-25,Table 1!AH874
209011203,2025,18993,2025-06-30,preliminary,abs-erp-2024-25,Table 1!AI874
209011204,2020,9476,2020-06-30,final,abs-erp-2024-25,Table 1!AD875
209011204,2021,9305,2021-06-30,final,abs-erp-2024-25,Table 1!AE875
209011204,2022,9238,2022-06-30,revised,abs-erp-2024-25,Table 1!AF875
209011204,2023,9338,2023-06-30,revised,abs-erp-2024-25,Table 1!AG875
209011204,2024,9486,2024-06-30,revised,abs-erp-2024-25,Table 1!AH875
209011204,2025,9504,2025-06-30,preliminary,abs-erp-2024-25,Table 1!AI875
209021205,2020,11525,2020-06-30,final,abs-erp-2024-25,Table 1!AD876
209021205,2021,10549,2021-06-30,final,abs-erp-2024-25,Table 1!AE876
209021205,2022,10747,2022-06-30,revised,abs-erp-2024-25,Table 1!AF876
209021205,2023,11680,2023-06-30,revised,abs-erp-2024-25,Table 1!AG876
209021205,2024,12454,2024-06-30,revised,abs-erp-2024-25,Table 1!AH876
209021205,2025,12932,2025-06-30,preliminary,abs-erp-2024-25,Table 1!AI876
209021428,2020,21746,2020-06-30,final,abs-erp-2024-25,Table 1!AD877
209021428,2021,20997,2021-06-30,final,abs-erp-2024-25,Table 1!AE877
209021428,2022,21053,2022-06-30,revised,abs-erp-2024-25,Table 1!AF877
209021428,2023,21926,2023-06-30,revised,abs-erp-2024-25,Table 1!AG877
209021428,2024,22473,2024-06-30,revised,abs-erp-2024-25,Table 1!AH877
209021428,2025,23403,2025-06-30,preliminary,abs-erp-2024-25,Table 1!AI877
209021429,2020,13278,2020-06-30,final,abs-erp-2024-25,Table 1!AD878
209021429,2021,12824,2021-06-30,final,abs-erp-2024-25,Table 1!AE878
209021429,2022,12733,2022-06-30,revised,abs-erp-2024-25,Table 1!AF878
209021429,2023,13113,2023-06-30,revised,abs-erp-2024-25,Table 1!AG878
209021429,2024,13414,2024-06-30,revised,abs-erp-2024-25,Table 1!AH878
209021429,2025,13610,2025-06-30,preliminary,abs-erp-2024-25,Table 1!AI878
209021523,2020,15565,2020-06-30,final,abs-erp-2024-25,Table 1!AD879
209021523,2021,14987,2021-06-30,final,abs-erp-2024-25,Table 1!AE879
209021523,2022,14926,2022-06-30,revised,abs-erp-2024-25,Table 1!AF879
209021523,2023,15424,2023-06-30,revised,abs-erp-2024-25,Table 1!AG879
209021523,2024,15915,2024-06-30,revised,abs-erp-2024-25,Table 1!AH879
209021523,2025,16329,2025-06-30,preliminary,abs-erp-2024-25,Table 1!AI879
209021524,2020,10346,2020-06-30,final,abs-erp-2024-25,Table 1!AD880
209021524,2021,9881,2021-06-30,final,abs-erp-2024-25,Table 1!AE880
209021524,2022,9698,2022-06-30,revised,abs-erp-2024-25,Table 1!AF880
209021524,2023,9792,2023-06-30,revised,abs-erp-2024-25,Table 1!AG880
209021524,2024,9806,2024-06-30,revised,abs-erp-2024-25,Table 1!AH880
209021524,2025,9751,2025-06-30,preliminary,abs-erp-2024-25,Table 1!AI880
209021525,2020,13399,2020-06-30,final,abs-erp-2024-25,Table 1!AD881
209021525,2021,12939,2021-06-30,final,abs-erp-2024-25,Table 1!AE881
209021525,2022,12995,2022-06-30,revised,abs-erp-2024-25,Table 1!AF881
209021525,2023,13394,2023-06-30,revised,abs-erp-2024-25,Table 1!AG881
209021525,2024,13823,2024-06-30,revised,abs-erp-2024-25,Table 1!AH881
209021525,2025,14143,2025-06-30,preliminary,abs-erp-2024-25,Table 1!AI881
209021526,2020,14798,2020-06-30,final,abs-erp-2024-25,Table 1!AD882
209021526,2021,14244,2021-06-30,final,abs-erp-2024-25,Table 1!AE882
209021526,2022,14233,2022-06-30,revised,abs-erp-2024-25,Table 1!AF882
209021526,2023,14692,2023-06-30,revised,abs-erp-2024-25,Table 1!AG882
209021526,2024,15104,2024-06-30,revised,abs-erp-2024-25,Table 1!AH882
209021526,2025,15350,2025-06-30,preliminary,abs-erp-2024-25,Table 1!AI882
209031209,2020,24113,2020-06-30,final,abs-erp-2024-25,Table 1!AD883
209031209,2021,23707,2021-06-30,final,abs-erp-2024-25,Table 1!AE883
209031209,2022,23513,2022-06-30,revised,abs-erp-2024-25,Table 1!AF883
209031209,2023,23486,2023-06-30,revised,abs-erp-2024-25,Table 1!AG883
209031209,2024,23515,2024-06-30,revised,abs-erp-2024-25,Table 1!AH883
209031209,2025,23669,2025-06-30,preliminary,abs-erp-2024-25,Table 1!AI883
209031210,2020,3632,2020-06-30,final,abs-erp-2024-25,Table 1!AD884
209031210,2021,3576,2021-06-30,final,abs-erp-2024-25,Table 1!AE884
209031210,2022,3527,2022-06-30,revised,abs-erp-2024-25,Table 1!AF884
209031210,2023,3512,2023-06-30,revised,abs-erp-2024-25,Table 1!AG884
209031210,2024,3518,2024-06-30,revised,abs-erp-2024-25,Table 1!AH884
209031210,2025,3521,2025-06-30,preliminary,abs-erp-2024-25,Table 1!AI884
209031211,2020,4172,2020-06-30,final,abs-erp-2024-25,Table 1!AD885
209031211,2021,4237,2021-06-30,final,abs-erp-2024-25,Table 1!AE885
209031211,2022,4291,2022-06-30,revised,abs-erp-2024-25,Table 1!AF885
209031211,2023,4329,2023-06-30,revised,abs-erp-2024-25,Table 1!AG885
209031211,2024,4369,2024-06-30,revised,abs-erp-2024-25,Table 1!AH885
209031211,2025,4419,2025-06-30,preliminary,abs-erp-2024-25,Table 1!AI885
209031212,2020,5236,2020-06-30,final,abs-erp-2024-25,Table 1!AD886
209031212,2021,5121,2021-06-30,final,abs-erp-2024-25,Table 1!AE886
209031212,2022,5146,2022-06-30,revised,abs-erp-2024-25,Table 1!AF886
209031212,2023,5105,2023-06-30,revised,abs-erp-2024-25,Table 1!AG886
209031212,2024,5123,2024-06-30,revised,abs-erp-2024-25,Table 1!AH886
209031212,2025,5130,2025-06-30,preliminary,abs-erp-2024-25,Table 1!AI886
209031213,2020,9763,2020-06-30,final,abs-erp-2024-25,Table 1!AD887
209031213,2021,9521,2021-06-30,final,abs-erp-2024-25,Table 1!AE887
209031213,2022,9424,2022-06-30,revised,abs-erp-2024-25,Table 1!AF887
209031213,2023,9554,2023-06-30,revised,abs-erp-2024-25,Table 1!AG887
209031213,2024,9584,2024-06-30,revised,abs-erp-2024-25,Table 1!AH887
209031213,2025,9579,2025-06-30,preliminary,abs-erp-2024-25,Table 1!AI887
209031214,2020,6999,2020-06-30,final,abs-erp-2024-25,Table 1!AD888
209031214,2021,6987,2021-06-30,final,abs-erp-2024-25,Table 1!AE888
209031214,2022,6964,2022-06-30,revised,abs-erp-2024-25,Table 1!AF888
209031214,2023,6972,2023-06-30,revised,abs-erp-2024-25,Table 1!AG888
209031214,2024,7017,2024-06-30,revised,abs-erp-2024-25,Table 1!AH888
209031214,2025,7039,2025-06-30,preliminary,abs-erp-2024-25,Table 1!AI888
209031215,2020,14579,2020-06-30,final,abs-erp-2024-25,Table 1!AD889
209031215,2021,14538,2021-06-30,final,abs-erp-2024-25,Table 1!AE889
209031215,2022,14424,2022-06-30,revised,abs-erp-2024-25,Table 1!AF889
209031215,2023,14529,2023-06-30,revised,abs-erp-2024-25,Table 1!AG889
209031215,2024,14771,2024-06-30,revised,abs-erp-2024-25,Table 1!AH889
209031215,2025,14859,2025-06-30,preliminary,abs-erp-2024-25,Table 1!AI889
209041216,2020,7760,2020-06-30,final,abs-erp-2024-25,Table 1!AD890
209041216,2021,7424,2021-06-30,final,abs-erp-2024-25,Table 1!AE890
209041216,2022,7467,2022-06-30,revised,abs-erp-2024-25,Table 1!AF890
209041216,2023,7749,2023-06-30,revised,abs-erp-2024-25,Table 1!AG890
209041216,2024,7966,2024-06-30,revised,abs-erp-2024-25,Table 1!AH890
209041216,2025,8014,2025-06-30,preliminary,abs-erp-2024-25,Table 1!AI890
209041217,2020,6463,2020-06-30,final,abs-erp-2024-25,Table 1!AD891
209041217,2021,6237,2021-06-30,final,abs-erp-2024-25,Table 1!AE891
209041217,2022,6298,2022-06-30,revised,abs-erp-2024-25,Table 1!AF891
209041217,2023,6532,2023-06-30,revised,abs-erp-2024-25,Table 1!AG891
209041217,2024,6721,2024-06-30,revised,abs-erp-2024-25,Table 1!AH891
209041217,2025,6806,2025-06-30,preliminary,abs-erp-2024-25,Table 1!AI891
209041220,2020,18274,2020-06-30,final,abs-erp-2024-25,Table 1!AD892
209041220,2021,17640,2021-06-30,final,abs-erp-2024-25,Table 1!AE892
209041220,2022,17302,2022-06-30,revised,abs-erp-2024-25,Table 1!AF892
209041220,2023,17421,2023-06-30,revised,abs-erp-2024-25,Table 1!AG892
209041220,2024,17665,2024-06-30,revised,abs-erp-2024-25,Table 1!AH892
209041220,2025,17610,2025-06-30,preliminary,abs-erp-2024-25,Table 1!AI892
209041221,2020,11897,2020-06-30,final,abs-erp-2024-25,Table 1!AD893
209041221,2021,11339,2021-06-30,final,abs-erp-2024-25,Table 1!AE893
209041221,2022,11146,2022-06-30,revised,abs-erp-2024-25,Table 1!AF893
209041221,2023,11265,2023-06-30,revised,abs-erp-2024-25,Table 1!AG893
209041221,2024,11288,2024-06-30,revised,abs-erp-2024-25,Table 1!AH893
209041221,2025,11494,2025-06-30,preliminary,abs-erp-2024-25,Table 1!AI893
209041223,2020,21173,2020-06-30,final,abs-erp-2024-25,Table 1!AD894
209041223,2021,20201,2021-06-30,final,abs-erp-2024-25,Table 1!AE894
209041223,2022,19959,2022-06-30,revised,abs-erp-2024-25,Table 1!AF894
209041223,2023,20162,2023-06-30,revised,abs-erp-2024-25,Table 1!AG894
209041223,2024,20484,2024-06-30,revised,abs-erp-2024-25,Table 1!AH894
209041223,2025,20595,2025-06-30,preliminary,abs-erp-2024-25,Table 1!AI894
209041224,2020,21543,2020-06-30,final,abs-erp-2024-25,Table 1!AD895
209041224,2021,22953,2021-06-30,final,abs-erp-2024-25,Table 1!AE895
209041224,2022,24646,2022-06-30,revised,abs-erp-2024-25,Table 1!AF895
209041224,2023,26251,2023-06-30,revised,abs-erp-2024-25,Table 1!AG895
209041224,2024,28343,2024-06-30,revised,abs-erp-2024-25,Table 1!AH895
209041224,2025,30342,2025-06-30,preliminary,abs-erp-2024-25,Table 1!AI895
209041225,2020,9803,2020-06-30,final,abs-erp-2024-25,Table 1!AD896
209041225,2021,10763,2021-06-30,final,abs-erp-2024-25,Table 1!AE896
209041225,2022,12299,2022-06-30,revised,abs-erp-2024-25,Table 1!AF896
209041225,2023,13975,2023-06-30,revised,abs-erp-2024-25,Table 1!AG896
209041225,2024,15759,2024-06-30,revised,abs-erp-2024-25,Table 1!AH896
209041225,2025,18174,2025-06-30,preliminary,abs-erp-2024-25,Table 1!AI896
209041431,2020,13793,2020-06-30,final,abs-erp-2024-25,Table 1!AD897
209041431,2021,13269,2021-06-30,final,abs-erp-2024-25,Table 1!AE897
209041431,2022,13156,2022-06-30,revised,abs-erp-2024-25,Table 1!AF897
209041431,2023,13333,2023-06-30,revised,abs-erp-2024-25,Table 1!AG897
209041431,2024,13453,2024-06-30,revised,abs-erp-2024-25,Table 1!AH897
209041431,2025,13555,2025-06-30,preliminary,abs-erp-2024-25,Table 1!AI897
209041432,2020,8655,2020-06-30,final,abs-erp-2024-25,Table 1!AD898
209041432,2021,8279,2021-06-30,final,abs-erp-2024-25,Table 1!AE898
209041432,2022,8068,2022-06-30,revised,abs-erp-2024-25,Table 1!AF898
209041432,2023,8280,2023-06-30,revised,abs-erp-2024-25,Table 1!AG898
209041432,2024,8380,2024-06-30,revised,abs-erp-2024-25,Table 1!AH898
209041432,2025,8322,2025-06-30,preliminary,abs-erp-2024-25,Table 1!AI898
209041433,2020,12552,2020-06-30,final,abs-erp-2024-25,Table 1!AD899
209041433,2021,12279,2021-06-30,final,abs-erp-2024-25,Table 1!AE899
209041433,2022,12370,2022-06-30,revised,abs-erp-2024-25,Table 1!AF899
209041433,2023,12663,2023-06-30,revised,abs-erp-2024-25,Table 1!AG899
209041433,2024,12852,2024-06-30,revised,abs-erp-2024-25,Table 1!AH899
209041433,2025,12895,2025-06-30,preliminary,abs-erp-2024-25,Table 1!AI899
209041435,2020,12942,2020-06-30,final,abs-erp-2024-25,Table 1!AD900
209041435,2021,12714,2021-06-30,final,abs-erp-2024-25,Table 1!AE900
209041435,2022,12681,2022-06-30,revised,abs-erp-2024-25,Table 1!AF900
209041435,2023,12848,2023-06-30,revised,abs-erp-2024-25,Table 1!AG900
209041435,2024,13029,2024-06-30,revised,abs-erp-2024-25,Table 1!AH900
209041435,2025,13259,2025-06-30,preliminary,abs-erp-2024-25,Table 1!AI900
209041436,2020,12856,2020-06-30,final,abs-erp-2024-25,Table 1!AD901
209041436,2021,12513,2021-06-30,final,abs-erp-2024-25,Table 1!AE901
209041436,2022,12389,2022-06-30,revised,abs-erp-2024-25,Table 1!AF901
209041436,2023,12565,2023-06-30,revised,abs-erp-2024-25,Table 1!AG901
209041436,2024,12855,2024-06-30,revised,abs-erp-2024-25,Table 1!AH901
209041436,2025,13054,2025-06-30,preliminary,abs-erp-2024-25,Table 1!AI901
209041437,2020,20975,2020-06-30,final,abs-erp-2024-25,Table 1!AD902
209041437,2021,24807,2021-06-30,final,abs-erp-2024-25,Table 1!AE902
209041437,2022,28188,2022-06-30,revised,abs-erp-2024-25,Table 1!AF902
209041437,2023,30686,2023-06-30,revised,abs-erp-2024-25,Table 1!AG902
209041437,2024,33491,2024-06-30,revised,abs-erp-2024-25,Table 1!AH902
209041437,2025,36658,2025-06-30,preliminary,abs-erp-2024-25,Table 1!AI902
209041527,2020,16321,2020-06-30,final,abs-erp-2024-25,Table 1!AD903
209041527,2021,16484,2021-06-30,final,abs-erp-2024-25,Table 1!AE903
209041527,2022,16685,2022-06-30,revised,abs-erp-2024-25,Table 1!AF903
209041527,2023,17072,2023-06-30,revised,abs-erp-2024-25,Table 1!AG903
209041527,2024,17176,2024-06-30,revised,abs-erp-2024-25,Table 1!AH903
209041527,2025,17283,2025-06-30,preliminary,abs-erp-2024-25,Table 1!AI903
209041528,2020,10137,2020-06-30,final,abs-erp-2024-25,Table 1!AD904
209041528,2021,10595,2021-06-30,final,abs-erp-2024-25,Table 1!AE904
209041528,2022,11089,2022-06-30,revised,abs-erp-2024-25,Table 1!AF904
209041528,2023,11470,2023-06-30,revised,abs-erp-2024-25,Table 1!AG904
209041528,2024,11781,2024-06-30,revised,abs-erp-2024-25,Table 1!AH904
209041528,2025,11947,2025-06-30,preliminary,abs-erp-2024-25,Table 1!AI904
209041529,2020,10426,2020-06-30,final,abs-erp-2024-25,Table 1!AD905
209041529,2021,10025,2021-06-30,final,abs-erp-2024-25,Table 1!AE905
209041529,2022,9827,2022-06-30,revised,abs-erp-2024-25,Table 1!AF905
209041529,2023,9943,2023-06-30,revised,abs-erp-2024-25,Table 1!AG905
209041529,2024,10162,2024-06-30,revised,abs-erp-2024-25,Table 1!AH905
209041529,2025,10253,2025-06-30,preliminary,abs-erp-2024-25,Table 1!AI905
209041530,2020,13900,2020-06-30,final,abs-erp-2024-25,Table 1!AD906
209041530,2021,13623,2021-06-30,final,abs-erp-2024-25,Table 1!AE906
209041530,2022,13621,2022-06-30,revised,abs-erp-2024-25,Table 1!AF906
209041530,2023,13793,2023-06-30,revised,abs-erp-2024-25,Table 1!AG906
209041530,2024,13889,2024-06-30,revised,abs-erp-2024-25,Table 1!AH906
209041530,2025,13925,2025-06-30,preliminary,abs-erp-2024-25,Table 1!AI906
209041531,2020,11473,2020-06-30,final,abs-erp-2024-25,Table 1!AD907
209041531,2021,11553,2021-06-30,final,abs-erp-2024-25,Table 1!AE907
209041531,2022,11643,2022-06-30,revised,abs-erp-2024-25,Table 1!AF907
209041531,2023,11755,2023-06-30,revised,abs-erp-2024-25,Table 1!AG907
209041531,2024,12004,2024-06-30,revised,abs-erp-2024-25,Table 1!AH907
209041531,2025,12061,2025-06-30,preliminary,abs-erp-2024-25,Table 1!AI907
209041532,2020,11640,2020-06-30,final,abs-erp-2024-25,Table 1!AD908
209041532,2021,12086,2021-06-30,final,abs-erp-2024-25,Table 1!AE908
209041532,2022,12538,2022-06-30,revised,abs-erp-2024-25,Table 1!AF908
209041532,2023,12994,2023-06-30,revised,abs-erp-2024-25,Table 1!AG908
209041532,2024,13483,2024-06-30,revised,abs-erp-2024-25,Table 1!AH908
209041532,2025,13854,2025-06-30,preliminary,abs-erp-2024-25,Table 1!AI908
210011226,2020,8362,2020-06-30,final,abs-erp-2024-25,Table 1!AD909
210011226,2021,8240,2021-06-30,final,abs-erp-2024-25,Table 1!AE909
210011226,2022,8273,2022-06-30,revised,abs-erp-2024-25,Table 1!AF909
210011226,2023,8437,2023-06-30,revised,abs-erp-2024-25,Table 1!AG909
210011226,2024,8612,2024-06-30,revised,abs-erp-2024-25,Table 1!AH909
210011226,2025,8783,2025-06-30,preliminary,abs-erp-2024-25,Table 1!AI909
210011227,2020,11,2020-06-30,final,abs-erp-2024-25,Table 1!AD910
210011227,2021,14,2021-06-30,final,abs-erp-2024-25,Table 1!AE910
210011227,2022,14,2022-06-30,revised,abs-erp-2024-25,Table 1!AF910
210011227,2023,14,2023-06-30,revised,abs-erp-2024-25,Table 1!AG910
210011227,2024,14,2024-06-30,revised,abs-erp-2024-25,Table 1!AH910
210011227,2025,14,2025-06-30,preliminary,abs-erp-2024-25,Table 1!AI910
210011228,2020,8778,2020-06-30,final,abs-erp-2024-25,Table 1!AD911
210011228,2021,8596,2021-06-30,final,abs-erp-2024-25,Table 1!AE911
210011228,2022,8531,2022-06-30,revised,abs-erp-2024-25,Table 1!AF911
210011228,2023,8548,2023-06-30,revised,abs-erp-2024-25,Table 1!AG911
210011228,2024,8675,2024-06-30,revised,abs-erp-2024-25,Table 1!AH911
210011228,2025,8732,2025-06-30,preliminary,abs-erp-2024-25,Table 1!AI911
210011230,2020,7646,2020-06-30,final,abs-erp-2024-25,Table 1!AD912
210011230,2021,7520,2021-06-30,final,abs-erp-2024-25,Table 1!AE912
210011230,2022,7560,2022-06-30,revised,abs-erp-2024-25,Table 1!AF912
210011230,2023,7777,2023-06-30,revised,abs-erp-2024-25,Table 1!AG912
210011230,2024,7898,2024-06-30,revised,abs-erp-2024-25,Table 1!AH912
210011230,2025,8048,2025-06-30,preliminary,abs-erp-2024-25,Table 1!AI912
210011231,2020,10277,2020-06-30,final,abs-erp-2024-25,Table 1!AD913
210011231,2021,10107,2021-06-30,final,abs-erp-2024-25,Table 1!AE913
210011231,2022,10167,2022-06-30,revised,abs-erp-2024-25,Table 1!AF913
210011231,2023,10301,2023-06-30,revised,abs-erp-2024-25,Table 1!AG913
210011231,2024,10427,2024-06-30,revised,abs-erp-2024-25,Table 1!AH913
210011231,2025,10536,2025-06-30,preliminary,abs-erp-2024-25,Table 1!AI913
210011533,2020,12642,2020-06-30,final,abs-erp-2024-25,Table 1!AD914
210011533,2021,12473,2021-06-30,final,abs-erp-2024-25,Table 1!AE914
210011533,2022,12377,2022-06-30,revised,abs-erp-2024-25,Table 1!AF914
210011533,2023,12556,2023-06-30,revised,abs-erp-2024-25,Table 1!AG914
210011533,2024,12792,2024-06-30,revised,abs-erp-2024-25,Table 1!AH914
210011533,2025,12861,2025-06-30,preliminary,abs-erp-2024-25,Table 1!AI914
210011534,2020,15471,2020-06-30,final,abs-erp-2024-25,Table 1!AD915
210011534,2021,15174,2021-06-30,final,abs-erp-2024-25,Table 1!AE915
210011534,2022,15173,2022-06-30,revised,abs-erp-2024-25,Table 1!AF915
210011534,2023,15289,2023-06-30,revised,abs-erp-2024-25,Table 1!AG915
210011534,2024,15463,2024-06-30,revised,abs-erp-2024-25,Table 1!AH915
210011534,2025,15645,2025-06-30,preliminary,abs-erp-2024-25,Table 1!AI915
210021232,2020,14245,2020-06-30,final,abs-erp-2024-25,Table 1!AD916
210021232,2021,14340,2021-06-30,final,abs-erp-2024-25,Table 1!AE916
210021232,2022,14446,2022-06-30,revised,abs-erp-2024-25,Table 1!AF916
210021232,2023,14885,2023-06-30,revised,abs-erp-2024-25,Table 1!AG916
210021232,2024,15405,2024-06-30,revised,abs-erp-2024-25,Table 1!AH916
210021232,2025,15959,2025-06-30,preliminary,abs-erp-2024-25,Table 1!AI916
210021233,2020,3536,2020-06-30,final,abs-erp-2024-25,Table 1!AD917
210021233,2021,3540,2021-06-30,final,abs-erp-2024-25,Table 1!AE917
210021233,2022,3571,2022-06-30,revised,abs-erp-2024-25,Table 1!AF917
210021233,2023,3570,2023-06-30,revised,abs-erp-2024-25,Table 1!AG917
210021233,2024,3623,2024-06-30,revised,abs-erp-2024-25,Table 1!AH917
210021233,2025,3615,2025-06-30,preliminary,abs-erp-2024-25,Table 1!AI917
210021234,2020,4442,2020-06-30,final,abs-erp-2024-25,Table 1!AD918
210021234,2021,4498,2021-06-30,final,abs-erp-2024-25,Table 1!AE918
210021234,2022,4521,2022-06-30,revised,abs-erp-2024-25,Table 1!AF918
210021234,2023,4537,2023-06-30,revised,abs-erp-2024-25,Table 1!AG918
210021234,2024,4520,2024-06-30,revised,abs-erp-2024-25,Table 1!AH918
210021234,2025,4589,2025-06-30,preliminary,abs-erp-2024-25,Table 1!AI918
210021235,2020,10612,2020-06-30,final,abs-erp-2024-25,Table 1!AD919
210021235,2021,10835,2021-06-30,final,abs-erp-2024-25,Table 1!AE919
210021235,2022,11079,2022-06-30,revised,abs-erp-2024-25,Table 1!AF919
210021235,2023,11247,2023-06-30,revised,abs-erp-2024-25,Table 1!AG919
210021235,2024,11463,2024-06-30,revised,abs-erp-2024-25,Table 1!AH919
210021235,2025,11567,2025-06-30,preliminary,abs-erp-2024-25,Table 1!AI919
210031236,2020,8775,2020-06-30,final,abs-erp-2024-25,Table 1!AD920
210031236,2021,8513,2021-06-30,final,abs-erp-2024-25,Table 1!AE920
210031236,2022,8581,2022-06-30,revised,abs-erp-2024-25,Table 1!AF920
210031236,2023,8788,2023-06-30,revised,abs-erp-2024-25,Table 1!AG920
210031236,2024,8882,2024-06-30,revised,abs-erp-2024-25,Table 1!AH920
210031236,2025,8932,2025-06-30,preliminary,abs-erp-2024-25,Table 1!AI920
210031237,2020,14781,2020-06-30,final,abs-erp-2024-25,Table 1!AD921
210031237,2021,14184,2021-06-30,final,abs-erp-2024-25,Table 1!AE921
210031237,2022,14160,2022-06-30,revised,abs-erp-2024-25,Table 1!AF921
210031237,2023,14667,2023-06-30,revised,abs-erp-2024-25,Table 1!AG921
210031237,2024,14900,2024-06-30,revised,abs-erp-2024-25,Table 1!AH921
210031237,2025,15096,2025-06-30,preliminary,abs-erp-2024-25,Table 1!AI921
210031439,2020,3156,2020-06-30,final,abs-erp-2024-25,Table 1!AD922
210031439,2021,3141,2021-06-30,final,abs-erp-2024-25,Table 1!AE922
210031439,2022,3123,2022-06-30,revised,abs-erp-2024-25,Table 1!AF922
210031439,2023,3174,2023-06-30,revised,abs-erp-2024-25,Table 1!AG922
210031439,2024,3173,2024-06-30,revised,abs-erp-2024-25,Table 1!AH922
210031439,2025,3215,2025-06-30,preliminary,abs-erp-2024-25,Table 1!AI922
210031440,2020,6394,2020-06-30,final,abs-erp-2024-25,Table 1!AD923
210031440,2021,6298,2021-06-30,final,abs-erp-2024-25,Table 1!AE923
210031440,2022,6364,2022-06-30,revised,abs-erp-2024-25,Table 1!AF923
210031440,2023,6502,2023-06-30,revised,abs-erp-2024-25,Table 1!AG923
210031440,2024,6625,2024-06-30,revised,abs-erp-2024-25,Table 1!AH923
210031440,2025,6650,2025-06-30,preliminary,abs-erp-2024-25,Table 1!AI923
210031535,2020,15565,2020-06-30,final,abs-erp-2024-25,Table 1!AD924
210031535,2021,14980,2021-06-30,final,abs-erp-2024-25,Table 1!AE924
210031535,2022,14830,2022-06-30,revised,abs-erp-2024-25,Table 1!AF924
210031535,2023,15381,2023-06-30,revised,abs-erp-2024-25,Table 1!AG924
210031535,2024,15671,2024-06-30,revised,abs-erp-2024-25,Table 1!AH924
210031535,2025,15762,2025-06-30,preliminary,abs-erp-2024-25,Table 1!AI924
210031536,2020,9246,2020-06-30,final,abs-erp-2024-25,Table 1!AD925
210031536,2021,8976,2021-06-30,final,abs-erp-2024-25,Table 1!AE925
210031536,2022,8985,2022-06-30,revised,abs-erp-2024-25,Table 1!AF925
210031536,2023,9311,2023-06-30,revised,abs-erp-2024-25,Table 1!AG925
210031536,2024,9518,2024-06-30,revised,abs-erp-2024-25,Table 1!AH925
210031536,2025,9563,2025-06-30,preliminary,abs-erp-2024-25,Table 1!AI925
210031537,2020,8153,2020-06-30,final,abs-erp-2024-25,Table 1!AD926
210031537,2021,7978,2021-06-30,final,abs-erp-2024-25,Table 1!AE926
210031537,2022,8081,2022-06-30,revised,abs-erp-2024-25,Table 1!AF926
210031537,2023,8257,2023-06-30,revised,abs-erp-2024-25,Table 1!AG926
210031537,2024,8450,2024-06-30,revised,abs-erp-2024-25,Table 1!AH926
210031537,2025,8559,2025-06-30,preliminary,abs-erp-2024-25,Table 1!AI926
210031538,2020,17951,2020-06-30,final,abs-erp-2024-25,Table 1!AD927
210031538,2021,17402,2021-06-30,final,abs-erp-2024-25,Table 1!AE927
210031538,2022,17425,2022-06-30,revised,abs-erp-2024-25,Table 1!AF927
210031538,2023,17876,2023-06-30,revised,abs-erp-2024-25,Table 1!AG927
210031538,2024,18356,2024-06-30,revised,abs-erp-2024-25,Table 1!AH927
210031538,2025,18674,2025-06-30,preliminary,abs-erp-2024-25,Table 1!AI927
210041240,2020,13858,2020-06-30,final,abs-erp-2024-25,Table 1!AD928
210041240,2021,13788,2021-06-30,final,abs-erp-2024-25,Table 1!AE928
210041240,2022,13820,2022-06-30,revised,abs-erp-2024-25,Table 1!AF928
210041240,2023,14197,2023-06-30,revised,abs-erp-2024-25,Table 1!AG928
210041240,2024,14758,2024-06-30,revised,abs-erp-2024-25,Table 1!AH928
210041240,2025,15364,2025-06-30,preliminary,abs-erp-2024-25,Table 1!AI928
210041539,2020,4651,2020-06-30,final,abs-erp-2024-25,Table 1!AD929
210041539,2021,5302,2021-06-30,final,abs-erp-2024-25,Table 1!AE929
210041539,2022,5829,2022-06-30,revised,abs-erp-2024-25,Table 1!AF929
210041539,2023,6425,2023-06-30,revised,abs-erp-2024-25,Table 1!AG929
210041539,2024,6946,2024-06-30,revised,abs-erp-2024-25,Table 1!AH929
210041539,2025,7434,2025-06-30,preliminary,abs-erp-2024-25,Table 1!AI929
210041540,2020,15046,2020-06-30,final,abs-erp-2024-25,Table 1!AD930
210041540,2021,15103,2021-06-30,final,abs-erp-2024-25,Table 1!AE930
210041540,2022,15464,2022-06-30,revised,abs-erp-2024-25,Table 1!AF930
210041540,2023,16011,2023-06-30,revised,abs-erp-2024-25,Table 1!AG930
210041540,2024,16773,2024-06-30,revised,abs-erp-2024-25,Table 1!AH930
210041540,2025,17683,2025-06-30,preliminary,abs-erp-2024-25,Table 1!AI930
210041541,2020,11547,2020-06-30,final,abs-erp-2024-25,Table 1!AD931
210041541,2021,11271,2021-06-30,final,abs-erp-2024-25,Table 1!AE931
210041541,2022,11131,2022-06-30,revised,abs-erp-2024-25,Table 1!AF931
210041541,2023,11355,2023-06-30,revised,abs-erp-2024-25,Table 1!AG931
210041541,2024,11368,2024-06-30,revised,abs-erp-2024-25,Table 1!AH931
210041541,2025,11497,2025-06-30,preliminary,abs-erp-2024-25,Table 1!AI931
210051242,2020,14747,2020-06-30,final,abs-erp-2024-25,Table 1!AD932
210051242,2021,14063,2021-06-30,final,abs-erp-2024-25,Table 1!AE932
210051242,2022,13921,2022-06-30,revised,abs-erp-2024-25,Table 1!AF932
210051242,2023,14313,2023-06-30,revised,abs-erp-2024-25,Table 1!AG932
210051242,2024,14734,2024-06-30,revised,abs-erp-2024-25,Table 1!AH932
210051242,2025,14972,2025-06-30,preliminary,abs-erp-2024-25,Table 1!AI932
210051243,2020,16885,2020-06-30,final,abs-erp-2024-25,Table 1!AD933
210051243,2021,16245,2021-06-30,final,abs-erp-2024-25,Table 1!AE933
210051243,2022,15858,2022-06-30,revised,abs-erp-2024-25,Table 1!AF933
210051243,2023,16188,2023-06-30,revised,abs-erp-2024-25,Table 1!AG933
210051243,2024,16389,2024-06-30,revised,abs-erp-2024-25,Table 1!AH933
210051243,2025,16386,2025-06-30,preliminary,abs-erp-2024-25,Table 1!AI933
210051245,2020,18598,2020-06-30,final,abs-erp-2024-25,Table 1!AD934
210051245,2021,18176,2021-06-30,final,abs-erp-2024-25,Table 1!AE934
210051245,2022,17969,2022-06-30,revised,abs-erp-2024-25,Table 1!AF934
210051245,2023,18144,2023-06-30,revised,abs-erp-2024-25,Table 1!AG934
210051245,2024,18208,2024-06-30,revised,abs-erp-2024-25,Table 1!AH934
210051245,2025,18285,2025-06-30,preliminary,abs-erp-2024-25,Table 1!AI934
210051246,2020,21279,2020-06-30,final,abs-erp-2024-25,Table 1!AD935
210051246,2021,22406,2021-06-30,final,abs-erp-2024-25,Table 1!AE935
210051246,2022,23492,2022-06-30,revised,abs-erp-2024-25,Table 1!AF935
210051246,2023,24570,2023-06-30,revised,abs-erp-2024-25,Table 1!AG935
210051246,2024,25668,2024-06-30,revised,abs-erp-2024-25,Table 1!AH935
210051246,2025,26757,2025-06-30,preliminary,abs-erp-2024-25,Table 1!AI935
210051247,2020,15840,2020-06-30,final,abs-erp-2024-25,Table 1!AD936
210051247,2021,15070,2021-06-30,final,abs-erp-2024-25,Table 1!AE936
210051247,2022,14627,2022-06-30,revised,abs-erp-2024-25,Table 1!AF936
210051247,2023,14853,2023-06-30,revised,abs-erp-2024-25,Table 1!AG936
210051247,2024,14915,2024-06-30,revised,abs-erp-2024-25,Table 1!AH936
210051247,2025,14841,2025-06-30,preliminary,abs-erp-2024-25,Table 1!AI936
210051248,2020,143,2020-06-30,final,abs-erp-2024-25,Table 1!AD937
210051248,2021,130,2021-06-30,final,abs-erp-2024-25,Table 1!AE937
210051248,2022,130,2022-06-30,revised,abs-erp-2024-25,Table 1!AF937
210051248,2023,130,2023-06-30,revised,abs-erp-2024-25,Table 1!AG937
210051248,2024,130,2024-06-30,revised,abs-erp-2024-25,Table 1!AH937
210051248,2025,130,2025-06-30,preliminary,abs-erp-2024-25,Table 1!AI937
210051250,2020,6824,2020-06-30,final,abs-erp-2024-25,Table 1!AD938
210051250,2021,6628,2021-06-30,final,abs-erp-2024-25,Table 1!AE938
210051250,2022,6486,2022-06-30,revised,abs-erp-2024-25,Table 1!AF938
210051250,2023,6551,2023-06-30,revised,abs-erp-2024-25,Table 1!AG938
210051250,2024,6667,2024-06-30,revised,abs-erp-2024-25,Table 1!AH938
210051250,2025,6727,2025-06-30,preliminary,abs-erp-2024-25,Table 1!AI938
210051441,2020,8715,2020-06-30,final,abs-erp-2024-25,Table 1!AD939
210051441,2021,8190,2021-06-30,final,abs-erp-2024-25,Table 1!AE939
210051441,2022,7965,2022-06-30,revised,abs-erp-2024-25,Table 1!AF939
210051441,2023,8107,2023-06-30,revised,abs-erp-2024-25,Table 1!AG939
210051441,2024,8170,2024-06-30,revised,abs-erp-2024-25,Table 1!AH939
210051441,2025,8172,2025-06-30,preliminary,abs-erp-2024-25,Table 1!AI939
210051442,2020,12893,2020-06-30,final,abs-erp-2024-25,Table 1!AD940
210051442,2021,12446,2021-06-30,final,abs-erp-2024-25,Table 1!AE940
210051442,2022,12399,2022-06-30,revised,abs-erp-2024-25,Table 1!AF940
210051442,2023,12649,2023-06-30,revised,abs-erp-2024-25,Table 1!AG940
210051442,2024,12833,2024-06-30,revised,abs-erp-2024-25,Table 1!AH940
210051442,2025,12846,2025-06-30,preliminary,abs-erp-2024-25,Table 1!AI940
210051443,2020,21632,2020-06-30,final,abs-erp-2024-25,Table 1!AD941
210051443,2021,22007,2021-06-30,final,abs-erp-2024-25,Table 1!AE941
210051443,2022,22533,2022-06-30,revised,abs-erp-2024-25,Table 1!AF941
210051443,2023,23418,2023-06-30,revised,abs-erp-2024-25,Table 1!AG941
210051443,2024,23994,2024-06-30,revised,abs-erp-2024-25,Table 1!AH941
210051443,2025,24431,2025-06-30,preliminary,abs-erp-2024-25,Table 1!AI941
210051445,2020,18657,2020-06-30,final,abs-erp-2024-25,Table 1!AD942
210051445,2021,23795,2021-06-30,final,abs-erp-2024-25,Table 1!AE942
210051445,2022,28481,2022-06-30,revised,abs-erp-2024-25,Table 1!AF942
210051445,2023,31864,2023-06-30,revised,abs-erp-2024-25,Table 1!AG942
210051445,2024,35244,2024-06-30,revised,abs-erp-2024-25,Table 1!AH942
210051445,2025,39389,2025-06-30,preliminary,abs-erp-2024-25,Table 1!AI942
210051542,2020,9253,2020-06-30,final,abs-erp-2024-25,Table 1!AD943
210051542,2021,9975,2021-06-30,final,abs-erp-2024-25,Table 1!AE943
210051542,2022,10339,2022-06-30,revised,abs-erp-2024-25,Table 1!AF943
210051542,2023,10721,2023-06-30,revised,abs-erp-2024-25,Table 1!AG943
210051542,2024,11144,2024-06-30,revised,abs-erp-2024-25,Table 1!AH943
210051542,2025,11293,2025-06-30,preliminary,abs-erp-2024-25,Table 1!AI943
210051543,2020,12687,2020-06-30,final,abs-erp-2024-25,Table 1!AD944
210051543,2021,13194,2021-06-30,final,abs-erp-2024-25,Table 1!AE944
210051543,2022,13602,2022-06-30,revised,abs-erp-2024-25,Table 1!AF944
210051543,2023,14203,2023-06-30,revised,abs-erp-2024-25,Table 1!AG944
210051543,2024,14699,2024-06-30,revised,abs-erp-2024-25,Table 1!AH944
210051543,2025,14970,2025-06-30,preliminary,abs-erp-2024-25,Table 1!AI944
210051544,2020,10043,2020-06-30,final,abs-erp-2024-25,Table 1!AD945
210051544,2021,9582,2021-06-30,final,abs-erp-2024-25,Table 1!AE945
210051544,2022,9484,2022-06-30,revised,abs-erp-2024-25,Table 1!AF945
210051544,2023,9656,2023-06-30,revised,abs-erp-2024-25,Table 1!AG945
210051544,2024,9691,2024-06-30,revised,abs-erp-2024-25,Table 1!AH945
210051544,2025,9699,2025-06-30,preliminary,abs-erp-2024-25,Table 1!AI945
210051545,2020,14993,2020-06-30,final,abs-erp-2024-25,Table 1!AD946
210051545,2021,14848,2021-06-30,final,abs-erp-2024-25,Table 1!AE946
210051545,2022,14936,2022-06-30,revised,abs-erp-2024-25,Table 1!AF946
210051545,2023,15149,2023-06-30,revised,abs-erp-2024-25,Table 1!AG946
210051545,2024,15375,2024-06-30,revised,abs-erp-2024-25,Table 1!AH946
210051545,2025,15440,2025-06-30,preliminary,abs-erp-2024-25,Table 1!AI946
211011251,2020,12992,2020-06-30,final,abs-erp-2024-25,Table 1!AD947
211011251,2021,12708,2021-06-30,final,abs-erp-2024-25,Table 1!AE947
211011251,2022,12692,2022-06-30,revised,abs-erp-2024-25,Table 1!AF947
211011251,2023,13011,2023-06-30,revised,abs-erp-2024-25,Table 1!AG947
211011251,2024,13270,2024-06-30,revised,abs-erp-2024-25,Table 1!AH947
211011251,2025,13388,2025-06-30,preliminary,abs-erp-2024-25,Table 1!AI947
211011254,2020,17016,2020-06-30,final,abs-erp-2024-25,Table 1!AD948
211011254,2021,16734,2021-06-30,final,abs-erp-2024-25,Table 1!AE948
211011254,2022,16690,2022-06-30,revised,abs-erp-2024-25,Table 1!AF948
211011254,2023,16999,2023-06-30,revised,abs-erp-2024-25,Table 1!AG948
211011254,2024,17094,2024-06-30,revised,abs-erp-2024-25,Table 1!AH948
211011254,2025,17232,2025-06-30,preliminary,abs-erp-2024-25,Table 1!AI948
211011255,2020,6802,2020-06-30,final,abs-erp-2024-25,Table 1!AD949
211011255,2021,6654,2021-06-30,final,abs-erp-2024-25,Table 1!AE949
211011255,2022,6552,2022-06-30,revised,abs-erp-2024-25,Table 1!AF949
211011255,2023,6552,2023-06-30,revised,abs-erp-2024-25,Table 1!AG949
211011255,2024,6583,2024-06-30,revised,abs-erp-2024-25,Table 1!AH949
211011255,2025,6622,2025-06-30,preliminary,abs-erp-2024-25,Table 1!AI949
211011256,2020,15826,2020-06-30,final,abs-erp-2024-25,Table 1!AD950
211011256,2021,15540,2021-06-30,final,abs-erp-2024-25,Table 1!AE950
211011256,2022,15442,2022-06-30,revised,abs-erp-2024-25,Table 1!AF950
211011256,2023,15677,2023-06-30,revised,abs-erp-2024-25,Table 1!AG950
211011256,2024,15692,2024-06-30,revised,abs-erp-2024-25,Table 1!AH950
211011256,2025,15771,2025-06-30,preliminary,abs-erp-2024-25,Table 1!AI950
211011257,2020,8122,2020-06-30,final,abs-erp-2024-25,Table 1!AD951
211011257,2021,7962,2021-06-30,final,abs-erp-2024-25,Table 1!AE951
211011257,2022,7794,2022-06-30,revised,abs-erp-2024-25,Table 1!AF951
211011257,2023,7829,2023-06-30,revised,abs-erp-2024-25,Table 1!AG951
211011257,2024,7867,2024-06-30,revised,abs-erp-2024-25,Table 1!AH951
211011257,2025,7827,2025-06-30,preliminary,abs-erp-2024-25,Table 1!AI951
211011258,2020,10754,2020-06-30,final,abs-erp-2024-25,Table 1!AD952
211011258,2021,10462,2021-06-30,final,abs-erp-2024-25,Table 1!AE952
211011258,2022,10378,2022-06-30,revised,abs-erp-2024-25,Table 1!AF952
211011258,2023,10460,2023-06-30,revised,abs-erp-2024-25,Table 1!AG952
211011258,2024,10566,2024-06-30,revised,abs-erp-2024-25,Table 1!AH952
211011258,2025,10578,2025-06-30,preliminary,abs-erp-2024-25,Table 1!AI952
211011259,2020,14866,2020-06-30,final,abs-erp-2024-25,Table 1!AD953
211011259,2021,14446,2021-06-30,final,abs-erp-2024-25,Table 1!AE953
211011259,2022,14220,2022-06-30,revised,abs-erp-2024-25,Table 1!AF953
211011259,2023,14516,2023-06-30,revised,abs-erp-2024-25,Table 1!AG953
211011259,2024,14607,2024-06-30,revised,abs-erp-2024-25,Table 1!AH953
211011259,2025,14634,2025-06-30,preliminary,abs-erp-2024-25,Table 1!AI953
211011260,2020,18602,2020-06-30,final,abs-erp-2024-25,Table 1!AD954
211011260,2021,18099,2021-06-30,final,abs-erp-2024-25,Table 1!AE954
211011260,2022,17967,2022-06-30,revised,abs-erp-2024-25,Table 1!AF954
211011260,2023,18156,2023-06-30,revised,abs-erp-2024-25,Table 1!AG954
211011260,2024,18360,2024-06-30,revised,abs-erp-2024-25,Table 1!AH954
211011260,2025,18475,2025-06-30,preliminary,abs-erp-2024-25,Table 1!AI954
211011446,2020,23924,2020-06-30,final,abs-erp-2024-25,Table 1!AD955
211011446,2021,23837,2021-06-30,final,abs-erp-2024-25,Table 1!AE955
211011446,2022,23829,2022-06-30,revised,abs-erp-2024-25,Table 1!AF955
211011446,2023,24161,2023-06-30,revised,abs-erp-2024-25,Table 1!AG955
211011446,2024,24512,2024-06-30,revised,abs-erp-2024-25,Table 1!AH955
211011446,2025,24763,2025-06-30,preliminary,abs-erp-2024-25,Table 1!AI955
211011447,2020,14446,2020-06-30,final,abs-erp-2024-25,Table 1!AD956
211011447,2021,14247,2021-06-30,final,abs-erp-2024-25,Table 1!AE956
211011447,2022,14228,2022-06-30,revised,abs-erp-2024-25,Table 1!AF956
211011447,2023,14373,2023-06-30,revised,abs-erp-2024-25,Table 1!AG956
211011447,2024,14500,2024-06-30,revised,abs-erp-2024-25,Table 1!AH956
211011447,2025,14538,2025-06-30,preliminary,abs-erp-2024-25,Table 1!AI956
211011448,2020,15517,2020-06-30,final,abs-erp-2024-25,Table 1!AD957
211011448,2021,15451,2021-06-30,final,abs-erp-2024-25,Table 1!AE957
211011448,2022,15331,2022-06-30,revised,abs-erp-2024-25,Table 1!AF957
211011448,2023,15547,2023-06-30,revised,abs-erp-2024-25,Table 1!AG957
211011448,2024,15562,2024-06-30,revised,abs-erp-2024-25,Table 1!AH957
211011448,2025,15630,2025-06-30,preliminary,abs-erp-2024-25,Table 1!AI957
211011449,2020,4415,2020-06-30,final,abs-erp-2024-25,Table 1!AD958
211011449,2021,4380,2021-06-30,final,abs-erp-2024-25,Table 1!AE958
211011449,2022,4299,2022-06-30,revised,abs-erp-2024-25,Table 1!AF958
211011449,2023,4297,2023-06-30,revised,abs-erp-2024-25,Table 1!AG958
211011449,2024,4318,2024-06-30,revised,abs-erp-2024-25,Table 1!AH958
211011449,2025,4336,2025-06-30,preliminary,abs-erp-2024-25,Table 1!AI958
211021261,2020,16668,2020-06-30,final,abs-erp-2024-25,Table 1!AD959
211021261,2021,16410,2021-06-30,final,abs-erp-2024-25,Table 1!AE959
211021261,2022,16390,2022-06-30,revised,abs-erp-2024-25,Table 1!AF959
211021261,2023,16494,2023-06-30,revised,abs-erp-2024-25,Table 1!AG959
211021261,2024,16748,2024-06-30,revised,abs-erp-2024-25,Table 1!AH959
211021261,2025,16894,2025-06-30,preliminary,abs-erp-2024-25,Table 1!AI959
211021262,2020,10404,2020-06-30,final,abs-erp-2024-25,Table 1!AD960
211021262,2021,10181,2021-06-30,final,abs-erp-2024-25,Table 1!AE960
211021262,2022,10076,2022-06-30,revised,abs-erp-2024-25,Table 1!AF960
211021262,2023,10124,2023-06-30,revised,abs-erp-2024-25,Table 1!AG960
211021262,2024,10212,2024-06-30,revised,abs-erp-2024-25,Table 1!AH960
211021262,2025,10229,2025-06-30,preliminary,abs-erp-2024-25,Table 1!AI960
211031263,2020,12332,2020-06-30,final,abs-erp-2024-25,Table 1!AD961
211031263,2021,11967,2021-06-30,final,abs-erp-2024-25,Table 1!AE961
211031263,2022,11829,2022-06-30,revised,abs-erp-2024-25,Table 1!AF961
211031263,2023,11901,2023-06-30,revised,abs-erp-2024-25,Table 1!AG961
211031263,2024,12007,2024-06-30,revised,abs-erp-2024-25,Table 1!AH961
211031263,2025,12097,2025-06-30,preliminary,abs-erp-2024-25,Table 1!AI961
211031265,2020,18640,2020-06-30,final,abs-erp-2024-25,Table 1!AD962
211031265,2021,18232,2021-06-30,final,abs-erp-2024-25,Table 1!AE962
211031265,2022,18141,2022-06-30,revised,abs-erp-2024-25,Table 1!AF962
211031265,2023,18303,2023-06-30,revised,abs-erp-2024-25,Table 1!AG962
211031265,2024,18352,2024-06-30,revised,abs-erp-2024-25,Table 1!AH962
211031265,2025,18457,2025-06-30,preliminary,abs-erp-2024-25,Table 1!AI962
211031266,2020,19158,2020-06-30,final,abs-erp-2024-25,Table 1!AD963
211031266,2021,18919,2021-06-30,final,abs-erp-2024-25,Table 1!AE963
211031266,2022,18962,2022-06-30,revised,abs-erp-2024-25,Table 1!AF963
211031266,2023,19297,2023-06-30,revised,abs-erp-2024-25,Table 1!AG963
211031266,2024,19593,2024-06-30,revised,abs-erp-2024-25,Table 1!AH963
211031266,2025,19779,2025-06-30,preliminary,abs-erp-2024-25,Table 1!AI963
211031267,2020,21785,2020-06-30,final,abs-erp-2024-25,Table 1!AD964
211031267,2021,21351,2021-06-30,final,abs-erp-2024-25,Table 1!AE964
211031267,2022,21244,2022-06-30,revised,abs-erp-2024-25,Table 1!AF964
211031267,2023,21435,2023-06-30,revised,abs-erp-2024-25,Table 1!AG964
211031267,2024,21824,2024-06-30,revised,abs-erp-2024-25,Table 1!AH964
211031267,2025,22164,2025-06-30,preliminary,abs-erp-2024-25,Table 1!AI964
211031268,2020,9931,2020-06-30,final,abs-erp-2024-25,Table 1!AD965
211031268,2021,9723,2021-06-30,final,abs-erp-2024-25,Table 1!AE965
211031268,2022,9651,2022-06-30,revised,abs-erp-2024-25,Table 1!AF965
211031268,2023,9683,2023-06-30,revised,abs-erp-2024-25,Table 1!AG965
211031268,2024,9777,2024-06-30,revised,abs-erp-2024-25,Table 1!AH965
211031268,2025,9839,2025-06-30,preliminary,abs-erp-2024-25,Table 1!AI965
211031450,2020,16403,2020-06-30,final,abs-erp-2024-25,Table 1!AD966
211031450,2021,16236,2021-06-30,final,abs-erp-2024-25,Table 1!AE966
211031450,2022,16196,2022-06-30,revised,abs-erp-2024-25,Table 1!AF966
211031450,2023,16570,2023-06-30,revised,abs-erp-2024-25,Table 1!AG966
211031450,2024,17141,2024-06-30,revised,abs-erp-2024-25,Table 1!AH966
211031450,2025,17345,2025-06-30,preliminary,abs-erp-2024-25,Table 1!AI966
211031451,2020,14561,2020-06-30,final,abs-erp-2024-25,Table 1!AD967
211031451,2021,14246,2021-06-30,final,abs-erp-2024-25,Table 1!AE967
211031451,2022,14192,2022-06-30,revised,abs-erp-2024-25,Table 1!AF967
211031451,2023,14584,2023-06-30,revised,abs-erp-2024-25,Table 1!AG967
211031451,2024,14793,2024-06-30,revised,abs-erp-2024-25,Table 1!AH967
211031451,2025,14940,2025-06-30,preliminary,abs-erp-2024-25,Table 1!AI967
211031452,2020,5015,2020-06-30,final,abs-erp-2024-25,Table 1!AD968
211031452,2021,4936,2021-06-30,final,abs-erp-2024-25,Table 1!AE968
211031452,2022,4960,2022-06-30,revised,abs-erp-2024-25,Table 1!AF968
211031452,2023,5026,2023-06-30,revised,abs-erp-2024-25,Table 1!AG968
211031452,2024,5118,2024-06-30,revised,abs-erp-2024-25,Table 1!AH968
211031452,2025,5147,2025-06-30,preliminary,abs-erp-2024-25,Table 1!AI968
211041269,2020,11166,2020-06-30,final,abs-erp-2024-25,Table 1!AD969
211041269,2021,10866,2021-06-30,final,abs-erp-2024-25,Table 1!AE969
211041269,2022,10853,2022-06-30,revised,abs-erp-2024-25,Table 1!AF969
211041269,2023,11008,2023-06-30,revised,abs-erp-2024-25,Table 1!AG969
211041269,2024,11179,2024-06-30,revised,abs-erp-2024-25,Table 1!AH969
211041269,2025,11256,2025-06-30,preliminary,abs-erp-2024-25,Table 1!AI969
211041270,2020,17338,2020-06-30,final,abs-erp-2024-25,Table 1!AD970
211041270,2021,16930,2021-06-30,final,abs-erp-2024-25,Table 1!AE970
211041270,2022,16990,2022-06-30,revised,abs-erp-2024-25,Table 1!AF970
211041270,2023,17288,2023-06-30,revised,abs-erp-2024-25,Table 1!AG970
211041270,2024,17425,2024-06-30,revised,abs-erp-2024-25,Table 1!AH970
211041270,2025,17496,2025-06-30,preliminary,abs-erp-2024-25,Table 1!AI970
211041271,2020,12861,2020-06-30,final,abs-erp-2024-25,Table 1!AD971
211041271,2021,12518,2021-06-30,final,abs-erp-2024-25,Table 1!AE971
211041271,2022,12576,2022-06-30,revised,abs-erp-2024-25,Table 1!AF971
211041271,2023,12903,2023-06-30,revised,abs-erp-2024-25,Table 1!AG971
211041271,2024,13192,2024-06-30,revised,abs-erp-2024-25,Table 1!AH971
211041271,2025,13247,2025-06-30,preliminary,abs-erp-2024-25,Table 1!AI971
211041272,2020,11337,2020-06-30,final,abs-erp-2024-25,Table 1!AD972
211041272,2021,11079,2021-06-30,final,abs-erp-2024-25,Table 1!AE972
211041272,2022,10983,2022-06-30,revised,abs-erp-2024-25,Table 1!AF972
211041272,2023,11141,2023-06-30,revised,abs-erp-2024-25,Table 1!AG972
211041272,2024,11333,2024-06-30,revised,abs-erp-2024-25,Table 1!AH972
211041272,2025,11435,2025-06-30,preliminary,abs-erp-2024-25,Table 1!AI972
211041273,2020,12303,2020-06-30,final,abs-erp-2024-25,Table 1!AD973
211041273,2021,12042,2021-06-30,final,abs-erp-2024-25,Table 1!AE973
211041273,2022,12027,2022-06-30,revised,abs-erp-2024-25,Table 1!AF973
211041273,2023,12161,2023-06-30,revised,abs-erp-2024-25,Table 1!AG973
211041273,2024,12237,2024-06-30,revised,abs-erp-2024-25,Table 1!AH973
211041273,2025,12250,2025-06-30,preliminary,abs-erp-2024-25,Table 1!AI973
211051274,2020,10339,2020-06-30,final,abs-erp-2024-25,Table 1!AD974
211051274,2021,10091,2021-06-30,final,abs-erp-2024-25,Table 1!AE974
211051274,2022,9977,2022-06-30,revised,abs-erp-2024-25,Table 1!AF974
211051274,2023,9942,2023-06-30,revised,abs-erp-2024-25,Table 1!AG974
211051274,2024,9958,2024-06-30,revised,abs-erp-2024-25,Table 1!AH974
211051274,2025,9964,2025-06-30,preliminary,abs-erp-2024-25,Table 1!AI974
211051275,2020,11767,2020-06-30,final,abs-erp-2024-25,Table 1!AD975
211051275,2021,11876,2021-06-30,final,abs-erp-2024-25,Table 1!AE975
211051275,2022,12079,2022-06-30,revised,abs-erp-2024-25,Table 1!AF975
211051275,2023,12373,2023-06-30,revised,abs-erp-2024-25,Table 1!AG975
211051275,2024,12483,2024-06-30,revised,abs-erp-2024-25,Table 1!AH975
211051275,2025,12603,2025-06-30,preliminary,abs-erp-2024-25,Table 1!AI975
211051276,2020,14335,2020-06-30,final,abs-erp-2024-25,Table 1!AD976
211051276,2021,14181,2021-06-30,final,abs-erp-2024-25,Table 1!AE976
211051276,2022,14091,2022-06-30,revised,abs-erp-2024-25,Table 1!AF976
211051276,2023,14104,2023-06-30,revised,abs-erp-2024-25,Table 1!AG976
211051276,2024,14000,2024-06-30,revised,abs-erp-2024-25,Table 1!AH976
211051276,2025,14116,2025-06-30,preliminary,abs-erp-2024-25,Table 1!AI976
211051277,2020,9962,2020-06-30,final,abs-erp-2024-25,Table 1!AD977
211051277,2021,9980,2021-06-30,final,abs-erp-2024-25,Table 1!AE977
211051277,2022,10087,2022-06-30,revised,abs-erp-2024-25,Table 1!AF977
211051277,2023,10326,2023-06-30,revised,abs-erp-2024-25,Table 1!AG977
211051277,2024,10647,2024-06-30,revised,abs-erp-2024-25,Table 1!AH977
211051277,2025,10692,2025-06-30,preliminary,abs-erp-2024-25,Table 1!AI977
211051278,2020,19952,2020-06-30,final,abs-erp-2024-25,Table 1!AD978
211051278,2021,19786,2021-06-30,final,abs-erp-2024-25,Table 1!AE978
211051278,2022,19895,2022-06-30,revised,abs-erp-2024-25,Table 1!AF978
211051278,2023,20012,2023-06-30,revised,abs-erp-2024-25,Table 1!AG978
211051278,2024,20492,2024-06-30,revised,abs-erp-2024-25,Table 1!AH978
211051278,2025,20905,2025-06-30,preliminary,abs-erp-2024-25,Table 1!AI978
211051279,2020,5878,2020-06-30,final,abs-erp-2024-25,Table 1!AD979
211051279,2021,5859,2021-06-30,final,abs-erp-2024-25,Table 1!AE979
211051279,2022,5778,2022-06-30,revised,abs-erp-2024-25,Table 1!AF979
211051279,2023,5782,2023-06-30,revised,abs-erp-2024-25,Table 1!AG979
211051279,2024,5808,2024-06-30,revised,abs-erp-2024-25,Table 1!AH979
211051279,2025,5840,2025-06-30,preliminary,abs-erp-2024-25,Table 1!AI979
211051280,2020,7051,2020-06-30,final,abs-erp-2024-25,Table 1!AD980
211051280,2021,6993,2021-06-30,final,abs-erp-2024-25,Table 1!AE980
211051280,2022,6949,2022-06-30,revised,abs-erp-2024-25,Table 1!AF980
211051280,2023,6909,2023-06-30,revised,abs-erp-2024-25,Table 1!AG980
211051280,2024,6893,2024-06-30,revised,abs-erp-2024-25,Table 1!AH980
211051280,2025,6904,2025-06-30,preliminary,abs-erp-2024-25,Table 1!AI980
211051281,2020,23917,2020-06-30,final,abs-erp-2024-25,Table 1!AD981
211051281,2021,23442,2021-06-30,final,abs-erp-2024-25,Table 1!AE981
211051281,2022,23579,2022-06-30,revised,abs-erp-2024-25,Table 1!AF981
211051281,2023,23948,2023-06-30,revised,abs-erp-2024-25,Table 1!AG981
211051281,2024,24206,2024-06-30,revised,abs-erp-2024-25,Table 1!AH981
211051281,2025,24395,2025-06-30,preliminary,abs-erp-2024-25,Table 1!AI981
211051282,2020,9953,2020-06-30,final,abs-erp-2024-25,Table 1!AD982
211051282,2021,9770,2021-06-30,final,abs-erp-2024-25,Table 1!AE982
211051282,2022,9631,2022-06-30,revised,abs-erp-2024-25,Table 1!AF982
211051282,2023,9613,2023-06-30,revised,abs-erp-2024-25,Table 1!AG982
211051282,2024,9578,2024-06-30,revised,abs-erp-2024-25,Table 1!AH982
211051282,2025,9587,2025-06-30,preliminary,abs-erp-2024-25,Table 1!AI982
211051283,2020,9949,2020-06-30,final,abs-erp-2024-25,Table 1!AD983
211051283,2021,9866,2021-06-30,final,abs-erp-2024-25,Table 1!AE983
211051283,2022,9789,2022-06-30,revised,abs-erp-2024-25,Table 1!AF983
211051283,2023,9895,2023-06-30,revised,abs-erp-2024-25,Table 1!AG983
211051283,2024,9997,2024-06-30,revised,abs-erp-2024-25,Table 1!AH983
211051283,2025,10043,2025-06-30,preliminary,abs-erp-2024-25,Table 1!AI983
211051284,2020,9952,2020-06-30,final,abs-erp-2024-25,Table 1!AD984
211051284,2021,9848,2021-06-30,final,abs-erp-2024-25,Table 1!AE984
211051284,2022,9719,2022-06-30,revised,abs-erp-2024-25,Table 1!AF984
211051284,2023,9750,2023-06-30,revised,abs-erp-2024-25,Table 1!AG984
211051284,2024,9832,2024-06-30,revised,abs-erp-2024-25,Table 1!AH984
211051284,2025,9867,2025-06-30,preliminary,abs-erp-2024-25,Table 1!AI984
211051285,2020,7996,2020-06-30,final,abs-erp-2024-25,Table 1!AD985
211051285,2021,7963,2021-06-30,final,abs-erp-2024-25,Table 1!AE985
211051285,2022,7935,2022-06-30,revised,abs-erp-2024-25,Table 1!AF985
211051285,2023,7963,2023-06-30,revised,abs-erp-2024-25,Table 1!AG985
211051285,2024,7969,2024-06-30,revised,abs-erp-2024-25,Table 1!AH985
211051285,2025,7996,2025-06-30,preliminary,abs-erp-2024-25,Table 1!AI985
211051286,2020,17006,2020-06-30,final,abs-erp-2024-25,Table 1!AD986
211051286,2021,16947,2021-06-30,final,abs-erp-2024-25,Table 1!AE986
211051286,2022,16942,2022-06-30,revised,abs-erp-2024-25,Table 1!AF986
211051286,2023,16938,2023-06-30,revised,abs-erp-2024-25,Table 1!AG986
211051286,2024,17026,2024-06-30,revised,abs-erp-2024-25,Table 1!AH986
211051286,2025,17087,2025-06-30,preliminary,abs-erp-2024-25,Table 1!AI986
212011289,2020,18838,2020-06-30,final,abs-erp-2024-25,Table 1!AD987
212011289,2021,18802,2021-06-30,final,abs-erp-2024-25,Table 1!AE987
212011289,2022,18726,2022-06-30,revised,abs-erp-2024-25,Table 1!AF987
212011289,2023,18884,2023-06-30,revised,abs-erp-2024-25,Table 1!AG987
212011289,2024,18907,2024-06-30,revised,abs-erp-2024-25,Table 1!AH987
212011289,2025,19043,2025-06-30,preliminary,abs-erp-2024-25,Table 1!AI987
212011546,2020,22381,2020-06-30,final,abs-erp-2024-25,Table 1!AD988
212011546,2021,23966,2021-06-30,final,abs-erp-2024-25,Table 1!AE988
212011546,2022,25750,2022-06-30,revised,abs-erp-2024-25,Table 1!AF988
212011546,2023,26922,2023-06-30,revised,abs-erp-2024-25,Table 1!AG988
212011546,2024,28306,2024-06-30,revised,abs-erp-2024-25,Table 1!AH988
212011546,2025,29524,2025-06-30,preliminary,abs-erp-2024-25,Table 1!AI988
212011547,2020,9701,2020-06-30,final,abs-erp-2024-25,Table 1!AD989
212011547,2021,9940,2021-06-30,final,abs-erp-2024-25,Table 1!AE989
212011547,2022,10057,2022-06-30,revised,abs-erp-2024-25,Table 1!AF989
212011547,2023,10178,2023-06-30,revised,abs-erp-2024-25,Table 1!AG989
212011547,2024,10223,2024-06-30,revised,abs-erp-2024-25,Table 1!AH989
212011547,2025,10366,2025-06-30,preliminary,abs-erp-2024-25,Table 1!AI989
212011548,2020,9387,2020-06-30,final,abs-erp-2024-25,Table 1!AD990
212011548,2021,10160,2021-06-30,final,abs-erp-2024-25,Table 1!AE990
212011548,2022,10802,2022-06-30,revised,abs-erp-2024-25,Table 1!AF990
212011548,2023,11503,2023-06-30,revised,abs-erp-2024-25,Table 1!AG990
212011548,2024,11981,2024-06-30,revised,abs-erp-2024-25,Table 1!AH990
212011548,2025,12598,2025-06-30,preliminary,abs-erp-2024-25,Table 1!AI990
212011549,2020,15625,2020-06-30,final,abs-erp-2024-25,Table 1!AD991
212011549,2021,15622,2021-06-30,final,abs-erp-2024-25,Table 1!AE991
212011549,2022,15762,2022-06-30,revised,abs-erp-2024-25,Table 1!AF991
212011549,2023,15984,2023-06-30,revised,abs-erp-2024-25,Table 1!AG991
212011549,2024,16320,2024-06-30,revised,abs-erp-2024-25,Table 1!AH991
212011549,2025,16593,2025-06-30,preliminary,abs-erp-2024-25,Table 1!AI991
212011550,2020,7128,2020-06-30,final,abs-erp-2024-25,Table 1!AD992
212011550,2021,7567,2021-06-30,final,abs-erp-2024-25,Table 1!AE992
212011550,2022,8087,2022-06-30,revised,abs-erp-2024-25,Table 1!AF992
212011550,2023,8785,2023-06-30,revised,abs-erp-2024-25,Table 1!AG992
212011550,2024,9629,2024-06-30,revised,abs-erp-2024-25,Table 1!AH992
212011550,2025,10502,2025-06-30,preliminary,abs-erp-2024-25,Table 1!AI992
212011551,2020,6215,2020-06-30,final,abs-erp-2024-25,Table 1!AD993
212011551,2021,6493,2021-06-30,final,abs-erp-2024-25,Table 1!AE993
212011551,2022,6586,2022-06-30,revised,abs-erp-2024-25,Table 1!AF993
212011551,2023,6668,2023-06-30,revised,abs-erp-2024-25,Table 1!AG993
212011551,2024,6677,2024-06-30,revised,abs-erp-2024-25,Table 1!AH993
212011551,2025,6778,2025-06-30,preliminary,abs-erp-2024-25,Table 1!AI993
212011552,2020,27387,2020-06-30,final,abs-erp-2024-25,Table 1!AD994
212011552,2021,27171,2021-06-30,final,abs-erp-2024-25,Table 1!AE994
212011552,2022,27436,2022-06-30,revised,abs-erp-2024-25,Table 1!AF994
212011552,2023,27966,2023-06-30,revised,abs-erp-2024-25,Table 1!AG994
212011552,2024,28162,2024-06-30,revised,abs-erp-2024-25,Table 1!AH994
212011552,2025,28194,2025-06-30,preliminary,abs-erp-2024-25,Table 1!AI994
212021293,2020,23710,2020-06-30,final,abs-erp-2024-25,Table 1!AD995
212021293,2021,23181,2021-06-30,final,abs-erp-2024-25,Table 1!AE995
212021293,2022,23065,2022-06-30,revised,abs-erp-2024-25,Table 1!AF995
212021293,2023,23540,2023-06-30,revised,abs-erp-2024-25,Table 1!AG995
212021293,2024,23748,2024-06-30,revised,abs-erp-2024-25,Table 1!AH995
212021293,2025,23637,2025-06-30,preliminary,abs-erp-2024-25,Table 1!AI995
212021295,2020,12513,2020-06-30,final,abs-erp-2024-25,Table 1!AD996
212021295,2021,12058,2021-06-30,final,abs-erp-2024-25,Table 1!AE996
212021295,2022,12134,2022-06-30,revised,abs-erp-2024-25,Table 1!AF996
212021295,2023,12468,2023-06-30,revised,abs-erp-2024-25,Table 1!AG996
212021295,2024,12728,2024-06-30,revised,abs-erp-2024-25,Table 1!AH996
212021295,2025,12893,2025-06-30,preliminary,abs-erp-2024-25,Table 1!AI996
212021297,2020,11968,2020-06-30,final,abs-erp-2024-25,Table 1!AD997
212021297,2021,11598,2021-06-30,final,abs-erp-2024-25,Table 1!AE997
212021297,2022,11554,2022-06-30,revised,abs-erp-2024-25,Table 1!AF997
212021297,2023,11737,2023-06-30,revised,abs-erp-2024-25,Table 1!AG997
212021297,2024,11898,2024-06-30,revised,abs-erp-2024-25,Table 1!AH997
212021297,2025,12009,2025-06-30,preliminary,abs-erp-2024-25,Table 1!AI997
212021299,2020,8365,2020-06-30,final,abs-erp-2024-25,Table 1!AD998
212021299,2021,8308,2021-06-30,final,abs-erp-2024-25,Table 1!AE998
212021299,2022,8225,2022-06-30,revised,abs-erp-2024-25,Table 1!AF998
212021299,2023,8191,2023-06-30,revised,abs-erp-2024-25,Table 1!AG998
212021299,2024,8160,2024-06-30,revised,abs-erp-2024-25,Table 1!AH998
212021299,2025,8237,2025-06-30,preliminary,abs-erp-2024-25,Table 1!AI998
212021453,2020,12458,2020-06-30,final,abs-erp-2024-25,Table 1!AD999
212021453,2021,12190,2021-06-30,final,abs-erp-2024-25,Table 1!AE999
212021453,2022,12057,2022-06-30,revised,abs-erp-2024-25,Table 1!AF999
212021453,2023,12025,2023-06-30,revised,abs-erp-2024-25,Table 1!AG999
212021453,2024,12118,2024-06-30,revised,abs-erp-2024-25,Table 1!AH999
212021453,2025,12175,2025-06-30,preliminary,abs-erp-2024-25,Table 1!AI999
212021454,2020,13845,2020-06-30,final,abs-erp-2024-25,Table 1!AD1000
212021454,2021,13461,2021-06-30,final,abs-erp-2024-25,Table 1!AE1000
212021454,2022,13298,2022-06-30,revised,abs-erp-2024-25,Table 1!AF1000
212021454,2023,13490,2023-06-30,revised,abs-erp-2024-25,Table 1!AG1000
212021454,2024,13564,2024-06-30,revised,abs-erp-2024-25,Table 1!AH1000
212021454,2025,13539,2025-06-30,preliminary,abs-erp-2024-25,Table 1!AI1000
212021455,2020,13888,2020-06-30,final,abs-erp-2024-25,Table 1!AD1001
212021455,2021,13617,2021-06-30,final,abs-erp-2024-25,Table 1!AE1001
212021455,2022,13482,2022-06-30,revised,abs-erp-2024-25,Table 1!AF1001
212021455,2023,13626,2023-06-30,revised,abs-erp-2024-25,Table 1!AG1001
212021455,2024,13605,2024-06-30,revised,abs-erp-2024-25,Table 1!AH1001
212021455,2025,13618,2025-06-30,preliminary,abs-erp-2024-25,Table 1!AI1001
212021456,2020,15170,2020-06-30,final,abs-erp-2024-25,Table 1!AD1002
212021456,2021,14900,2021-06-30,final,abs-erp-2024-25,Table 1!AE1002
212021456,2022,14933,2022-06-30,revised,abs-erp-2024-25,Table 1!AF1002
212021456,2023,15234,2023-06-30,revised,abs-erp-2024-25,Table 1!AG1002
212021456,2024,15403,2024-06-30,revised,abs-erp-2024-25,Table 1!AH1002
212021456,2025,15484,2025-06-30,preliminary,abs-erp-2024-25,Table 1!AI1002
212021553,2020,17923,2020-06-30,final,abs-erp-2024-25,Table 1!AD1003
212021553,2021,17986,2021-06-30,final,abs-erp-2024-25,Table 1!AE1003
212021553,2022,18357,2022-06-30,revised,abs-erp-2024-25,Table 1!AF1003
212021553,2023,19128,2023-06-30,revised,abs-erp-2024-25,Table 1!AG1003
212021553,2024,19954,2024-06-30,revised,abs-erp-2024-25,Table 1!AH1003
212021553,2025,20765,2025-06-30,preliminary,abs-erp-2024-25,Table 1!AI1003
212021554,2020,11196,2020-06-30,final,abs-erp-2024-25,Table 1!AD1004
212021554,2021,11362,2021-06-30,final,abs-erp-2024-25,Table 1!AE1004
212021554,2022,11629,2022-06-30,revised,abs-erp-2024-25,Table 1!AF1004
212021554,2023,12093,2023-06-30,revised,abs-erp-2024-25,Table 1!AG1004
212021554,2024,12746,2024-06-30,revised,abs-erp-2024-25,Table 1!AH1004
212021554,2025,13243,2025-06-30,preliminary,abs-erp-2024-25,Table 1!AI1004
212031300,2020,21673,2020-06-30,final,abs-erp-2024-25,Table 1!AD1005
212031300,2021,21581,2021-06-30,final,abs-erp-2024-25,Table 1!AE1005
212031300,2022,21578,2022-06-30,revised,abs-erp-2024-25,Table 1!AF1005
212031300,2023,21983,2023-06-30,revised,abs-erp-2024-25,Table 1!AG1005
212031300,2024,22468,2024-06-30,revised,abs-erp-2024-25,Table 1!AH1005
212031300,2025,22708,2025-06-30,preliminary,abs-erp-2024-25,Table 1!AI1005
212031303,2020,15388,2020-06-30,final,abs-erp-2024-25,Table 1!AD1006
212031303,2021,17641,2021-06-30,final,abs-erp-2024-25,Table 1!AE1006
212031303,2022,19700,2022-06-30,revised,abs-erp-2024-25,Table 1!AF1006
212031303,2023,21817,2023-06-30,revised,abs-erp-2024-25,Table 1!AG1006
212031303,2024,24522,2024-06-30,revised,abs-erp-2024-25,Table 1!AH1006
212031303,2025,27368,2025-06-30,preliminary,abs-erp-2024-25,Table 1!AI1006
212031304,2020,20867,2020-06-30,final,abs-erp-2024-25,Table 1!AD1007
212031304,2021,21853,2021-06-30,final,abs-erp-2024-25,Table 1!AE1007
212031304,2022,22935,2022-06-30,revised,abs-erp-2024-25,Table 1!AF1007
212031304,2023,23770,2023-06-30,revised,abs-erp-2024-25,Table 1!AG1007
212031304,2024,24843,2024-06-30,revised,abs-erp-2024-25,Table 1!AH1007
212031304,2025,25490,2025-06-30,preliminary,abs-erp-2024-25,Table 1!AI1007
212031306,2020,18118,2020-06-30,final,abs-erp-2024-25,Table 1!AD1008
212031306,2021,18271,2021-06-30,final,abs-erp-2024-25,Table 1!AE1008
212031306,2022,18624,2022-06-30,revised,abs-erp-2024-25,Table 1!AF1008
212031306,2023,18995,2023-06-30,revised,abs-erp-2024-25,Table 1!AG1008
212031306,2024,19379,2024-06-30,revised,abs-erp-2024-25,Table 1!AH1008
212031306,2025,19545,2025-06-30,preliminary,abs-erp-2024-25,Table 1!AI1008
212031308,2020,8140,2020-06-30,final,abs-erp-2024-25,Table 1!AD1009
212031308,2021,8083,2021-06-30,final,abs-erp-2024-25,Table 1!AE1009
212031308,2022,8088,2022-06-30,revised,abs-erp-2024-25,Table 1!AF1009
212031308,2023,8118,2023-06-30,revised,abs-erp-2024-25,Table 1!AG1009
212031308,2024,8222,2024-06-30,revised,abs-erp-2024-25,Table 1!AH1009
212031308,2025,8272,2025-06-30,preliminary,abs-erp-2024-25,Table 1!AI1009
212031457,2020,13417,2020-06-30,final,abs-erp-2024-25,Table 1!AD1010
212031457,2021,13270,2021-06-30,final,abs-erp-2024-25,Table 1!AE1010
212031457,2022,13151,2022-06-30,revised,abs-erp-2024-25,Table 1!AF1010
212031457,2023,13138,2023-06-30,revised,abs-erp-2024-25,Table 1!AG1010
212031457,2024,12996,2024-06-30,revised,abs-erp-2024-25,Table 1!AH1010
212031457,2025,13022,2025-06-30,preliminary,abs-erp-2024-25,Table 1!AI1010
212031458,2020,17356,2020-06-30,final,abs-erp-2024-25,Table 1!AD1011
212031458,2021,16930,2021-06-30,final,abs-erp-2024-25,Table 1!AE1011
212031458,2022,16751,2022-06-30,revised,abs-erp-2024-25,Table 1!AF1011
212031458,2023,17066,2023-06-30,revised,abs-erp-2024-25,Table 1!AG1011
212031458,2024,17089,2024-06-30,revised,abs-erp-2024-25,Table 1!AH1011
212031458,2025,17083,2025-06-30,preliminary,abs-erp-2024-25,Table 1!AI1011
212031555,2020,9217,2020-06-30,final,abs-erp-2024-25,Table 1!AD1012
212031555,2021,10652,2021-06-30,final,abs-erp-2024-25,Table 1!AE1012
212031555,2022,11675,2022-06-30,revised,abs-erp-2024-25,Table 1!AF1012
212031555,2023,12490,2023-06-30,revised,abs-erp-2024-25,Table 1!AG1012
212031555,2024,13108,2024-06-30,revised,abs-erp-2024-25,Table 1!AH1012
212031555,2025,13667,2025-06-30,preliminary,abs-erp-2024-25,Table 1!AI1012
212031556,2020,11904,2020-06-30,final,abs-erp-2024-25,Table 1!AD1013
212031556,2021,15038,2021-06-30,final,abs-erp-2024-25,Table 1!AE1013
212031556,2022,17977,2022-06-30,revised,abs-erp-2024-25,Table 1!AF1013
212031556,2023,20645,2023-06-30,revised,abs-erp-2024-25,Table 1!AG1013
212031556,2024,24557,2024-06-30,revised,abs-erp-2024-25,Table 1!AH1013
212031556,2025,28328,2025-06-30,preliminary,abs-erp-2024-25,Table 1!AI1013
212031557,2020,23384,2020-06-30,final,abs-erp-2024-25,Table 1!AD1014
212031557,2021,23785,2021-06-30,final,abs-erp-2024-25,Table 1!AE1014
212031557,2022,24228,2022-06-30,revised,abs-erp-2024-25,Table 1!AF1014
212031557,2023,24805,2023-06-30,revised,abs-erp-2024-25,Table 1!AG1014
212031557,2024,25066,2024-06-30,revised,abs-erp-2024-25,Table 1!AH1014
212031557,2025,25111,2025-06-30,preliminary,abs-erp-2024-25,Table 1!AI1014
212031558,2020,11120,2020-06-30,final,abs-erp-2024-25,Table 1!AD1015
212031558,2021,12450,2021-06-30,final,abs-erp-2024-25,Table 1!AE1015
212031558,2022,13633,2022-06-30,revised,abs-erp-2024-25,Table 1!AF1015
212031558,2023,14425,2023-06-30,revised,abs-erp-2024-25,Table 1!AG1015
212031558,2024,15055,2024-06-30,revised,abs-erp-2024-25,Table 1!AH1015
212031558,2025,15590,2025-06-30,preliminary,abs-erp-2024-25,Table 1!AI1015
212031559,2020,12658,2020-06-30,final,abs-erp-2024-25,Table 1!AD1016
212031559,2021,12925,2021-06-30,final,abs-erp-2024-25,Table 1!AE1016
212031559,2022,13237,2022-06-30,revised,abs-erp-2024-25,Table 1!AF1016
212031559,2023,13537,2023-06-30,revised,abs-erp-2024-25,Table 1!AG1016
212031559,2024,13621,2024-06-30,revised,abs-erp-2024-25,Table 1!AH1016
212031559,2025,13691,2025-06-30,preliminary,abs-erp-2024-25,Table 1!AI1016
212031560,2020,12327,2020-06-30,final,abs-erp-2024-25,Table 1!AD1017
212031560,2021,12042,2021-06-30,final,abs-erp-2024-25,Table 1!AE1017
212031560,2022,11965,2022-06-30,revised,abs-erp-2024-25,Table 1!AF1017
212031560,2023,12170,2023-06-30,revised,abs-erp-2024-25,Table 1!AG1017
212031560,2024,12295,2024-06-30,revised,abs-erp-2024-25,Table 1!AH1017
212031560,2025,12313,2025-06-30,preliminary,abs-erp-2024-25,Table 1!AI1017
212031561,2020,13386,2020-06-30,final,abs-erp-2024-25,Table 1!AD1018
212031561,2021,12858,2021-06-30,final,abs-erp-2024-25,Table 1!AE1018
212031561,2022,12823,2022-06-30,revised,abs-erp-2024-25,Table 1!AF1018
212031561,2023,13115,2023-06-30,revised,abs-erp-2024-25,Table 1!AG1018
212031561,2024,13348,2024-06-30,revised,abs-erp-2024-25,Table 1!AH1018
212031561,2025,13393,2025-06-30,preliminary,abs-erp-2024-25,Table 1!AI1018
212031562,2020,13979,2020-06-30,final,abs-erp-2024-25,Table 1!AD1019
212031562,2021,13518,2021-06-30,final,abs-erp-2024-25,Table 1!AE1019
212031562,2022,13401,2022-06-30,revised,abs-erp-2024-25,Table 1!AF1019
212031562,2023,13671,2023-06-30,revised,abs-erp-2024-25,Table 1!AG1019
212031562,2024,13715,2024-06-30,revised,abs-erp-2024-25,Table 1!AH1019
212031562,2025,13748,2025-06-30,preliminary,abs-erp-2024-25,Table 1!AI1019
212041309,2020,12134,2020-06-30,final,abs-erp-2024-25,Table 1!AD1020
212041309,2021,11653,2021-06-30,final,abs-erp-2024-25,Table 1!AE1020
212041309,2022,11490,2022-06-30,revised,abs-erp-2024-25,Table 1!AF1020
212041309,2023,11662,2023-06-30,revised,abs-erp-2024-25,Table 1!AG1020
212041309,2024,11724,2024-06-30,revised,abs-erp-2024-25,Table 1!AH1020
212041309,2025,11741,2025-06-30,preliminary,abs-erp-2024-25,Table 1!AI1020
212041310,2020,14152,2020-06-30,final,abs-erp-2024-25,Table 1!AD1021
212041310,2021,13562,2021-06-30,final,abs-erp-2024-25,Table 1!AE1021
212041310,2022,13923,2022-06-30,revised,abs-erp-2024-25,Table 1!AF1021
212041310,2023,14714,2023-06-30,revised,abs-erp-2024-25,Table 1!AG1021
212041310,2024,15085,2024-06-30,revised,abs-erp-2024-25,Table 1!AH1021
212041310,2025,15349,2025-06-30,preliminary,abs-erp-2024-25,Table 1!AI1021
212041312,2020,23655,2020-06-30,final,abs-erp-2024-25,Table 1!AD1022
212041312,2021,22834,2021-06-30,final,abs-erp-2024-25,Table 1!AE1022
212041312,2022,22542,2022-06-30,revised,abs-erp-2024-25,Table 1!AF1022
212041312,2023,22878,2023-06-30,revised,abs-erp-2024-25,Table 1!AG1022
212041312,2024,23248,2024-06-30,revised,abs-erp-2024-25,Table 1!AH1022
212041312,2025,23391,2025-06-30,preliminary,abs-erp-2024-25,Table 1!AI1022
212041313,2020,10736,2020-06-30,final,abs-erp-2024-25,Table 1!AD1023
212041313,2021,10553,2021-06-30,final,abs-erp-2024-25,Table 1!AE1023
212041313,2022,10542,2022-06-30,revised,abs-erp-2024-25,Table 1!AF1023
212041313,2023,10654,2023-06-30,revised,abs-erp-2024-25,Table 1!AG1023
212041313,2024,10728,2024-06-30,revised,abs-erp-2024-25,Table 1!AH1023
212041313,2025,10770,2025-06-30,preliminary,abs-erp-2024-25,Table 1!AI1023
212041316,2020,7762,2020-06-30,final,abs-erp-2024-25,Table 1!AD1024
212041316,2021,7518,2021-06-30,final,abs-erp-2024-25,Table 1!AE1024
212041316,2022,7450,2022-06-30,revised,abs-erp-2024-25,Table 1!AF1024
212041316,2023,7573,2023-06-30,revised,abs-erp-2024-25,Table 1!AG1024
212041316,2024,7622,2024-06-30,revised,abs-erp-2024-25,Table 1!AH1024
212041316,2025,7593,2025-06-30,preliminary,abs-erp-2024-25,Table 1!AI1024
212041317,2020,23650,2020-06-30,final,abs-erp-2024-25,Table 1!AD1025
212041317,2021,22515,2021-06-30,final,abs-erp-2024-25,Table 1!AE1025
212041317,2022,22598,2022-06-30,revised,abs-erp-2024-25,Table 1!AF1025
212041317,2023,23468,2023-06-30,revised,abs-erp-2024-25,Table 1!AG1025
212041317,2024,24023,2024-06-30,revised,abs-erp-2024-25,Table 1!AH1025
212041317,2025,24468,2025-06-30,preliminary,abs-erp-2024-25,Table 1!AI1025
212041318,2020,13295,2020-06-30,final,abs-erp-2024-25,Table 1!AD1026
212041318,2021,12728,2021-06-30,final,abs-erp-2024-25,Table 1!AE1026
212041318,2022,12450,2022-06-30,revised,abs-erp-2024-25,Table 1!AF1026
212041318,2023,12813,2023-06-30,revised,abs-erp-2024-25,Table 1!AG1026
212041318,2024,13111,2024-06-30,revised,abs-erp-2024-25,Table 1!AH1026
212041318,2025,13274,2025-06-30,preliminary,abs-erp-2024-25,Table 1!AI1026
212041459,2020,13605,2020-06-30,final,abs-erp-2024-25,Table 1!AD1027
212041459,2021,12889,2021-06-30,final,abs-erp-2024-25,Table 1!AE1027
212041459,2022,12842,2022-06-30,revised,abs-erp-2024-25,Table 1!AF1027
212041459,2023,13330,2023-06-30,revised,abs-erp-2024-25,Table 1!AG1027
212041459,2024,13641,2024-06-30,revised,abs-erp-2024-25,Table 1!AH1027
212041459,2025,13935,2025-06-30,preliminary,abs-erp-2024-25,Table 1!AI1027
212041460,2020,20237,2020-06-30,final,abs-erp-2024-25,Table 1!AD1028
212041460,2021,19810,2021-06-30,final,abs-erp-2024-25,Table 1!AE1028
212041460,2022,19646,2022-06-30,revised,abs-erp-2024-25,Table 1!AF1028
212041460,2023,20165,2023-06-30,revised,abs-erp-2024-25,Table 1!AG1028
212041460,2024,20260,2024-06-30,revised,abs-erp-2024-25,Table 1!AH1028
212041460,2025,20473,2025-06-30,preliminary,abs-erp-2024-25,Table 1!AI1028
212041563,2020,23012,2020-06-30,final,abs-erp-2024-25,Table 1!AD1029
212041563,2021,21820,2021-06-30,final,abs-erp-2024-25,Table 1!AE1029
212041563,2022,21333,2022-06-30,revised,abs-erp-2024-25,Table 1!AF1029
212041563,2023,22141,2023-06-30,revised,abs-erp-2024-25,Table 1!AG1029
212041563,2024,22963,2024-06-30,revised,abs-erp-2024-25,Table 1!AH1029
212041563,2025,23327,2025-06-30,preliminary,abs-erp-2024-25,Table 1!AI1029
212041564,2020,9898,2020-06-30,final,abs-erp-2024-25,Table 1!AD1030
212041564,2021,9491,2021-06-30,final,abs-erp-2024-25,Table 1!AE1030
212041564,2022,9535,2022-06-30,revised,abs-erp-2024-25,Table 1!AF1030
212041564,2023,9798,2023-06-30,revised,abs-erp-2024-25,Table 1!AG1030
212041564,2024,9993,2024-06-30,revised,abs-erp-2024-25,Table 1!AH1030
212041564,2025,10039,2025-06-30,preliminary,abs-erp-2024-25,Table 1!AI1030
212041565,2020,15619,2020-06-30,final,abs-erp-2024-25,Table 1!AD1031
212041565,2021,15205,2021-06-30,final,abs-erp-2024-25,Table 1!AE1031
212041565,2022,14987,2022-06-30,revised,abs-erp-2024-25,Table 1!AF1031
212041565,2023,15099,2023-06-30,revised,abs-erp-2024-25,Table 1!AG1031
212041565,2024,15059,2024-06-30,revised,abs-erp-2024-25,Table 1!AH1031
212041565,2025,15067,2025-06-30,preliminary,abs-erp-2024-25,Table 1!AI1031
212041566,2020,14915,2020-06-30,final,abs-erp-2024-25,Table 1!AD1032
212041566,2021,15290,2021-06-30,final,abs-erp-2024-25,Table 1!AE1032
212041566,2022,15636,2022-06-30,revised,abs-erp-2024-25,Table 1!AF1032
212041566,2023,16218,2023-06-30,revised,abs-erp-2024-25,Table 1!AG1032
212041566,2024,16827,2024-06-30,revised,abs-erp-2024-25,Table 1!AH1032
212041566,2025,17117,2025-06-30,preliminary,abs-erp-2024-25,Table 1!AI1032
212051319,2020,20324,2020-06-30,final,abs-erp-2024-25,Table 1!AD1033
212051319,2021,19782,2021-06-30,final,abs-erp-2024-25,Table 1!AE1033
212051319,2022,20041,2022-06-30,revised,abs-erp-2024-25,Table 1!AF1033
212051319,2023,20560,2023-06-30,revised,abs-erp-2024-25,Table 1!AG1033
212051319,2024,20875,2024-06-30,revised,abs-erp-2024-25,Table 1!AH1033
212051319,2025,21139,2025-06-30,preliminary,abs-erp-2024-25,Table 1!AI1033
212051321,2020,22684,2020-06-30,final,abs-erp-2024-25,Table 1!AD1034
212051321,2021,21882,2021-06-30,final,abs-erp-2024-25,Table 1!AE1034
212051321,2022,21727,2022-06-30,revised,abs-erp-2024-25,Table 1!AF1034
212051321,2023,22410,2023-06-30,revised,abs-erp-2024-25,Table 1!AG1034
212051321,2024,22630,2024-06-30,revised,abs-erp-2024-25,Table 1!AH1034
212051321,2025,22820,2025-06-30,preliminary,abs-erp-2024-25,Table 1!AI1034
212051322,2020,21761,2020-06-30,final,abs-erp-2024-25,Table 1!AD1035
212051322,2021,21324,2021-06-30,final,abs-erp-2024-25,Table 1!AE1035
212051322,2022,21502,2022-06-30,revised,abs-erp-2024-25,Table 1!AF1035
212051322,2023,22510,2023-06-30,revised,abs-erp-2024-25,Table 1!AG1035
212051322,2024,23121,2024-06-30,revised,abs-erp-2024-25,Table 1!AH1035
212051322,2025,23417,2025-06-30,preliminary,abs-erp-2024-25,Table 1!AI1035
212051323,2020,16649,2020-06-30,final,abs-erp-2024-25,Table 1!AD1036
212051323,2021,16238,2021-06-30,final,abs-erp-2024-25,Table 1!AE1036
212051323,2022,16270,2022-06-30,revised,abs-erp-2024-25,Table 1!AF1036
212051323,2023,16767,2023-06-30,revised,abs-erp-2024-25,Table 1!AG1036
212051323,2024,17152,2024-06-30,revised,abs-erp-2024-25,Table 1!AH1036
212051323,2025,17492,2025-06-30,preliminary,abs-erp-2024-25,Table 1!AI1036
212051324,2020,20062,2020-06-30,final,abs-erp-2024-25,Table 1!AD1037
212051324,2021,19471,2021-06-30,final,abs-erp-2024-25,Table 1!AE1037
212051324,2022,19586,2022-06-30,revised,abs-erp-2024-25,Table 1!AF1037
212051324,2023,20213,2023-06-30,revised,abs-erp-2024-25,Table 1!AG1037
212051324,2024,20522,2024-06-30,revised,abs-erp-2024-25,Table 1!AH1037
212051324,2025,20659,2025-06-30,preliminary,abs-erp-2024-25,Table 1!AI1037
212051325,2020,20698,2020-06-30,final,abs-erp-2024-25,Table 1!AD1038
212051325,2021,20072,2021-06-30,final,abs-erp-2024-25,Table 1!AE1038
212051325,2022,20212,2022-06-30,revised,abs-erp-2024-25,Table 1!AF1038
212051325,2023,20666,2023-06-30,revised,abs-erp-2024-25,Table 1!AG1038
212051325,2024,20938,2024-06-30,revised,abs-erp-2024-25,Table 1!AH1038
212051325,2025,21072,2025-06-30,preliminary,abs-erp-2024-25,Table 1!AI1038
212051326,2020,23721,2020-06-30,final,abs-erp-2024-25,Table 1!AD1039
212051326,2021,23253,2021-06-30,final,abs-erp-2024-25,Table 1!AE1039
212051326,2022,23515,2022-06-30,revised,abs-erp-2024-25,Table 1!AF1039
212051326,2023,24387,2023-06-30,revised,abs-erp-2024-25,Table 1!AG1039
212051326,2024,25025,2024-06-30,revised,abs-erp-2024-25,Table 1!AH1039
212051326,2025,25427,2025-06-30,preliminary,abs-erp-2024-25,Table 1!AI1039
212051327,2020,21193,2020-06-30,final,abs-erp-2024-25,Table 1!AD1040
212051327,2021,20854,2021-06-30,final,abs-erp-2024-25,Table 1!AE1040
212051327,2022,20667,2022-06-30,revised,abs-erp-2024-25,Table 1!AF1040
212051327,2023,20950,2023-06-30,revised,abs-erp-2024-25,Table 1!AG1040
212051327,2024,21236,2024-06-30,revised,abs-erp-2024-25,Table 1!AH1040
212051327,2025,21281,2025-06-30,preliminary,abs-erp-2024-25,Table 1!AI1040
212051567,2020,11715,2020-06-30,final,abs-erp-2024-25,Table 1!AD1041
212051567,2021,10099,2021-06-30,final,abs-erp-2024-25,Table 1!AE1041
212051567,2022,10711,2022-06-30,revised,abs-erp-2024-25,Table 1!AF1041
212051567,2023,12765,2023-06-30,revised,abs-erp-2024-25,Table 1!AG1041
212051567,2024,14069,2024-06-30,revised,abs-erp-2024-25,Table 1!AH1041
212051567,2025,14911,2025-06-30,preliminary,abs-erp-2024-25,Table 1!AI1041
212051568,2020,14027,2020-06-30,final,abs-erp-2024-25,Table 1!AD1042
212051568,2021,12276,2021-06-30,final,abs-erp-2024-25,Table 1!AE1042
212051568,2022,12884,2022-06-30,revised,abs-erp-2024-25,Table 1!AF1042
212051568,2023,14164,2023-06-30,revised,abs-erp-2024-25,Table 1!AG1042
212051568,2024,14977,2024-06-30,revised,abs-erp-2024-25,Table 1!AH1042
212051568,2025,15483,2025-06-30,preliminary,abs-erp-2024-25,Table 1!AI1042
213011328,2020,8082,2020-06-30,final,abs-erp-2024-25,Table 1!AD1043
213011328,2021,7590,2021-06-30,final,abs-erp-2024-25,Table 1!AE1043
213011328,2022,7463,2022-06-30,revised,abs-erp-2024-25,Table 1!AF1043
213011328,2023,7692,2023-06-30,revised,abs-erp-2024-25,Table 1!AG1043
213011328,2024,7880,2024-06-30,revised,abs-erp-2024-25,Table 1!AH1043
213011328,2025,7955,2025-06-30,preliminary,abs-erp-2024-25,Table 1!AI1043
213011329,2020,10510,2020-06-30,final,abs-erp-2024-25,Table 1!AD1044
213011329,2021,10142,2021-06-30,final,abs-erp-2024-25,Table 1!AE1044
213011329,2022,9989,2022-06-30,revised,abs-erp-2024-25,Table 1!AF1044
213011329,2023,10071,2023-06-30,revised,abs-erp-2024-25,Table 1!AG1044
213011329,2024,10009,2024-06-30,revised,abs-erp-2024-25,Table 1!AH1044
213011329,2025,10035,2025-06-30,preliminary,abs-erp-2024-25,Table 1!AI1044
213011331,2020,8533,2020-06-30,final,abs-erp-2024-25,Table 1!AD1045
213011331,2021,8148,2021-06-30,final,abs-erp-2024-25,Table 1!AE1045
213011331,2022,8024,2022-06-30,revised,abs-erp-2024-25,Table 1!AF1045
213011331,2023,8000,2023-06-30,revised,abs-erp-2024-25,Table 1!AG1045
213011331,2024,7981,2024-06-30,revised,abs-erp-2024-25,Table 1!AH1045
213011331,2025,7859,2025-06-30,preliminary,abs-erp-2024-25,Table 1!AI1045
213011332,2020,13567,2020-06-30,final,abs-erp-2024-25,Table 1!AD1046
213011332,2021,13193,2021-06-30,final,abs-erp-2024-25,Table 1!AE1046
213011332,2022,12974,2022-06-30,revised,abs-erp-2024-25,Table 1!AF1046
213011332,2023,12995,2023-06-30,revised,abs-erp-2024-25,Table 1!AG1046
213011332,2024,13036,2024-06-30,revised,abs-erp-2024-25,Table 1!AH1046
213011332,2025,13080,2025-06-30,preliminary,abs-erp-2024-25,Table 1!AI1046
213011333,2020,14477,2020-06-30,final,abs-erp-2024-25,Table 1!AD1047
213011333,2021,14076,2021-06-30,final,abs-erp-2024-25,Table 1!AE1047
213011333,2022,13816,2022-06-30,revised,abs-erp-2024-25,Table 1!AF1047
213011333,2023,13846,2023-06-30,revised,abs-erp-2024-25,Table 1!AG1047
213011333,2024,13884,2024-06-30,revised,abs-erp-2024-25,Table 1!AH1047
213011333,2025,13956,2025-06-30,preliminary,abs-erp-2024-25,Table 1!AI1047
213011334,2020,21663,2020-06-30,final,abs-erp-2024-25,Table 1!AD1048
213011334,2021,20838,2021-06-30,final,abs-erp-2024-25,Table 1!AE1048
213011334,2022,20288,2022-06-30,revised,abs-erp-2024-25,Table 1!AF1048
213011334,2023,20708,2023-06-30,revised,abs-erp-2024-25,Table 1!AG1048
213011334,2024,20921,2024-06-30,revised,abs-erp-2024-25,Table 1!AH1048
213011334,2025,21020,2025-06-30,preliminary,abs-erp-2024-25,Table 1!AI1048
213011335,2020,18385,2020-06-30,final,abs-erp-2024-25,Table 1!AD1049
213011335,2021,17656,2021-06-30,final,abs-erp-2024-25,Table 1!AE1049
213011335,2022,17098,2022-06-30,revised,abs-erp-2024-25,Table 1!AF1049
213011335,2023,17452,2023-06-30,revised,abs-erp-2024-25,Table 1!AG1049
213011335,2024,17697,2024-06-30,revised,abs-erp-2024-25,Table 1!AH1049
213011335,2025,17705,2025-06-30,preliminary,abs-erp-2024-25,Table 1!AI1049
213011336,2020,10100,2020-06-30,final,abs-erp-2024-25,Table 1!AD1050
213011336,2021,9568,2021-06-30,final,abs-erp-2024-25,Table 1!AE1050
213011336,2022,9601,2022-06-30,revised,abs-erp-2024-25,Table 1!AF1050
213011336,2023,9910,2023-06-30,revised,abs-erp-2024-25,Table 1!AG1050
213011336,2024,10059,2024-06-30,revised,abs-erp-2024-25,Table 1!AH1050
213011336,2025,10151,2025-06-30,preliminary,abs-erp-2024-25,Table 1!AI1050
213011337,2020,12451,2020-06-30,final,abs-erp-2024-25,Table 1!AD1051
213011337,2021,12161,2021-06-30,final,abs-erp-2024-25,Table 1!AE1051
213011337,2022,11966,2022-06-30,revised,abs-erp-2024-25,Table 1!AF1051
213011337,2023,12185,2023-06-30,revised,abs-erp-2024-25,Table 1!AG1051
213011337,2024,12462,2024-06-30,revised,abs-erp-2024-25,Table 1!AH1051
213011337,2025,12751,2025-06-30,preliminary,abs-erp-2024-25,Table 1!AI1051
213011338,2020,19633,2020-06-30,final,abs-erp-2024-25,Table 1!AD1052
213011338,2021,18770,2021-06-30,final,abs-erp-2024-25,Table 1!AE1052
213011338,2022,18266,2022-06-30,revised,abs-erp-2024-25,Table 1!AF1052
213011338,2023,18527,2023-06-30,revised,abs-erp-2024-25,Table 1!AG1052
213011338,2024,18724,2024-06-30,revised,abs-erp-2024-25,Table 1!AH1052
213011338,2025,18693,2025-06-30,preliminary,abs-erp-2024-25,Table 1!AI1052
213011339,2020,12432,2020-06-30,final,abs-erp-2024-25,Table 1!AD1053
213011339,2021,11859,2021-06-30,final,abs-erp-2024-25,Table 1!AE1053
213011339,2022,11583,2022-06-30,revised,abs-erp-2024-25,Table 1!AF1053
213011339,2023,11776,2023-06-30,revised,abs-erp-2024-25,Table 1!AG1053
213011339,2024,11929,2024-06-30,revised,abs-erp-2024-25,Table 1!AH1053
213011339,2025,12025,2025-06-30,preliminary,abs-erp-2024-25,Table 1!AI1053
213011340,2020,17614,2020-06-30,final,abs-erp-2024-25,Table 1!AD1054
213011340,2021,17070,2021-06-30,final,abs-erp-2024-25,Table 1!AE1054
213011340,2022,16754,2022-06-30,revised,abs-erp-2024-25,Table 1!AF1054
213011340,2023,16903,2023-06-30,revised,abs-erp-2024-25,Table 1!AG1054
213011340,2024,16966,2024-06-30,revised,abs-erp-2024-25,Table 1!AH1054
213011340,2025,16896,2025-06-30,preliminary,abs-erp-2024-25,Table 1!AI1054
213011569,2020,18976,2020-06-30,final,abs-erp-2024-25,Table 1!AD1055
213011569,2021,18219,2021-06-30,final,abs-erp-2024-25,Table 1!AE1055
213011569,2022,17960,2022-06-30,revised,abs-erp-2024-25,Table 1!AF1055
213011569,2023,18163,2023-06-30,revised,abs-erp-2024-25,Table 1!AG1055
213011569,2024,18398,2024-06-30,revised,abs-erp-2024-25,Table 1!AH1055
213011569,2025,18368,2025-06-30,preliminary,abs-erp-2024-25,Table 1!AI1055
213011570,2020,9015,2020-06-30,final,abs-erp-2024-25,Table 1!AD1056
213011570,2021,8748,2021-06-30,final,abs-erp-2024-25,Table 1!AE1056
213011570,2022,8705,2022-06-30,revised,abs-erp-2024-25,Table 1!AF1056
213011570,2023,8826,2023-06-30,revised,abs-erp-2024-25,Table 1!AG1056
213011570,2024,8880,2024-06-30,revised,abs-erp-2024-25,Table 1!AH1056
213011570,2025,8958,2025-06-30,preliminary,abs-erp-2024-25,Table 1!AI1056
213021341,2020,13878,2020-06-30,final,abs-erp-2024-25,Table 1!AD1057
213021341,2021,13655,2021-06-30,final,abs-erp-2024-25,Table 1!AE1057
213021341,2022,13711,2022-06-30,revised,abs-erp-2024-25,Table 1!AF1057
213021341,2023,13877,2023-06-30,revised,abs-erp-2024-25,Table 1!AG1057
213021341,2024,14190,2024-06-30,revised,abs-erp-2024-25,Table 1!AH1057
213021341,2025,14428,2025-06-30,preliminary,abs-erp-2024-25,Table 1!AI1057
213021342,2020,19500,2020-06-30,final,abs-erp-2024-25,Table 1!AD1058
213021342,2021,18660,2021-06-30,final,abs-erp-2024-25,Table 1!AE1058
213021342,2022,18334,2022-06-30,revised,abs-erp-2024-25,Table 1!AF1058
213021342,2023,18604,2023-06-30,revised,abs-erp-2024-25,Table 1!AG1058
213021342,2024,18733,2024-06-30,revised,abs-erp-2024-25,Table 1!AH1058
213021342,2025,18783,2025-06-30,preliminary,abs-erp-2024-25,Table 1!AI1058
213021343,2020,15396,2020-06-30,final,abs-erp-2024-25,Table 1!AD1059
213021343,2021,15084,2021-06-30,final,abs-erp-2024-25,Table 1!AE1059
213021343,2022,15034,2022-06-30,revised,abs-erp-2024-25,Table 1!AF1059
213021343,2023,15342,2023-06-30,revised,abs-erp-2024-25,Table 1!AG1059
213021343,2024,15851,2024-06-30,revised,abs-erp-2024-25,Table 1!AH1059
213021343,2025,16493,2025-06-30,preliminary,abs-erp-2024-25,Table 1!AI1059
213021344,2020,19414,2020-06-30,final,abs-erp-2024-25,Table 1!AD1060
213021344,2021,18983,2021-06-30,final,abs-erp-2024-25,Table 1!AE1060
213021344,2022,18928,2022-06-30,revised,abs-erp-2024-25,Table 1!AF1060
213021344,2023,19445,2023-06-30,revised,abs-erp-2024-25,Table 1!AG1060
213021344,2024,19879,2024-06-30,revised,abs-erp-2024-25,Table 1!AH1060
213021344,2025,20328,2025-06-30,preliminary,abs-erp-2024-25,Table 1!AI1060
213021345,2020,5250,2020-06-30,final,abs-erp-2024-25,Table 1!AD1061
213021345,2021,4999,2021-06-30,final,abs-erp-2024-25,Table 1!AE1061
213021345,2022,4854,2022-06-30,revised,abs-erp-2024-25,Table 1!AF1061
213021345,2023,4903,2023-06-30,revised,abs-erp-2024-25,Table 1!AG1061
213021345,2024,4932,2024-06-30,revised,abs-erp-2024-25,Table 1!AH1061
213021345,2025,4932,2025-06-30,preliminary,abs-erp-2024-25,Table 1!AI1061
213021346,2020,16659,2020-06-30,final,abs-erp-2024-25,Table 1!AD1062
213021346,2021,16075,2021-06-30,final,abs-erp-2024-25,Table 1!AE1062
213021346,2022,16154,2022-06-30,revised,abs-erp-2024-25,Table 1!AF1062
213021346,2023,16557,2023-06-30,revised,abs-erp-2024-25,Table 1!AG1062
213021346,2024,16867,2024-06-30,revised,abs-erp-2024-25,Table 1!AH1062
213021346,2025,17102,2025-06-30,preliminary,abs-erp-2024-25,Table 1!AI1062
213031347,2020,19901,2020-06-30,final,abs-erp-2024-25,Table 1!AD1063
213031347,2021,19359,2021-06-30,final,abs-erp-2024-25,Table 1!AE1063
213031347,2022,19488,2022-06-30,revised,abs-erp-2024-25,Table 1!AF1063
213031347,2023,20151,2023-06-30,revised,abs-erp-2024-25,Table 1!AG1063
213031347,2024,20607,2024-06-30,revised,abs-erp-2024-25,Table 1!AH1063
213031347,2025,20916,2025-06-30,preliminary,abs-erp-2024-25,Table 1!AI1063
213031348,2020,18092,2020-06-30,final,abs-erp-2024-25,Table 1!AD1064
213031348,2021,17419,2021-06-30,final,abs-erp-2024-25,Table 1!AE1064
213031348,2022,18017,2022-06-30,revised,abs-erp-2024-25,Table 1!AF1064
213031348,2023,19845,2023-06-30,revised,abs-erp-2024-25,Table 1!AG1064
213031348,2024,20607,2024-06-30,revised,abs-erp-2024-25,Table 1!AH1064
213031348,2025,20882,2025-06-30,preliminary,abs-erp-2024-25,Table 1!AI1064
213031349,2020,13263,2020-06-30,final,abs-erp-2024-25,Table 1!AD1065
213031349,2021,12712,2021-06-30,final,abs-erp-2024-25,Table 1!AE1065
213031349,2022,12867,2022-06-30,revised,abs-erp-2024-25,Table 1!AF1065
213031349,2023,13364,2023-06-30,revised,abs-erp-2024-25,Table 1!AG1065
213031349,2024,13751,2024-06-30,revised,abs-erp-2024-25,Table 1!AH1065
213031349,2025,13960,2025-06-30,preliminary,abs-erp-2024-25,Table 1!AI1065
213031350,2020,9724,2020-06-30,final,abs-erp-2024-25,Table 1!AD1066
213031350,2021,9363,2021-06-30,final,abs-erp-2024-25,Table 1!AE1066
213031350,2022,9335,2022-06-30,revised,abs-erp-2024-25,Table 1!AF1066
213031350,2023,9534,2023-06-30,revised,abs-erp-2024-25,Table 1!AG1066
213031350,2024,9722,2024-06-30,revised,abs-erp-2024-25,Table 1!AH1066
213031350,2025,9748,2025-06-30,preliminary,abs-erp-2024-25,Table 1!AI1066
213031351,2020,12370,2020-06-30,final,abs-erp-2024-25,Table 1!AD1067
213031351,2021,11881,2021-06-30,final,abs-erp-2024-25,Table 1!AE1067
213031351,2022,11960,2022-06-30,revised,abs-erp-2024-25,Table 1!AF1067
213031351,2023,12548,2023-06-30,revised,abs-erp-2024-25,Table 1!AG1067
213031351,2024,12883,2024-06-30,revised,abs-erp-2024-25,Table 1!AH1067
213031351,2025,13007,2025-06-30,preliminary,abs-erp-2024-25,Table 1!AI1067
213031352,2020,16068,2020-06-30,final,abs-erp-2024-25,Table 1!AD1068
213031352,2021,15651,2021-06-30,final,abs-erp-2024-25,Table 1!AE1068
213031352,2022,15607,2022-06-30,revised,abs-erp-2024-25,Table 1!AF1068
213031352,2023,15954,2023-06-30,revised,abs-erp-2024-25,Table 1!AG1068
213031352,2024,16153,2024-06-30,revised,abs-erp-2024-25,Table 1!AH1068
213031352,2025,16159,2025-06-30,preliminary,abs-erp-2024-25,Table 1!AI1068
213041353,2020,24263,2020-06-30,final,abs-erp-2024-25,Table 1!AD1069
213041353,2021,25057,2021-06-30,final,abs-erp-2024-25,Table 1!AE1069
213041353,2022,25618,2022-06-30,revised,abs-erp-2024-25,Table 1!AF1069
213041353,2023,26033,2023-06-30,revised,abs-erp-2024-25,Table 1!AG1069
213041353,2024,26531,2024-06-30,revised,abs-erp-2024-25,Table 1!AH1069
213041353,2025,27182,2025-06-30,preliminary,abs-erp-2024-25,Table 1!AI1069
213041358,2020,21432,2020-06-30,final,abs-erp-2024-25,Table 1!AD1070
213041358,2021,21505,2021-06-30,final,abs-erp-2024-25,Table 1!AE1070
213041358,2022,21807,2022-06-30,revised,abs-erp-2024-25,Table 1!AF1070
213041358,2023,22199,2023-06-30,revised,abs-erp-2024-25,Table 1!AG1070
213041358,2024,22617,2024-06-30,revised,abs-erp-2024-25,Table 1!AH1070
213041358,2025,22710,2025-06-30,preliminary,abs-erp-2024-25,Table 1!AI1070
213041359,2020,13341,2020-06-30,final,abs-erp-2024-25,Table 1!AD1071
213041359,2021,17900,2021-06-30,final,abs-erp-2024-25,Table 1!AE1071
213041359,2022,22867,2022-06-30,revised,abs-erp-2024-25,Table 1!AF1071
213041359,2023,27141,2023-06-30,revised,abs-erp-2024-25,Table 1!AG1071
213041359,2024,31254,2024-06-30,revised,abs-erp-2024-25,Table 1!AH1071
213041359,2025,35856,2025-06-30,preliminary,abs-erp-2024-25,Table 1!AI1071
213041360,2020,20288,2020-06-30,final,abs-erp-2024-25,Table 1!AD1072
213041360,2021,19794,2021-06-30,final,abs-erp-2024-25,Table 1!AE1072
213041360,2022,19859,2022-06-30,revised,abs-erp-2024-25,Table 1!AF1072
213041360,2023,19863,2023-06-30,revised,abs-erp-2024-25,Table 1!AG1072
213041360,2024,19818,2024-06-30,revised,abs-erp-2024-25,Table 1!AH1072
213041360,2025,19874,2025-06-30,preliminary,abs-erp-2024-25,Table 1!AI1072
213041461,2020,5743,2020-06-30,final,abs-erp-2024-25,Table 1!AD1073
213041461,2021,5857,2021-06-30,final,abs-erp-2024-25,Table 1!AE1073
213041461,2022,5995,2022-06-30,revised,abs-erp-2024-25,Table 1!AF1073
213041461,2023,6199,2023-06-30,revised,abs-erp-2024-25,Table 1!AG1073
213041461,2024,6418,2024-06-30,revised,abs-erp-2024-25,Table 1!AH1073
213041461,2025,6635,2025-06-30,preliminary,abs-erp-2024-25,Table 1!AI1073
213041462,2020,6628,2020-06-30,final,abs-erp-2024-25,Table 1!AD1074
213041462,2021,6440,2021-06-30,final,abs-erp-2024-25,Table 1!AE1074
213041462,2022,6334,2022-06-30,revised,abs-erp-2024-25,Table 1!AF1074
213041462,2023,6473,2023-06-30,revised,abs-erp-2024-25,Table 1!AG1074
213041462,2024,6460,2024-06-30,revised,abs-erp-2024-25,Table 1!AH1074
213041462,2025,6443,2025-06-30,preliminary,abs-erp-2024-25,Table 1!AI1074
213041463,2020,21238,2020-06-30,final,abs-erp-2024-25,Table 1!AD1075
213041463,2021,20634,2021-06-30,final,abs-erp-2024-25,Table 1!AE1075
213041463,2022,20659,2022-06-30,revised,abs-erp-2024-25,Table 1!AF1075
213041463,2023,20896,2023-06-30,revised,abs-erp-2024-25,Table 1!AG1075
213041463,2024,20954,2024-06-30,revised,abs-erp-2024-25,Table 1!AH1075
213041463,2025,20934,2025-06-30,preliminary,abs-erp-2024-25,Table 1!AI1075
213041571,2020,9901,2020-06-30,final,abs-erp-2024-25,Table 1!AD1076
213041571,2021,9948,2021-06-30,final,abs-erp-2024-25,Table 1!AE1076
213041571,2022,9959,2022-06-30,revised,abs-erp-2024-25,Table 1!AF1076
213041571,2023,10137,2023-06-30,revised,abs-erp-2024-25,Table 1!AG1076
213041571,2024,10364,2024-06-30,revised,abs-erp-2024-25,Table 1!AH1076
213041571,2025,10665,2025-06-30,preliminary,abs-erp-2024-25,Table 1!AI1076
213041572,2020,6158,2020-06-30,final,abs-erp-2024-25,Table 1!AD1077
213041572,2021,7715,2021-06-30,final,abs-erp-2024-25,Table 1!AE1077
213041572,2022,8835,2022-06-30,revised,abs-erp-2024-25,Table 1!AF1077
213041572,2023,10197,2023-06-30,revised,abs-erp-2024-25,Table 1!AG1077
213041572,2024,11697,2024-06-30,revised,abs-erp-2024-25,Table 1!AH1077
213041572,2025,12885,2025-06-30,preliminary,abs-erp-2024-25,Table 1!AI1077
213041573,2020,3020,2020-06-30,final,abs-erp-2024-25,Table 1!AD1078
213041573,2021,3026,2021-06-30,final,abs-erp-2024-25,Table 1!AE1078
213041573,2022,3120,2022-06-30,revised,abs-erp-2024-25,Table 1!AF1078
213041573,2023,3409,2023-06-30,revised,abs-erp-2024-25,Table 1!AG1078
213041573,2024,3909,2024-06-30,revised,abs-erp-2024-25,Table 1!AH1078
213041573,2025,4309,2025-06-30,preliminary,abs-erp-2024-25,Table 1!AI1078
213041574,2020,8767,2020-06-30,final,abs-erp-2024-25,Table 1!AD1079
213041574,2021,10239,2021-06-30,final,abs-erp-2024-25,Table 1!AE1079
213041574,2022,12954,2022-06-30,revised,abs-erp-2024-25,Table 1!AF1079
213041574,2023,16374,2023-06-30,revised,abs-erp-2024-25,Table 1!AG1079
213041574,2024,20675,2024-06-30,revised,abs-erp-2024-25,Table 1!AH1079
213041574,2025,24739,2025-06-30,preliminary,abs-erp-2024-25,Table 1!AI1079
213041575,2020,16495,2020-06-30,final,abs-erp-2024-25,Table 1!AD1080
213041575,2021,16346,2021-06-30,final,abs-erp-2024-25,Table 1!AE1080
213041575,2022,16220,2022-06-30,revised,abs-erp-2024-25,Table 1!AF1080
213041575,2023,16127,2023-06-30,revised,abs-erp-2024-25,Table 1!AG1080
213041575,2024,16093,2024-06-30,revised,abs-erp-2024-25,Table 1!AH1080
213041575,2025,16173,2025-06-30,preliminary,abs-erp-2024-25,Table 1!AI1080
213041576,2020,11979,2020-06-30,final,abs-erp-2024-25,Table 1!AD1081
213041576,2021,11748,2021-06-30,final,abs-erp-2024-25,Table 1!AE1081
213041576,2022,11814,2022-06-30,revised,abs-erp-2024-25,Table 1!AF1081
213041576,2023,11889,2023-06-30,revised,abs-erp-2024-25,Table 1!AG1081
213041576,2024,12031,2024-06-30,revised,abs-erp-2024-25,Table 1!AH1081
213041576,2025,12082,2025-06-30,preliminary,abs-erp-2024-25,Table 1!AI1081
213041577,2020,8261,2020-06-30,final,abs-erp-2024-25,Table 1!AD1082
213041577,2021,7966,2021-06-30,final,abs-erp-2024-25,Table 1!AE1082
213041577,2022,7893,2022-06-30,revised,abs-erp-2024-25,Table 1!AF1082
213041577,2023,7990,2023-06-30,revised,abs-erp-2024-25,Table 1!AG1082
213041577,2024,8017,2024-06-30,revised,abs-erp-2024-25,Table 1!AH1082
213041577,2025,8007,2025-06-30,preliminary,abs-erp-2024-25,Table 1!AI1082
213041578,2020,15664,2020-06-30,final,abs-erp-2024-25,Table 1!AD1083
213041578,2021,16926,2021-06-30,final,abs-erp-2024-25,Table 1!AE1083
213041578,2022,18660,2022-06-30,revised,abs-erp-2024-25,Table 1!AF1083
213041578,2023,20128,2023-06-30,revised,abs-erp-2024-25,Table 1!AG1083
213041578,2024,21641,2024-06-30,revised,abs-erp-2024-25,Table 1!AH1083
213041578,2025,22821,2025-06-30,preliminary,abs-erp-2024-25,Table 1!AI1083
213051361,2020,19405,2020-06-30,final,abs-erp-2024-25,Table 1!AD1084
213051361,2021,18657,2021-06-30,final,abs-erp-2024-25,Table 1!AE1084
213051361,2022,18230,2022-06-30,revised,abs-erp-2024-25,Table 1!AF1084
213051361,2023,18273,2023-06-30,revised,abs-erp-2024-25,Table 1!AG1084
213051361,2024,18353,2024-06-30,revised,abs-erp-2024-25,Table 1!AH1084
213051361,2025,18359,2025-06-30,preliminary,abs-erp-2024-25,Table 1!AI1084
213051362,2020,19933,2020-06-30,final,abs-erp-2024-25,Table 1!AD1085
213051362,2021,18991,2021-06-30,final,abs-erp-2024-25,Table 1!AE1085
213051362,2022,18463,2022-06-30,revised,abs-erp-2024-25,Table 1!AF1085
213051362,2023,18736,2023-06-30,revised,abs-erp-2024-25,Table 1!AG1085
213051362,2024,18879,2024-06-30,revised,abs-erp-2024-25,Table 1!AH1085
213051362,2025,18906,2025-06-30,preliminary,abs-erp-2024-25,Table 1!AI1085
213051363,2020,11972,2020-06-30,final,abs-erp-2024-25,Table 1!AD1086
213051363,2021,11643,2021-06-30,final,abs-erp-2024-25,Table 1!AE1086
213051363,2022,11839,2022-06-30,revised,abs-erp-2024-25,Table 1!AF1086
213051363,2023,12359,2023-06-30,revised,abs-erp-2024-25,Table 1!AG1086
213051363,2024,12672,2024-06-30,revised,abs-erp-2024-25,Table 1!AH1086
213051363,2025,12816,2025-06-30,preliminary,abs-erp-2024-25,Table 1!AI1086
213051368,2020,16350,2020-06-30,final,abs-erp-2024-25,Table 1!AD1087
213051368,2021,16994,2021-06-30,final,abs-erp-2024-25,Table 1!AE1087
213051368,2022,17428,2022-06-30,revised,abs-erp-2024-25,Table 1!AF1087
213051368,2023,17780,2023-06-30,revised,abs-erp-2024-25,Table 1!AG1087
213051368,2024,17866,2024-06-30,revised,abs-erp-2024-25,Table 1!AH1087
213051368,2025,17936,2025-06-30,preliminary,abs-erp-2024-25,Table 1!AI1087
213051464,2020,19135,2020-06-30,final,abs-erp-2024-25,Table 1!AD1088
213051464,2021,19593,2021-06-30,final,abs-erp-2024-25,Table 1!AE1088
213051464,2022,20081,2022-06-30,revised,abs-erp-2024-25,Table 1!AF1088
213051464,2023,20740,2023-06-30,revised,abs-erp-2024-25,Table 1!AG1088
213051464,2024,21396,2024-06-30,revised,abs-erp-2024-25,Table 1!AH1088
213051464,2025,21797,2025-06-30,preliminary,abs-erp-2024-25,Table 1!AI1088
213051466,2020,19372,2020-06-30,final,abs-erp-2024-25,Table 1!AD1089
213051466,2021,19384,2021-06-30,final,abs-erp-2024-25,Table 1!AE1089
213051466,2022,19610,2022-06-30,revised,abs-erp-2024-25,Table 1!AF1089
213051466,2023,20167,2023-06-30,revised,abs-erp-2024-25,Table 1!AG1089
213051466,2024,20490,2024-06-30,revised,abs-erp-2024-25,Table 1!AH1089
213051466,2025,20835,2025-06-30,preliminary,abs-erp-2024-25,Table 1!AI1089
213051467,2020,20186,2020-06-30,final,abs-erp-2024-25,Table 1!AD1090
213051467,2021,19235,2021-06-30,final,abs-erp-2024-25,Table 1!AE1090
213051467,2022,18765,2022-06-30,revised,abs-erp-2024-25,Table 1!AF1090
213051467,2023,18910,2023-06-30,revised,abs-erp-2024-25,Table 1!AG1090
213051467,2024,19040,2024-06-30,revised,abs-erp-2024-25,Table 1!AH1090
213051467,2025,19205,2025-06-30,preliminary,abs-erp-2024-25,Table 1!AI1090
213051468,2020,20235,2020-06-30,final,abs-erp-2024-25,Table 1!AD1091
213051468,2021,22692,2021-06-30,final,abs-erp-2024-25,Table 1!AE1091
213051468,2022,25434,2022-06-30,revised,abs-erp-2024-25,Table 1!AF1091
213051468,2023,28022,2023-06-30,revised,abs-erp-2024-25,Table 1!AG1091
213051468,2024,30413,2024-06-30,revised,abs-erp-2024-25,Table 1!AH1091
213051468,2025,32943,2025-06-30,preliminary,abs-erp-2024-25,Table 1!AI1091
213051579,2020,10023,2020-06-30,final,abs-erp-2024-25,Table 1!AD1092
213051579,2021,10791,2021-06-30,final,abs-erp-2024-25,Table 1!AE1092
213051579,2022,11395,2022-06-30,revised,abs-erp-2024-25,Table 1!AF1092
213051579,2023,11954,2023-06-30,revised,abs-erp-2024-25,Table 1!AG1092
213051579,2024,12519,2024-06-30,revised,abs-erp-2024-25,Table 1!AH1092
213051579,2025,13667,2025-06-30,preliminary,abs-erp-2024-25,Table 1!AI1092
213051580,2020,14973,2020-06-30,final,abs-erp-2024-25,Table 1!AD1093
213051580,2021,14324,2021-06-30,final,abs-erp-2024-25,Table 1!AE1093
213051580,2022,14272,2022-06-30,revised,abs-erp-2024-25,Table 1!AF1093
213051580,2023,14647,2023-06-30,revised,abs-erp-2024-25,Table 1!AG1093
213051580,2024,14749,2024-06-30,revised,abs-erp-2024-25,Table 1!AH1093
213051580,2025,14746,2025-06-30,preliminary,abs-erp-2024-25,Table 1!AI1093
213051581,2020,9798,2020-06-30,final,abs-erp-2024-25,Table 1!AD1094
213051581,2021,9689,2021-06-30,final,abs-erp-2024-25,Table 1!AE1094
213051581,2022,9724,2022-06-30,revised,abs-erp-2024-25,Table 1!AF1094
213051581,2023,9958,2023-06-30,revised,abs-erp-2024-25,Table 1!AG1094
213051581,2024,10107,2024-06-30,revised,abs-erp-2024-25,Table 1!AH1094
213051581,2025,10151,2025-06-30,preliminary,abs-erp-2024-25,Table 1!AI1094
213051582,2020,7364,2020-06-30,final,abs-erp-2024-25,Table 1!AD1095
213051582,2021,10316,2021-06-30,final,abs-erp-2024-25,Table 1!AE1095
213051582,2022,13015,2022-06-30,revised,abs-erp-2024-25,Table 1!AF1095
213051582,2023,15199,2023-06-30,revised,abs-erp-2024-25,Table 1!AG1095
213051582,2024,17068,2024-06-30,revised,abs-erp-2024-25,Table 1!AH1095
213051582,2025,19169,2025-06-30,preliminary,abs-erp-2024-25,Table 1!AI1095
213051583,2020,28306,2020-06-30,final,abs-erp-2024-25,Table 1!AD1096
213051583,2021,28594,2021-06-30,final,abs-erp-2024-25,Table 1!AE1096
213051583,2022,28649,2022-06-30,revised,abs-erp-2024-25,Table 1!AF1096
213051583,2023,29230,2023-06-30,revised,abs-erp-2024-25,Table 1!AG1096
213051583,2024,29337,2024-06-30,revised,abs-erp-2024-25,Table 1!AH1096
213051583,2025,29246,2025-06-30,preliminary,abs-erp-2024-25,Table 1!AI1096
213051584,2020,5655,2020-06-30,final,abs-erp-2024-25,Table 1!AD1097
213051584,2021,7340,2021-06-30,final,abs-erp-2024-25,Table 1!AE1097
213051584,2022,9368,2022-06-30,revised,abs-erp-2024-25,Table 1!AF1097
213051584,2023,11142,2023-06-30,revised,abs-erp-2024-25,Table 1!AG1097
213051584,2024,13406,2024-06-30,revised,abs-erp-2024-25,Table 1!AH1097
213051584,2025,15880,2025-06-30,preliminary,abs-erp-2024-25,Table 1!AI1097
213051585,2020,11515,2020-06-30,final,abs-erp-2024-25,Table 1!AD1098
213051585,2021,11312,2021-06-30,final,abs-erp-2024-25,Table 1!AE1098
213051585,2022,11368,2022-06-30,revised,abs-erp-2024-25,Table 1!AF1098
213051585,2023,11578,2023-06-30,revised,abs-erp-2024-25,Table 1!AG1098
213051585,2024,11637,2024-06-30,revised,abs-erp-2024-25,Table 1!AH1098
213051585,2025,11864,2025-06-30,preliminary,abs-erp-2024-25,Table 1!AI1098
213051586,2020,7904,2020-06-30,final,abs-erp-2024-25,Table 1!AD1099
213051586,2021,9548,2021-06-30,final,abs-erp-2024-25,Table 1!AE1099
213051586,2022,11538,2022-06-30,revised,abs-erp-2024-25,Table 1!AF1099
213051586,2023,12957,2023-06-30,revised,abs-erp-2024-25,Table 1!AG1099
213051586,2024,14210,2024-06-30,revised,abs-erp-2024-25,Table 1!AH1099
213051586,2025,15384,2025-06-30,preliminary,abs-erp-2024-25,Table 1!AI1099
213051587,2020,9090,2020-06-30,final,abs-erp-2024-25,Table 1!AD1100
213051587,2021,9761,2021-06-30,final,abs-erp-2024-25,Table 1!AE1100
213051587,2022,9994,2022-06-30,revised,abs-erp-2024-25,Table 1!AF1100
213051587,2023,10399,2023-06-30,revised,abs-erp-2024-25,Table 1!AG1100
213051587,2024,10633,2024-06-30,revised,abs-erp-2024-25,Table 1!AH1100
213051587,2025,10846,2025-06-30,preliminary,abs-erp-2024-25,Table 1!AI1100
213051588,2020,19407,2020-06-30,final,abs-erp-2024-25,Table 1!AD1101
213051588,2021,19389,2021-06-30,final,abs-erp-2024-25,Table 1!AE1101
213051588,2022,19472,2022-06-30,revised,abs-erp-2024-25,Table 1!AF1101
213051588,2023,19868,2023-06-30,revised,abs-erp-2024-25,Table 1!AG1101
213051588,2024,20259,2024-06-30,revised,abs-erp-2024-25,Table 1!AH1101
213051588,2025,20395,2025-06-30,preliminary,abs-erp-2024-25,Table 1!AI1101
213051589,2020,7852,2020-06-30,final,abs-erp-2024-25,Table 1!AD1102
213051589,2021,9176,2021-06-30,final,abs-erp-2024-25,Table 1!AE1102
213051589,2022,10654,2022-06-30,revised,abs-erp-2024-25,Table 1!AF1102
213051589,2023,11820,2023-06-30,revised,abs-erp-2024-25,Table 1!AG1102
213051589,2024,13052,2024-06-30,revised,abs-erp-2024-25,Table 1!AH1102
213051589,2025,14515,2025-06-30,preliminary,abs-erp-2024-25,Table 1!AI1102
213051590,2020,13913,2020-06-30,final,abs-erp-2024-25,Table 1!AD1103
213051590,2021,13704,2021-06-30,final,abs-erp-2024-25,Table 1!AE1103
213051590,2022,13692,2022-06-30,revised,abs-erp-2024-25,Table 1!AF1103
213051590,2023,13850,2023-06-30,revised,abs-erp-2024-25,Table 1!AG1103
213051590,2024,14106,2024-06-30,revised,abs-erp-2024-25,Table 1!AH1103
213051590,2025,14135,2025-06-30,preliminary,abs-erp-2024-25,Table 1!AI1103
214011370,2020,22391,2020-06-30,final,abs-erp-2024-25,Table 1!AD1104
214011370,2021,22264,2021-06-30,final,abs-erp-2024-25,Table 1!AE1104
214011370,2022,22386,2022-06-30,revised,abs-erp-2024-25,Table 1!AF1104
214011370,2023,22858,2023-06-30,revised,abs-erp-2024-25,Table 1!AG1104
214011370,2024,23286,2024-06-30,revised,abs-erp-2024-25,Table 1!AH1104
214011370,2025,23464,2025-06-30,preliminary,abs-erp-2024-25,Table 1!AI1104
214011371,2020,24264,2020-06-30,final,abs-erp-2024-25,Table 1!AD1105
214011371,2021,23909,2021-06-30,final,abs-erp-2024-25,Table 1!AE1105
214011371,2022,23809,2022-06-30,revised,abs-erp-2024-25,Table 1!AF1105
214011371,2023,24132,2023-06-30,revised,abs-erp-2024-25,Table 1!AG1105
214011371,2024,24736,2024-06-30,revised,abs-erp-2024-25,Table 1!AH1105
214011371,2025,25043,2025-06-30,preliminary,abs-erp-2024-25,Table 1!AI1105
214011372,2020,19973,2020-06-30,final,abs-erp-2024-25,Table 1!AD1106
214011372,2021,19666,2021-06-30,final,abs-erp-2024-25,Table 1!AE1106
214011372,2022,19587,2022-06-30,revised,abs-erp-2024-25,Table 1!AF1106
214011372,2023,19730,2023-06-30,revised,abs-erp-2024-25,Table 1!AG1106
214011372,2024,19791,2024-06-30,revised,abs-erp-2024-25,Table 1!AH1106
214011372,2025,19794,2025-06-30,preliminary,abs-erp-2024-25,Table 1!AI1106
214011373,2020,19182,2020-06-30,final,abs-erp-2024-25,Table 1!AD1107
214011373,2021,18948,2021-06-30,final,abs-erp-2024-25,Table 1!AE1107
214011373,2022,18985,2022-06-30,revised,abs-erp-2024-25,Table 1!AF1107
214011373,2023,19139,2023-06-30,revised,abs-erp-2024-25,Table 1!AG1107
214011373,2024,19184,2024-06-30,revised,abs-erp-2024-25,Table 1!AH1107
214011373,2025,19374,2025-06-30,preliminary,abs-erp-2024-25,Table 1!AI1107
214011374,2020,25259,2020-06-30,final,abs-erp-2024-25,Table 1!AD1108
214011374,2021,25252,2021-06-30,final,abs-erp-2024-25,Table 1!AE1108
214011374,2022,25337,2022-06-30,revised,abs-erp-2024-25,Table 1!AF1108
214011374,2023,25531,2023-06-30,revised,abs-erp-2024-25,Table 1!AG1108
214011374,2024,25697,2024-06-30,revised,abs-erp-2024-25,Table 1!AH1108
214011374,2025,25788,2025-06-30,preliminary,abs-erp-2024-25,Table 1!AI1108
214011375,2020,17443,2020-06-30,final,abs-erp-2024-25,Table 1!AD1109
214011375,2021,17362,2021-06-30,final,abs-erp-2024-25,Table 1!AE1109
214011375,2022,17465,2022-06-30,revised,abs-erp-2024-25,Table 1!AF1109
214011375,2023,17731,2023-06-30,revised,abs-erp-2024-25,Table 1!AG1109
214011375,2024,18024,2024-06-30,revised,abs-erp-2024-25,Table 1!AH1109
214011375,2025,18305,2025-06-30,preliminary,abs-erp-2024-25,Table 1!AI1109
214011376,2020,13679,2020-06-30,final,abs-erp-2024-25,Table 1!AD1110
214011376,2021,13423,2021-06-30,final,abs-erp-2024-25,Table 1!AE1110
214011376,2022,13459,2022-06-30,revised,abs-erp-2024-25,Table 1!AF1110
214011376,2023,13506,2023-06-30,revised,abs-erp-2024-25,Table 1!AG1110
214011376,2024,13573,2024-06-30,revised,abs-erp-2024-25,Table 1!AH1110
214011376,2025,13601,2025-06-30,preliminary,abs-erp-2024-25,Table 1!AI1110
214021377,2020,13175,2020-06-30,final,abs-erp-2024-25,Table 1!AD1111
214021377,2021,13469,2021-06-30,final,abs-erp-2024-25,Table 1!AE1111
214021377,2022,13560,2022-06-30,revised,abs-erp-2024-25,Table 1!AF1111
214021377,2023,13560,2023-06-30,revised,abs-erp-2024-25,Table 1!AG1111
214021377,2024,13756,2024-06-30,revised,abs-erp-2024-25,Table 1!AH1111
214021377,2025,13925,2025-06-30,preliminary,abs-erp-2024-25,Table 1!AI1111
214021378,2020,5957,2020-06-30,final,abs-erp-2024-25,Table 1!AD1112
214021378,2021,6024,2021-06-30,final,abs-erp-2024-25,Table 1!AE1112
214021378,2022,6026,2022-06-30,revised,abs-erp-2024-25,Table 1!AF1112
214021378,2023,5989,2023-06-30,revised,abs-erp-2024-25,Table 1!AG1112
214021378,2024,6030,2024-06-30,revised,abs-erp-2024-25,Table 1!AH1112
214021378,2025,6064,2025-06-30,preliminary,abs-erp-2024-25,Table 1!AI1112
214021379,2020,24194,2020-06-30,final,abs-erp-2024-25,Table 1!AD1113
214021379,2021,24245,2021-06-30,final,abs-erp-2024-25,Table 1!AE1113
214021379,2022,24029,2022-06-30,revised,abs-erp-2024-25,Table 1!AF1113
214021379,2023,23856,2023-06-30,revised,abs-erp-2024-25,Table 1!AG1113
214021379,2024,23769,2024-06-30,revised,abs-erp-2024-25,Table 1!AH1113
214021379,2025,23795,2025-06-30,preliminary,abs-erp-2024-25,Table 1!AI1113
214021381,2020,19139,2020-06-30,final,abs-erp-2024-25,Table 1!AD1114
214021381,2021,18924,2021-06-30,final,abs-erp-2024-25,Table 1!AE1114
214021381,2022,18779,2022-06-30,revised,abs-erp-2024-25,Table 1!AF1114
214021381,2023,18871,2023-06-30,revised,abs-erp-2024-25,Table 1!AG1114
214021381,2024,18982,2024-06-30,revised,abs-erp-2024-25,Table 1!AH1114
214021381,2025,19110,2025-06-30,preliminary,abs-erp-2024-25,Table 1!AI1114
214021382,2020,20076,2020-06-30,final,abs-erp-2024-25,Table 1!AD1115
214021382,2021,20026,2021-06-30,final,abs-erp-2024-25,Table 1!AE1115
214021382,2022,19960,2022-06-30,revised,abs-erp-2024-25,Table 1!AF1115
214021382,2023,20057,2023-06-30,revised,abs-erp-2024-25,Table 1!AG1115
214021382,2024,20116,2024-06-30,revised,abs-erp-2024-25,Table 1!AH1115
214021382,2025,20161,2025-06-30,preliminary,abs-erp-2024-25,Table 1!AI1115
214021383,2020,19649,2020-06-30,final,abs-erp-2024-25,Table 1!AD1116
214021383,2021,20000,2021-06-30,final,abs-erp-2024-25,Table 1!AE1116
214021383,2022,19931,2022-06-30,revised,abs-erp-2024-25,Table 1!AF1116
214021383,2023,19927,2023-06-30,revised,abs-erp-2024-25,Table 1!AG1116
214021383,2024,20222,2024-06-30,revised,abs-erp-2024-25,Table 1!AH1116
214021383,2025,20574,2025-06-30,preliminary,abs-erp-2024-25,Table 1!AI1116
214021384,2020,22938,2020-06-30,final,abs-erp-2024-25,Table 1!AD1117
214021384,2021,23149,2021-06-30,final,abs-erp-2024-25,Table 1!AE1117
214021384,2022,22957,2022-06-30,revised,abs-erp-2024-25,Table 1!AF1117
214021384,2023,23068,2023-06-30,revised,abs-erp-2024-25,Table 1!AG1117
214021384,2024,23205,2024-06-30,revised,abs-erp-2024-25,Table 1!AH1117
214021384,2025,23508,2025-06-30,preliminary,abs-erp-2024-25,Table 1!AI1117
214021385,2020,18795,2020-06-30,final,abs-erp-2024-25,Table 1!AD1118
214021385,2021,18693,2021-06-30,final,abs-erp-2024-25,Table 1!AE1118
214021385,2022,18596,2022-06-30,revised,abs-erp-2024-25,Table 1!AF1118
214021385,2023,18776,2023-06-30,revised,abs-erp-2024-25,Table 1!AG1118
214021385,2024,18921,2024-06-30,revised,abs-erp-2024-25,Table 1!AH1118
214021385,2025,19098,2025-06-30,preliminary,abs-erp-2024-25,Table 1!AI1118
214021591,2020,15544,2020-06-30,final,abs-erp-2024-25,Table 1!AD1119
214021591,2021,15272,2021-06-30,final,abs-erp-2024-25,Table 1!AE1119
214021591,2022,15074,2022-06-30,revised,abs-erp-2024-25,Table 1!AF1119
214021591,2023,15041,2023-06-30,revised,abs-erp-2024-25,Table 1!AG1119
214021591,2024,15062,2024-06-30,revised,abs-erp-2024-25,Table 1!AH1119
214021591,2025,15082,2025-06-30,preliminary,abs-erp-2024-25,Table 1!AI1119
214021592,2020,10719,2020-06-30,final,abs-erp-2024-25,Table 1!AD1120
214021592,2021,10638,2021-06-30,final,abs-erp-2024-25,Table 1!AE1120
214021592,2022,10621,2022-06-30,revised,abs-erp-2024-25,Table 1!AF1120
214021592,2023,10746,2023-06-30,revised,abs-erp-2024-25,Table 1!AG1120
214021592,2024,10794,2024-06-30,revised,abs-erp-2024-25,Table 1!AH1120
214021592,2025,10900,2025-06-30,preliminary,abs-erp-2024-25,Table 1!AI1120
